시작 시간,start_sec,종료 시간,end_sec,화자,내용,live_id
00:02:54,174.03,00:02:55,175.19,UNKNOWN,던파라방 같이 보기입니다,18993627
00:02:55,175.19,00:02:58,178.47,UNKNOWN,무슨 결과가 기다리고 있을지 모르겠지만,
00:02:58,178.47,00:03:25,205.6,UNKNOWN,저도 어떻게 될지 영 모르겠는데요,
00:03:25,205.6,00:04:01,241.33,UNKNOWN,온라인도 끝나맞네요,
00:04:01,241.33,00:04:03,243.83,UNKNOWN,오늘 던파 라이브,
00:04:03,243.83,00:04:09,249.22,UNKNOWN,디렉터님께서 라이브를 하십니다,
00:04:09,249.22,00:04:15,255.67,UNKNOWN,오늘 밖에 비가 많이 오네요,
00:04:15,255.67,00:04:17,257.77,UNKNOWN,불안하게,
00:04:17,257.77,00:04:20,260.73,UNKNOWN,내 폰 어디갔지?,
00:04:22,262.48,00:04:23,263.22,UNKNOWN,하이 미스비,
00:04:23,263.22,00:04:53,293.44,UNKNOWN,리허설 다녀온거냐고요?,
00:04:53,293.44,00:04:54,294.94,UNKNOWN,아니요 이제 가야돼요,
00:04:54,294.94,00:04:56,296.74,UNKNOWN,라이브 보고 바로 방송합니다,
00:04:56,296.74,00:05:14,314.73,UNKNOWN,어떤 이야기 해줄거 같냐고?,
00:05:15,315.89,00:05:18,318.95,UNKNOWN,이제 곧 퍼서브에 올라올 업데이트에 대해서 얘기하겠죠?,
00:05:19,319.97,00:05:22,322.95,UNKNOWN,그리고 현 상황에 대해서나 문제점에 대해서나 등등,
00:05:22,322.95,00:05:33,333.22,UNKNOWN,뭐 알고 있는거 있냐고요?,
00:05:36,336.27,00:05:36,336.89,UNKNOWN,글쎄요,
00:05:36,336.89,00:05:38,338.89,UNKNOWN,전 아무것도 모릅니다,
00:05:38,338.89,00:05:53,353.42,UNKNOWN,아는게 뭐냐고? 모른다니까?,
00:06:10,370.14,00:06:11,371.34,UNKNOWN,엠버서더 왜 하냐고?,
00:06:11,371.46,00:06:12,372.84,UNKNOWN,아니 그게 엠버서더니까,
00:06:12,372.84,00:06:15,375.14,UNKNOWN,지킬건 지켜야지 않겠습니까?,
00:06:15,375.42,00:06:29,389.54,UNKNOWN,웃고 있는거 보니까 개쩌는거 온다는 메시지 받은듯?,
00:06:30,390.42,00:06:30,390.74,UNKNOWN,그거야?,
00:06:30,390.76,00:06:31,391.74,UNKNOWN,과연 그럴까?,
00:06:46,406.37,00:06:48,408.53,UNKNOWN,원래 라이브 방송때는 도네를 꺼놓습니다,
00:06:48,408.53,00:06:50,410.29,UNKNOWN,말이 엉키잖아요,
00:06:50,410.29,00:06:53,413.74,UNKNOWN,자 8분 남았습니다,
00:06:53,413.74,00:06:54,414.32,UNKNOWN,뭐 뭐,
00:06:54,414.32,00:07:01,421.01,UNKNOWN,뭐 드롭스가 있어 원래?,
00:07:01,421.71,00:07:02,422.01,UNKNOWN,아,
00:07:02,422.01,00:07:04,424.67,UNKNOWN,앤커넥트 런칭 기념,
00:07:04,424.67,00:07:07,427.21,UNKNOWN,드롭스 켜드릴게요,
00:07:07,427.21,00:07:33,453.13,UNKNOWN,이번 라방 지렸다,
00:07:33,453.13,00:07:34,454.29,UNKNOWN,그냥 대극신종민?,
00:07:34,454.51,00:07:35,455.67,UNKNOWN,저사람 이래서 왔나봐,
00:07:35,455.67,00:07:48,468.67,UNKNOWN,아니면 다른 세계선일수도 있죠,
00:07:48,468.67,00:07:52,472.09,UNKNOWN,자 7분 남았습니다,
00:07:52,472.09,00:08:01,481.29,UNKNOWN,누군가는 환영할수도,
00:08:01,481.29,00:08:02,482.63,UNKNOWN,누군가는 정말,
00:08:02,482.63,00:08:04,484.51,UNKNOWN,실망하고 떠날수도 있는,
00:08:04,484.51,00:08:06,486.59,UNKNOWN,그런 시간이라고 생각합니다,
00:08:06,486.59,00:08:11,491.46,UNKNOWN,영상보니까 진짜 적은거나 다름없던데?,
00:08:11,491.56,00:08:12,492.34,UNKNOWN,뭔소리야 씨발,
00:08:12,492.34,00:08:13,493.92,UNKNOWN,직업랭킹 6위야,
00:08:13,493.92,00:08:15,495.06,UNKNOWN,존마나 새끼야,
00:08:15,495.06,00:08:23,503.91,UNKNOWN,뭐 얼마나 더 해야되는데,
00:08:23,503.91,00:08:38,518.47,UNKNOWN,황금서약 해야지?,
00:08:38,518.79,00:08:40,520.89,UNKNOWN,아니 야이 자식아 황금서약이 나와야지,
00:08:40,520.89,00:08:42,522.41,UNKNOWN,황금서약을 할거 아니야,
00:08:42,522.41,00:09:10,550.68,UNKNOWN,감사합니다,
00:09:10,550.68,00:09:20,560.76,UNKNOWN,자 단 5분 남았습니다,
00:09:20,560.76,00:09:49,589.36,UNKNOWN,아 존나,
00:09:49,589.36,00:09:51,591.5,UNKNOWN,걱정 반 기대 반,
00:09:51,591.5,00:09:53,593.9,UNKNOWN,아니다 걱정 100% 기대 100%,
00:09:54,594.36,00:10:27,627.7,UNKNOWN,자 4분 남았어요,
00:10:27,627.7,00:10:47,647.3,UNKNOWN,과연 어떻게 될것인가,
00:10:47,647.3,00:11:00,660.83,UNKNOWN,저쪽 채팅에 명성이 뜬다구요?,
00:11:04,664.35,00:11:05,665.23,UNKNOWN,레알이네?,
00:11:10,670.94,00:11:20,680.24,UNKNOWN,하하하하하하,
00:11:20,680.24,00:11:22,682.1,UNKNOWN,나 12만 6043이네요,
00:11:22,682.1,00:11:27,687.23,UNKNOWN,레알 10컷,
00:11:27,687.23,00:11:28,688.45,UNKNOWN,그냥 진짜,
00:11:28,688.45,00:11:31,691.55,UNKNOWN,던파가 망하면 안되는 사람들끼리만 모였잖아,
00:11:31,691.55,00:11:57,717.44,UNKNOWN,3분 남았습니다,
00:11:57,717.44,00:12:15,735.25,UNKNOWN,명성컷,
00:12:15,735.25,00:12:16,736.49,UNKNOWN,13만 되려면,
00:12:16,736.49,00:12:19,739.13,UNKNOWN,그냥 풀세트로는 안될거 같은데,
00:12:19,739.13,00:12:21,741.65,UNKNOWN,54진정도 되야되나?,
00:12:28,748.7,00:12:29,749.2,UNKNOWN,8시 1분,
00:12:29,749.22,00:12:38,758.49,UNKNOWN,720키라고?,
00:12:38,758.49,00:12:47,767.17,UNKNOWN,됐습니다,
00:12:47,767.17,00:12:48,768.35,UNKNOWN,2분 남았다,
00:12:48,768.35,00:13:03,783.95,UNKNOWN,야호,
00:13:03,783.95,00:13:07,787.87,UNKNOWN,"내가 올 12,13중 줄줄에다가",
00:13:07,787.87,00:13:20,800.23,UNKNOWN,밀장비도 다 했는데도 12만 6000인데,
00:13:20,800.23,00:13:48,828.4,UNKNOWN,마부작도 다 종결이에요,
00:13:48,828.4,00:13:49,829.54,UNKNOWN,1분,
00:13:49,829.54,00:13:51,831.72,UNKNOWN,1분,
00:13:51,831.72,00:14:14,854.12,UNKNOWN,종말까지 1분,
00:14:14,854.12,00:14:50,890.31,UNKNOWN,30초,
00:14:50,890.31,00:14:52,892.63,UNKNOWN,기타,
00:14:52,892.63,00:14:55,895.39,UNKNOWN,안녕하세요 보험관님,
00:14:55,895.39,00:14:56,896.75,UNKNOWN,던전앤파이터 디렉터 박세훈입니다,
00:14:56,896.75,00:14:57,897.23,UNKNOWN,던전앤파이터 디렉터 박세훈입니다,
00:14:57,897.23,00:14:58,898.27,UNKNOWN,던전앤파이터 디렉터 박세훈입니다,
00:14:58,898.27,00:15:00,900.39,UNKNOWN,지난 3월 던파론 이후에,
00:15:00,900.39,00:15:04,904.57,UNKNOWN,정말 오랜만에 다시 모험가 여러분들한테 서게 되었습니다,
00:15:04,904.57,00:15:08,908.85,UNKNOWN,지금 채팅에 많은 분들께서 참여를 해주셨는데요,
00:15:08,908.85,00:15:10,910.51,UNKNOWN,먹방이냐 뭐 이렇게 물어보시는데,
00:15:10,910.51,00:15:12,912.55,UNKNOWN,어 채팅이 굉장히 빠르게 올라가네요,
00:15:12,912.55,00:15:15,915.59,UNKNOWN,국님 번역수님,
00:15:15,915.59,00:15:16,916.63,UNKNOWN,소리가 안 들린다고요?,
00:15:16,916.63,00:15:17,917.45,UNKNOWN,나 잘 들리는데,
00:15:17,917.45,00:15:19,919.23,UNKNOWN,네 끝님,
00:15:19,919.23,00:15:20,920.85,UNKNOWN,은하님 명장님,
00:15:20,920.85,00:15:21,921.93,UNKNOWN,벨라님,
00:15:21,921.93,00:15:25,925.45,UNKNOWN,굉장히 많은 분들께서 지금 채팅에 참여하시면서,
00:15:25,925.45,00:15:25,925.97,UNKNOWN,네 채팅을 올려주시고 계십니다. 어 조금 안 들린다고요? 나 잘 들리는데?,
00:15:25,925.97,00:15:27,927.21,UNKNOWN,채팅을 올려주시고 계십니다. 어 조금 안 들린다고요? 나 잘 들리는데?,
00:15:27,927.21,00:15:29,929.13,UNKNOWN,조금 더 빨라진 것 같습니다,
00:15:29,929.13,00:15:29,929.61,UNKNOWN,자령님,
00:15:29,929.61,00:15:30,930.81,UNKNOWN,텍토리님,
00:15:30,930.81,00:15:32,932.81,UNKNOWN,플로빅님,
00:15:32,932.81,00:15:34,934.93,UNKNOWN,네,
00:15:34,934.93,00:15:37,937.51,UNKNOWN,어 더 빨라져가지고 제가 읽기가 좀 힘든데,
00:15:37,937.51,00:15:41,941.56,UNKNOWN,쏘이프레시님,
00:15:41,941.56,00:15:43,943.12,UNKNOWN,어 네,
00:15:43,943.12,00:15:47,947.06,UNKNOWN,오 편집자님 너무 강한 말 쓰지 마세요,
00:15:47,947.06,00:15:47,947.4,UNKNOWN,지금,
00:15:47,947.4,00:15:48,948.62,UNKNOWN,채통을 지키세요,
00:15:48,948.62,00:15:50,950.0,UNKNOWN,반갑습니다 여러분,
00:15:50,950.0,00:15:51,951.64,UNKNOWN,한 가지 말씀드릴 게 있는데요,
00:15:51,951.64,00:15:55,955.48,UNKNOWN,지금 채팅창 들어오시게 되면 제일 위에 써있는 문구이기도 한데요,
00:15:55,955.48,00:15:57,957.94,UNKNOWN,넥슨 라이브가 이제 저희 처음 진행해 보는데,
00:15:58,958.28,00:15:59,959.96,UNKNOWN,채팅방이 여러 개가 있고,
00:15:59,959.96,00:16:04,964.8,UNKNOWN,입장하시면 적정 인원으로 채팅방이 분배되고 메시지가 분배된다고 하더라고요,
00:16:04,964.8,00:16:08,968.08,UNKNOWN,그래서 아마 다른 채팅방에 쓴 채팅들이,
00:16:08,968.08,00:16:12,972.12,UNKNOWN,지금 현재 모험가님이 계신 채팅창에서는 안 보이실 수도 있는데요,
00:16:12,972.12,00:16:16,976.72,UNKNOWN,저는 지금 오브날로 해가지고 모든 채팅방의 채팅들을 다 보고 있고,
00:16:16,976.72,00:16:19,979.08,UNKNOWN,저희 개발진도 그렇게 하고 있으니까요,
00:16:19,979.08,00:16:22,982.2,UNKNOWN,이 부분은 참고해 주시면 좋을 것 같습니다,
00:16:22,982.2,00:16:23,983.94,UNKNOWN,네 귀신사무기님,
00:16:23,983.94,00:16:25,985.6,UNKNOWN,여의나루토님,
00:16:25,985.6,00:16:27,987.24,UNKNOWN,히스마님,
00:16:27,987.24,00:16:28,988.24,UNKNOWN,네,
00:16:28,988.28,00:16:29,989.1,UNKNOWN,토키님,
00:16:29,989.1,00:16:29,989.6,UNKNOWN,마녀님,
00:16:29,989.6,00:16:30,990.34,UNKNOWN,로빈살마님,
00:16:30,990.34,00:16:33,993.72,UNKNOWN,네 열심히 지금 채팅 올려주시는 것들을 보고 있습니다,
00:16:33,993.72,00:16:36,996.94,UNKNOWN,네 이제 진행하라고 하시니까 진행하겠습니다,
00:16:36,996.94,00:16:40,1000.28,UNKNOWN,네 오늘 넥슨 라이브로 진행된 이 자리는,
00:16:40,1000.28,00:16:44,1004.44,UNKNOWN,처음 계획과는 조금 다른 모습으로 준비하게 되었습니다,
00:16:44,1004.44,00:16:48,1008.28,UNKNOWN,기존에 진행하던 방송이나 캐릭터 소개 방식에서 좀 벗어나서,
00:16:48,1008.28,00:16:52,1012.42,UNKNOWN,퍼스트 서버를 바로 앞두고 모험가 여러분들과 이야기를 나누면서,
00:16:52,1012.42,00:16:56,1016.12,UNKNOWN,방송 끝나면 바로 퍼스트 서버 업데이트와 공지 플레이도,
00:16:56,1016.12,00:16:58,1018.12,UNKNOWN,아니 공지와 플레이도 이어서,
00:16:58,1018.12,00:17:00,1020.46,UNKNOWN,해보실 수 있도록 구성을 했고요,
00:17:00,1020.46,00:17:02,1022.28,UNKNOWN,그리고 오늘은 아직 공개되지 않은,
00:17:02,1022.28,00:17:06,1026.1,UNKNOWN,비공개 디렉트노트도 한번 준비를 해와봤습니다,
00:17:06,1026.1,00:17:08,1028.52,UNKNOWN,이 내용을 방송에서 처음 공개를 해 드리면서,
00:17:08,1028.52,00:17:12,1032.88,UNKNOWN,같이 읽고 같이 얘기 나누는 형태로 구성을 해 봤고요,
00:17:12,1032.88,00:17:17,1037.68,UNKNOWN,네 지금 왜 2시로 했냐라는 얘기들 많이 얘기해 주시는데요,
00:17:17,1037.68,00:17:19,1039.52,UNKNOWN,아까 채팅에서 많이 올려주셨는데,
00:17:19,1039.52,00:17:21,1041.22,UNKNOWN,욕먹기 싫어서 2시로 했다,
00:17:21,1041.22,00:17:22,1042.82,UNKNOWN,이렇게 얘기해 주셨는데,
00:17:22,1042.82,00:17:27,1047.42,UNKNOWN,뭐 2시로 하나 몇 시로 하나 얘기해 주시는 거는 비슷하다고 생각합니다,
00:17:27,1047.42,00:17:30,1050.2,UNKNOWN,이미 아까 많이 주셔서 잘 봤고요,
00:17:30,1050.2,00:17:31,1051.96,UNKNOWN,많이 반성하고 있습니다,
00:17:31,1051.96,00:17:34,1054.7,UNKNOWN,그래서 2시로 진행한 건 아니고요,
00:17:34,1054.7,00:17:38,1058.48,UNKNOWN,사실은 저희 퍼스트 서버가 3시에 오픈이 되니까,
00:17:38,1058.48,00:17:39,1059.94,UNKNOWN,3시에 오픈이 될 때까지,
00:17:39,1059.94,00:17:43,1063.42,UNKNOWN,제가 퍼스트 서버에 대한 내용들을 미리 소개를 한번 드리고,
00:17:43,1063.42,00:17:45,1065.64,UNKNOWN,퍼스트 서버로 바로 플레이를 이어가는,
00:17:45,1065.64,00:17:49,1069.88,UNKNOWN,그런 소통 시도도 한번 해 보고자 생각을 했고요,
00:17:49,1069.88,00:17:53,1073.58,UNKNOWN,그래서 좀 준비했다고 봐주시면 좋을 것 같습니다,
00:17:53,1073.58,00:17:56,1076.5,UNKNOWN,이게 사실 소통에 대해서 많은 피드백들 주셨고,
00:17:56,1076.5,00:17:57,1077.42,UNKNOWN,저도 가상화폐가 좀 많이 나왔는데,
00:17:57,1077.42,00:18:00,1080.08,UNKNOWN,좀 더 나은 소통들을 더 해봐야 되지 않을까,
00:18:00,1080.08,00:18:03,1083.42,UNKNOWN,계속 통보 이렇게 하지 않고 해봐야 되지 않을까 해서,
00:18:03,1083.42,00:18:05,1085.1,UNKNOWN,넥슨 라이브도 도입해보고,
00:18:05,1085.1,00:18:08,1088.22,UNKNOWN,이런 다른 시간대에 퍼스업 직전에,
00:18:08,1088.22,00:18:11,1091.34,UNKNOWN,디렉터 노트도 읽으면서 얘기도 한번 해보려고,
00:18:11,1091.34,00:18:12,1092.94,UNKNOWN,시도를 한번 해봤고요.,
00:18:13,1093.46,00:18:16,1096.2,UNKNOWN,앞으로 계속 2시에 진행을 하겠다 이런 건 절대 아닙니다.,
00:18:16,1096.32,00:18:19,1099.7,UNKNOWN,오늘 진행해보고 여러분들 피드백 주시는 거 보면서,
00:18:19,1099.7,00:18:24,1104.28,UNKNOWN,그 내용들을 가지고 앞으로 더 개선되는,
00:18:24,1104.28,00:18:26,1106.66,UNKNOWN,그런 소통들을 해나가도록 하겠습니다.,
00:18:26,1106.66,00:18:30,1110.38,UNKNOWN,2시가 무슨 초식이냐 하시는데 계속 이런 초식으로 할 건 아닙니다.,
00:18:30,1110.5,00:18:31,1111.34,UNKNOWN,염려하지 마시고요.,
00:18:31,1111.82,00:18:34,1114.84,UNKNOWN,한번 진행해보고 많은 피드백 부탁드리도록 하겠습니다.,
00:18:36,1116.22,00:18:38,1118.66,UNKNOWN,아무래도 처음 시도해보는 형식이다 보니까,
00:18:38,1118.66,00:18:40,1120.38,UNKNOWN,저도 좀 어색하기도 하고요.,
00:18:40,1120.5,00:18:44,1124.42,UNKNOWN,저는 아직 이 채팅의 속도를 따라가지 못하고 있는 상황이긴 합니다.,
00:18:44,1124.56,00:18:45,1125.84,UNKNOWN,그래도 최선을 다해보고,
00:18:45,1125.84,00:18:49,1129.64,UNKNOWN,또 미흡했던 지난 방송들을 돌이켜보면서,
00:18:49,1129.64,00:18:52,1132.32,UNKNOWN,긴장도 많이 되지만 열심히 한번 진행해보겠습니다.,
00:18:53,1133.22,00:18:55,1135.9,UNKNOWN,그래도 여러분들과 함께 준비한 노트도 보면서,
00:18:55,1135.9,00:18:56,1136.64,UNKNOWN,계속 진행해보겠습니다.,
00:18:56,1136.66,00:18:59,1139.46,UNKNOWN,주제에 담긴 내용들도 함께 읽으면서,
00:18:59,1139.46,00:19:01,1141.72,UNKNOWN,모험가 여러분들이 주시는 의견도 들어보고,
00:19:01,1141.72,00:19:04,1144.86,UNKNOWN,이야기 나눈 직후에 바로 퍼서버에,
00:19:04,1144.86,00:19:07,1147.22,UNKNOWN,체험도 해보실 수 있는 구성이라고 생각해서,
00:19:07,1147.22,00:19:08,1148.36,UNKNOWN,이렇게 자리 마련했고요.,
00:19:08,1148.94,00:19:11,1151.84,UNKNOWN,모험가님들도 계속 읽어보도록 하겠습니다.,
00:19:14,1154.26,00:19:16,1156.9,UNKNOWN,이 녹방이냐고 하시는 분의 닉네임을 읽고 싶은데,
00:19:16,1156.9,00:19:17,1157.86,UNKNOWN,지금 빨라...,
00:19:17,1157.86,00:19:19,1159.48,UNKNOWN,"네, 철정 대리님 녹방이네.",
00:19:19,1159.6,00:19:20,1160.48,UNKNOWN,"네, 녹방 아닙니다.",
00:19:21,1161.4,00:19:23,1163.54,UNKNOWN,지금 생방으로 진행하고 있고요.,
00:19:23,1163.54,00:19:25,1165.54,UNKNOWN,"네, 오늘은 라이브 서비스와",
00:19:26,1166.66,00:19:28,1168.26,UNKNOWN,콘텐츠 개선 사항과 함께,
00:19:28,1168.26,00:19:31,1171.1,UNKNOWN,저희가 준비한 신규 캐릭터 두 가지를,
00:19:31,1171.1,00:19:34,1174.8,UNKNOWN,평소와 좀 다른 형태로 말씀을 드려보려고 합니다.,
00:19:34,1174.8,00:19:36,1176.66,UNKNOWN,지난 방송에서 말씀드린 것처럼,
00:19:36,1176.66,00:19:40,1180.82,UNKNOWN,원래는 미카엘라 레이드도 오늘 소개해드리는 자리로 계획을 했는데요.,
00:19:40,1180.82,00:19:44,1184.64,UNKNOWN,제가 그동안 좀 스스로를 많이 돌아봤습니다.,
00:19:44,1184.64,00:19:47,1187.16,UNKNOWN,저희가 개발 중인 것들을 미리 말씀드리려고,
00:19:47,1187.16,00:19:50,1190.42,UNKNOWN,어떻게든 이른 시점에 모험가 여러분들께 말씀드리려고,
00:19:50,1190.42,00:19:52,1192.5,UNKNOWN,불확실한 얘기들을 드리거나,
00:19:52,1192.5,00:19:54,1194.82,UNKNOWN,과장된 표현들을 드리거나 아니면은,
00:19:54,1194.82,00:19:56,1196.5,UNKNOWN,뭐 과거에 얘기한 거니까,
00:19:56,1196.5,00:19:59,1199.56,UNKNOWN,그대로 강행하는 모습들이 스스로를 돌아봤을 때,
00:19:59,1199.56,00:20:01,1201.18,UNKNOWN,그렇게 좋아 보이지가 않았습니다.,
00:20:01,1201.18,00:20:05,1205.32,UNKNOWN,많은 모험가님들도 그렇게 말씀들 주시기도 하셨고요.,
00:20:05,1205.32,00:20:08,1208.86,UNKNOWN,그래서 실시간으로 좀 변화하는 라이브 환경에 맞춰서,
00:20:08,1208.86,00:20:10,1210.62,UNKNOWN,마지막까지 꼼꼼하게 살피고,
00:20:10,1210.62,00:20:12,1212.46,UNKNOWN,상황도 계속 반영을 하는 게,
00:20:12,1212.46,00:20:14,1214.88,UNKNOWN,더 나은 선택이라는 생각이 들었습니다.,
00:20:14,1214.88,00:20:16,1216.9,UNKNOWN,사실 지난 중천 때나 최근까지는,
00:20:16,1216.9,00:20:19,1219.5,UNKNOWN,중간중간에 이런 조정들 같은 것들은,
00:20:19,1219.5,00:20:21,1221.86,UNKNOWN,"네, 많이 좀 부족했다고 생각을 하고요.",
00:20:21,1221.86,00:20:25,1225.42,UNKNOWN,그래서 그런 부분들을 미카엘라 레이드에도 반영하려고 합니다.,
00:20:25,1225.42,00:20:26,1226.5,UNKNOWN,그래서 그런 반영 때문에,
00:20:26,1226.5,00:20:28,1228.38,UNKNOWN,미카엘라 레이드가 뭐 지연되느냐,
00:20:28,1228.38,00:20:29,1229.6,UNKNOWN,그런 건 아니고요.,
00:20:29,1229.6,00:20:31,1231.3,UNKNOWN,미카엘라 레이드 업데이트 일정은,
00:20:31,1231.3,00:20:33,1233.46,UNKNOWN,8월로 변동이 없을 계획이지만,
00:20:33,1233.46,00:20:35,1235.5,UNKNOWN,그에 대한 자세한 설명과 내용은,
00:20:35,1235.5,00:20:37,1237.12,UNKNOWN,콘텐츠 완성도도 올리고,
00:20:37,1237.12,00:20:41,1241.68,UNKNOWN,그때 당시에 저희의 라이브 서비스 상황들을 더 반영을 해서,
00:20:41,1241.68,00:20:46,1246.8,UNKNOWN,7월에 미카엘라 레이드를 별도로 소개를 한번 해드리도록 하겠습니다.,
00:20:46,1246.8,00:20:51,1251.5,UNKNOWN,미카엘라만 하면 아직 제국이 남았다.,
00:20:51,1251.5,00:20:52,1252.94,UNKNOWN,죄송하지만 말씀드리고,
00:20:52,1252.94,00:20:54,1254.36,UNKNOWN,제국은 다르다.,
00:20:54,1254.36,00:20:56,1256.34,UNKNOWN,라이브 상황들이나 아니면,
00:20:56,1256.34,00:20:59,1259.1,UNKNOWN,개선 사항들도 함께 말씀드리겠습니다.,
00:20:59,1259.1,00:21:00,1260.46,UNKNOWN,오늘 방송 진행하면서,
00:21:00,1260.46,00:21:02,1262.58,UNKNOWN,현재 개발 상황에 대해서,
00:21:02,1262.58,00:21:03,1263.92,UNKNOWN,여러분들께 공유 드리고,
00:21:03,1263.92,00:21:06,1266.56,UNKNOWN,여러분들의 피드백도 좀 들어보려고 합니다.,
00:21:06,1266.56,00:21:08,1268.2,UNKNOWN,그래서 중간중간에,
00:21:08,1268.2,00:21:13,1273.04,UNKNOWN,여러분들께 저도 질문도 한 번씩 드려보도록 하겠습니다.,
00:21:13,1273.04,00:21:16,1276.42,UNKNOWN,그럼 본격적으로 퍼스트 서버 오픈과 함께 공개될,
00:21:16,1276.42,00:21:24,1284.31,UNKNOWN,디렉터 노트를 함께 보시면서 이야기를 한번 나눠보겠습니다.,
00:21:24,1284.31,00:21:28,1288.95,UNKNOWN,지금 화면에 디렉터 노트 미공개 버전이 공지되고 있는데요.,
00:21:29,1289.31,00:21:30,1290.37,UNKNOWN,이게 보이실까요?,
00:21:30,1290.37,00:21:36,1296.64,UNKNOWN,잘 폰트가 괜찮으신가요?,
00:21:36,1296.64,00:21:41,1301.52,UNKNOWN,잘 안 보이신다는 분들도 있고 보인다는 분들도 있는데,
00:21:41,1301.52,00:21:45,1305.62,UNKNOWN,조금만 더 키워 보겠습니다.,
00:21:45,1305.62,00:21:47,1307.42,UNKNOWN,한 포인트 키웠고요.,
00:21:47,1307.42,00:21:50,1310.52,UNKNOWN,좀 이따가 또 잘 안 보이시면은 말씀해 주세요.,
00:21:50,1310.52,00:21:54,1314.7,UNKNOWN,그러면은 제가 보고 조금 더 수정을 해 보도록 하겠습니다.,
00:21:54,1314.7,00:21:56,1316.74,UNKNOWN,네 먼저 첫 인사고요.,
00:21:56,1316.74,00:21:58,1318.76,UNKNOWN,아까 드렸던 내용들이 첫 인사고,
00:21:58,1318.76,00:22:01,1321.56,UNKNOWN,오늘 처음 소개해 드릴 내용은 아포칼립스 레기온의 세 번째 난이도 필사의 저지입니다.,
00:22:01,1321.56,00:22:02,1322.42,UNKNOWN,아포칼립스 레기온의 세 번째 난이도 필사의 저지입니다.,
00:22:02,1322.42,00:22:03,1323.56,UNKNOWN,아포칼립스 레기온의 세 번째 난이도 필사의 저지입니다.,
00:22:03,1323.56,00:22:08,1328.59,UNKNOWN,아포칼립스 레기온의 세 번째 난이도 필사의 저지입니다.,
00:22:08,1328.59,00:22:16,1336.33,UNKNOWN,네 필사의 저지는 아포칼립스 업데이트 이후에 상반된 여러분들의 의견들을 좀 확인을 했습니다.,
00:22:16,1336.33,00:22:20,1340.27,UNKNOWN,도전적인 난이도가 없어서 아쉽다는 의견도 많았고요.,
00:22:20,1340.27,00:22:25,1345.51,UNKNOWN,반대로 강림처럼 높은 장비 스펙과 어려운 패턴이 부담된다라는 의견도 있었고요.,
00:22:25,1345.51,00:22:29,1349.47,UNKNOWN,지금 채팅에서도 마찬가지의 반응들이 좀 나오는 것 같아요.,
00:22:29,1349.47,00:22:33,1353.59,UNKNOWN,그래서 저희도 이번 레기온 준비하면서 비슷한 고민들을 좀 많이 했는데요.,
00:22:33,1353.59,00:22:37,1357.65,UNKNOWN,그렇다면 이 사이에 좀 적정 지점을 좀 잘 찾아보면은,
00:22:37,1357.65,00:22:38,1358.59,UNKNOWN,그래도 가능성이 있지 않을까요?,
00:22:38,1358.59,00:22:43,1363.89,UNKNOWN,라는 생각을 했고 그래서 이번 필사의 저지 난이도는 그 두 가지 상반된,
00:22:43,1363.89,00:22:47,1367.83,UNKNOWN,너무 부담된다 너무 어렵다 그리고 도전적인 것도 좀 필요하다 라는,
00:22:47,1367.83,00:22:52,1372.81,UNKNOWN,그 중간에 바람을 좀 잡아보는 걸 목표로 좀 설계를 했습니다.,
00:22:52,1372.81,00:22:57,1377.47,UNKNOWN,신규 난이도인 필사의 저지에서는 2카의 새로운 기믹들이 추가될 거고요.,
00:22:57,1377.47,00:23:00,1380.87,UNKNOWN,한계를 넘어선 종말의 힘을 끌어낸 로페즈를 조우하면서,
00:23:00,1380.87,00:23:05,1385.39,UNKNOWN,기존보다 더 빠르고 더 과격한 기믹을 파회하셔야 됩니다.,
00:23:05,1385.39,00:23:07,1387.49,UNKNOWN,다양한 페이지로 구성된 전투들을 통해서,
00:23:07,1387.49,00:23:08,1388.59,UNKNOWN,이제 진짜 종말을,
00:23:08,1388.59,00:23:12,1392.43,UNKNOWN,막아낸다는 설정 자체를 전투에 좀 살려보면요.,
00:23:12,1392.43,00:23:15,1395.67,UNKNOWN,좀 더 방향성을 약간 조져놨다고 생각해요.,
00:23:15,1395.67,00:23:19,1399.77,UNKNOWN,그거 이유로 그냥 높은 난이도 하면 선피하기 게임밖에 안 돼.,
00:23:19,1399.77,00:23:23,1403.63,UNKNOWN,이번에도 선피하라고만 떠가.,
00:23:23,1403.63,00:23:29,1409.61,UNKNOWN,그렇게 해서 얼마나 버틸 수 있을까요?,
00:23:29,1409.61,00:24:13,1453.38,UNKNOWN,오케이 한층 더 내려가 어디까지 내려가 한층 더 내려간다.,
00:24:13,1453.38,00:24:14,1454.38,UNKNOWN,몇 층이야.,
00:24:14,1454.38,00:24:15,1455.38,UNKNOWN,몇 층이야.,
00:24:15,1455.38,00:24:16,1456.38,UNKNOWN,몇 층이야.,
00:24:16,1456.38,00:24:39,1479.18,UNKNOWN,몇 층이야.,
00:24:39,1479.18,00:24:43,1483.64,UNKNOWN,네 로페즈와의 전투에서 배경이 좀 바뀌는 게 느껴지셨던 것 같아요.,
00:24:43,1483.64,00:24:47,1487.18,UNKNOWN,보니까 층이 바뀐다 이런 얘기들 채팅해 주시더라고요.,
00:24:47,1487.18,00:24:51,1491.46,UNKNOWN,종말의 힘을 주체하지 못하는 로페즈와의 전투가 이어질수록 지면이 붕괴되고,
00:24:51,1491.46,00:24:55,1495.76,UNKNOWN,모험가 분들은 자비의 나침반 최하층까지 내려가시게 될 겁니다.,
00:24:55,1495.76,00:24:59,1499.28,UNKNOWN,그 과정에서 로페즈가 바니타스 의 주력 인물들의 힘을 흡수하게,
00:24:59,1499.28,00:25:00,1500.28,UNKNOWN,되고요.,
00:25:00,1500.28,00:25:03,1503.84,UNKNOWN,지금까지 아포칼립스를 플레이 해오셨다면 익숙하게 느끼셨을,
00:25:03,1503.84,00:25:08,1508.02,UNKNOWN,느낌의 기믹들을 또 새로운 느낌으로 로페즈를 통해 만나볼 수 있을 것입니다.,
00:25:08,1508.18,00:25:11,1511.52,UNKNOWN,사실 지금까지,
00:25:11,1511.52,00:25:13,1513.68,UNKNOWN,계속 내려가는 건 좀 긴데,
00:25:13,1513.68,00:25:15,1515.96,UNKNOWN,목소리를 좀 더 크게 내보겠습니다.,
00:25:15,1515.96,00:25:21,1521.0,UNKNOWN,콘솔에서도 조금만 더 키워주시면 좋을 것 같습니다.,
00:25:21,1521.0,00:25:24,1524.94,UNKNOWN,지금까지의 레기온에서는 초월 이나 해방이나 극이나 강림 같은,
00:25:24,1524.94,00:25:27,1527.16,UNKNOWN,도전적인 난이도들이 있었는데요 .,
00:25:27,1527.16,00:25:31,1531.4,UNKNOWN,이번에는 도전적인 난이도를 제외 하겠다는 말씀을 드렸었고 그러고,
00:25:31,1531.4,00:25:35,1535.2,UNKNOWN,나서 저희가 준비를 하면서 여러분들의 피드백도 듣고 고민도 많이 했었,
00:25:35,1535.2,00:25:37,1537.66,UNKNOWN,는데 여러분들의 지금 생각은 또 어떠신지,
00:25:37,1537.66,00:25:38,1538.12,UNKNOWN,들어보시죠.,
00:25:38,1538.12,00:25:38,1538.16,UNKNOWN,네.,
00:25:38,1538.16,00:25:44,1544.22,UNKNOWN,보고 싶어요 패턴이 어려워도 난이도가 높아도 클리어 했을 때 달성감이나 도전 의식이 좋다,
00:25:44,1544.22,00:25:52,1552.92,UNKNOWN,내지는 높은 장비 스펙과 어려운 패턴에 대해서 너무 부담된다 라는 것들 중에 어떤 쪽이 좀 더 크신지 어느 쪽 의견이신지 채팅으로 알려주시면,
00:25:52,1552.92,00:26:03,1563.54,UNKNOWN,저도 한번 참고를 해보겠습니다 어려운 난이도는 있어야 된다는 얘기도 주시고요,
00:26:03,1563.54,00:26:13,1573.54,UNKNOWN,강림회방 같은 거 필요하다 근데 너무 부담된다 보상 궁금하다 재밌으면 된다 있는 게 좋다,
00:26:13,1573.54,00:26:20,1580.8,UNKNOWN,피대지 피대지는 안 된다 뭐 이런 얘기도 주시고 해방 어게인 여러가지 얘기들 주시고 계신데요,
00:26:20,1580.8,00:26:30,1590.32,UNKNOWN,이렇게 지금 얘기 주시는 것처럼 굉장히 좀 상반된 의견들을 저희도 접하고 있었고 그래서 이번에는 빼고자 했었는데,
00:26:30,1590.32,00:26:33,1593.52,UNKNOWN,사실 계속해서 그래도 도전적인 컨텐츠들을 상위,
00:26:33,1593.52,00:26:42,1602.52,UNKNOWN,유저분들한테 제공을 해 드려야 된다 라는 생각 때문에 따로 한번 준비를 하고 있다가 오늘 좀 선보이게 되었습니다,
00:26:42,1602.52,00:26:49,1609.54,UNKNOWN,필사의 저지의 권장 명성은 아마 궁금하실 것 같은데요 11만 2천 입니다,
00:26:49,1609.54,00:27:00,1620.64,UNKNOWN,이거는 지금 저희의 상위 10% 수준 있구요 근데 지금 저희 넥슨 라이브 들어오신 분들만 보면 사실 대부분이 그냥 가실 수 있는 정도의,
00:27:00,1620.64,00:27:02,1622.32,UNKNOWN,수준처럼 보이는데,
00:27:02,1622.32,00:27:03,1623.5,UNKNOWN,실제로 저희 뭐 서버에,
00:27:03,1623.5,00:27:13,1633.26,UNKNOWN,서 플레이 그 체크를 해봤을 때는 상위 10% 정도 상위 유저분들로 보이는데 여기에는 너무 강하신 분들이 좀 많이 계신 것 같아요 그래서,
00:27:13,1633.26,00:27:22,1642.14,UNKNOWN,다만 근데 이제 권장 명성 같은 경우에는 어디까지나 적정 수준에 대한 이제 가이드라인인 거고 실제 모험가 여러분들의 체감이 무엇보다 중요하다고 생각을,
00:27:22,1642.14,00:27:27,1647.38,UNKNOWN,하고요 보통 저희가 권장하는 것보다 조금 더 높여서 가시긴 하더라구요,
00:27:27,1647.38,00:27:33,1653.34,UNKNOWN,이제 뭐 여러가지 얘기 주셨어요 아까 뭐 적당하다 뭐 너무 낮다 하시는데 모험가님들이,
00:27:33,1653.5,00:27:45,1665.18,UNKNOWN,바라는 질문을 한번 드려보고 싶은데 높은 난이도 도전적인 난이도라고 하면은 정말 우리 서버의 상에 몇 퍼센트가 가는 게 진짜 이거는 도전 컨텐츠 다 라고 생각하시는지,
00:27:45,1665.18,00:27:54,1674.4,UNKNOWN,가 좀 궁금해요 저희가 이번에는 임의로 10% 를 잡았는데 여러분들이 생각하시는 것은 어느 정도 인지를 저희도 좀 알고 준비를 하면 훨씬 더 좋을 것,
00:27:54,1674.4,00:27:59,1679.36,UNKNOWN,"같아요 어 근데 굉장히 많이 보이는 게 지금 5% 10%가 맞다도 있고 1,3,5,10이 되게 많이 보이는 것 같아요. 굉장히 많이 보이는게 5% 20%를 많이 monkey.org.kr에서 확인 하시고 10%를 많이 확인 하세요.",
00:28:03,1683.5,00:28:11,1691.02,UNKNOWN,것 같습니다 15% 까지도 좀 보이긴 하는데 대체로 5가 제일 많았고,
00:28:11,1691.02,00:28:21,1701.62,UNKNOWN,"1,3,50 정도가 되게 많았었는데 많은 지금 의견 주신 분들을 좀 참고를 해서 저희도 앞으로의 컨텐츠들을 더 잘 설계를 해가지고",
00:28:21,1701.62,00:28:31,1711.4,UNKNOWN,진짜 도전할 수 있는 것들 그리고 뭐 조금은 여유 있지만 중간 지점을 맞출 수 있는 것들 이런 것들도 같이 한번 준비를 한번 해보도록 하겠습니다,
00:28:31,1711.4,00:28:37,1717.58,UNKNOWN,의견 주셔서 정말 감사합니다 그 아포칼립스 필사의 저지는,
00:28:37,1717.58,00:28:43,1723.1,UNKNOWN,제가 갑작스럽게 손 보이게 됐는데요 바로 오늘 퍼스트 서버에 포함이 될 겁니다,
00:28:43,1723.1,00:28:53,1733.36,UNKNOWN,퍼스트 서버가 곧 오픈이 될 건데요 모음가 여러분들이 플레이 하시는 것을 잘 살펴서 더 즐겁게 플레이 하실 수 있도록 더 좋은 경험을 드릴 수,
00:28:53,1733.36,00:29:00,1740.02,UNKNOWN,있도록 마지막까지 최선을 다하겠습니다 실제로 저희가 진짜 이 중간 지점을 좀 잘 잡았는지 아니면 너무,
00:29:00,1740.02,00:29:01,1741.2,UNKNOWN,어려운지,
00:29:01,1741.2,00:29:01,1741.22,UNKNOWN,아니면 적당한지,
00:29:01,1741.22,00:29:01,1741.32,UNKNOWN,아니면 적당한지,
00:29:01,1741.32,00:29:01,1741.38,UNKNOWN,아니면 적당한지,
00:29:01,1741.38,00:29:05,1745.72,UNKNOWN,이런 부분들에 대한 피드백들을 많이 부탁드리도록 하겠습니다,
00:29:05,1745.72,00:29:11,1751.28,UNKNOWN,네 그리고 아포칼립스 필사의 저지에 도전하시고,
00:29:11,1751.28,00:29:15,1755.68,UNKNOWN,플레이하시는 여러분들을 위해서 6월 4일에 실습 업데이트가 될 텐데요,
00:29:15,1755.68,00:29:19,1759.02,UNKNOWN,6주 동안은 명예 오라 아바타도 저희가 제작을 했어요,
00:29:19,1759.02,00:29:20,1760.0,UNKNOWN,명예 보상이야,
00:29:20,1760.0,00:29:23,1763.08,UNKNOWN,특별 퀘스트도 함께 준비하고 있습니다,
00:29:23,1763.08,00:29:24,1764.72,UNKNOWN,참고를 부탁드리겠습니다,
00:29:24,1764.72,00:29:26,1766.62,UNKNOWN,그리고 네,
00:29:26,1766.62,00:29:29,1769.76,UNKNOWN,너무 빨리 올라와가지고,
00:29:29,1769.76,00:29:32,1772.7,UNKNOWN,보상 궁금... 제가 닉네임을 읽고 싶었는데,
00:29:32,1772.7,00:29:36,1776.02,UNKNOWN,단순히 새로운 단계만 추가하는 건 아니고요,
00:29:36,1776.02,00:29:37,1777.14,UNKNOWN,전혀 명예롭지 않은 명예 보상이야,
00:29:37,1777.14,00:29:39,1779.36,UNKNOWN,아포칼립스의 보상도 같이 추가를 할 예정입니다,
00:29:39,1779.36,00:29:42,1782.82,UNKNOWN,또 중요한 요소인 보상에 대해서도 한번 보겠습니다,
00:29:42,1782.82,00:29:49,1789.56,UNKNOWN,보상의 핵심 변화는 신규 재료인 광예의 잔형 추가에 있습니다,
00:29:49,1789.56,00:29:54,1794.9,UNKNOWN,해당 재료로 보상을 여러 가지를 구매할 수 있는,
00:29:54,1794.9,00:29:56,1796.94,UNKNOWN,그런 구조를 저희가 준비를 했습니다,
00:29:56,1796.94,00:29:59,1799.98,UNKNOWN,태초 서약을 획득할 수 있는 개정기속,
00:29:59,1799.98,00:30:01,1801.16,UNKNOWN,태초 광예의 의지를,
00:30:01,1801.16,00:30:01,1801.28,UNKNOWN,태초 광예의 의지를,
00:30:01,1801.28,00:30:04,1804.7,UNKNOWN,구매하시거나 태초 소울이나 에픽 소울도,
00:30:04,1804.7,00:30:06,1806.96,UNKNOWN,구매하실 수 있는 그런 형태로,
00:30:06,1806.96,00:30:09,1809.42,UNKNOWN,아포칼립스의 보상을 개선했습니다,
00:30:09,1809.42,00:30:12,1812.7,UNKNOWN,아무래도 아포칼립스 전체에 이런 보상을 추가했는데,
00:30:12,1812.7,00:30:15,1815.26,UNKNOWN,당연히 높은 난이도를 플레이할수록,
00:30:15,1815.26,00:30:18,1818.72,UNKNOWN,더 많은 광예의 잔형을 획득하실 수 있고요,
00:30:18,1818.72,00:30:21,1821.14,UNKNOWN,재료를 상위 난이도를 플레이하시면,
00:30:21,1821.14,00:30:23,1823.44,UNKNOWN,더 빨리 보상을 획득하실 수 있도록,
00:30:23,1823.44,00:30:26,1826.82,UNKNOWN,설계해서 더 메리트를 제공을 해드리려고 합니다,
00:30:26,1826.82,00:30:29,1829.08,UNKNOWN,그리고 태초 서약 같은 경우는,
00:30:29,1829.08,00:30:31,1831.14,UNKNOWN,고민을 정말 많이 했던 부분인데요,
00:30:31,1831.14,00:30:34,1834.16,UNKNOWN,적어도 모험가님께서 가장 아끼는 캐릭터가,
00:30:34,1834.16,00:30:36,1836.7,UNKNOWN,아직 태초 서약을 얻지 못하셨을 부분에 대해서,
00:30:36,1836.7,00:30:39,1839.28,UNKNOWN,보완 조치는 필요하다고 판단을 해서,
00:30:39,1839.28,00:30:40,1840.72,UNKNOWN,개정당 한계에 한해서,
00:30:40,1840.72,00:30:44,1844.0,UNKNOWN,태초 서약을 추가 지급하는 방향으로 준비를 했습니다,
00:30:44,1844.0,00:30:45,1845.92,UNKNOWN,실사이저지 플레이 기준으로,
00:30:45,1845.92,00:30:47,1847.94,UNKNOWN,"다음 컨텐츠 전, 미카일러 전까지는",
00:30:47,1847.94,00:30:49,1849.52,UNKNOWN,태초 서약을 습득하실 수 있도록,
00:30:49,1849.52,00:30:51,1851.52,UNKNOWN,저희가 밸런싱을 진행을 했고요,
00:30:51,1851.52,00:30:55,1855.18,UNKNOWN,물론 태초 서약을 습득할 수 있는 다른 루트도 존재하지만,
00:30:55,1855.18,00:30:58,1858.46,UNKNOWN,모험가님에 따라서는 부담될 수 있는 선택일 수 있기 때문에,
00:30:58,1858.46,00:31:01,1861.12,UNKNOWN,추가적인 루트도 지금 선정되고 있습니다,
00:31:01,1861.14,00:31:04,1864.46,UNKNOWN,이 부분에 대해서 좀 적정하게 제공을 해드리고 싶었습니다,
00:31:04,1864.46,00:31:05,1865.96,UNKNOWN,또 남는 재료 같은 경우에는,
00:31:05,1865.96,00:31:09,1869.48,UNKNOWN,태초 소울이나 에픽 소울 구매하시는데 사용할 수도 있고요,
00:31:09,1869.48,00:31:11,1871.44,UNKNOWN,영롱한 조일의 추 상자 같은 것들도,
00:31:11,1871.44,00:31:14,1874.14,UNKNOWN,남는 재료로 구매하실 수 있습니다,
00:31:14,1874.14,00:31:17,1877.52,UNKNOWN,다만 이번에 추가되는 상품들은 가치가 좀 높은 편이라서요,
00:31:17,1877.52,00:31:20,1880.64,UNKNOWN,랜덤으로 드레이지의 무기 선택 상자가 하나 넣어주지,
00:31:20,1880.64,00:31:23,1883.52,UNKNOWN,그러면 고용물들은 계속 들어올 텐데,
00:31:23,1883.52,00:31:26,1886.74,UNKNOWN,5월 28일부터 신규 재료와 상점은 6월 4일에 들어가는 게 아니고,
00:31:26,1886.74,00:31:29,1889.36,UNKNOWN,"5월 28일에 아포칼립스 1, 2단 돌았을 때도",
00:31:29,1889.36,00:31:31,1891.14,UNKNOWN,얻으실 수 있게 추가할 예정이고,
00:31:31,1891.14,00:31:35,1895.5,UNKNOWN,상점 같은 경우에는 월간 구매 제한 2월도 가능할 거예요,
00:31:35,1895.5,00:31:39,1899.72,UNKNOWN,그래서 6월 달에도 2월 돼서 받으실 수 있도록,
00:31:39,1899.72,00:31:41,1901.58,UNKNOWN,저희가 준비를 하도록 하겠습니다,
00:31:41,1901.58,00:31:44,1904.34,UNKNOWN,이번 보상 추가 조치를 통해서,
00:31:44,1904.34,00:31:47,1907.32,UNKNOWN,계정 내 캐릭터 육성과 스펙업 그리고 재하수급에,
00:31:47,1907.32,00:31:51,1911.2,UNKNOWN,아주 조금이나마 변화가 있었으면 좋겠다고 생각합니다,
00:31:51,1911.2,00:31:55,1915.14,UNKNOWN,이번에 태초 소약을 얻을 수 있는 경로가 추가되는데요,
00:31:55,1915.76,00:32:00,1920.06,UNKNOWN,모험가 분들은 어떤 캐릭터에 이걸 제공을 하실지가 좀 궁금합니다,
00:32:00,1920.06,00:32:01,1921.06,UNKNOWN,이미 하나 있는데요,
00:32:01,1921.14,00:32:03,1923.52,UNKNOWN,다른 캐릭터에 더 제공을 해서,
00:32:03,1923.52,00:32:06,1926.12,UNKNOWN,원하는 태초 소약 종류를 받고 싶으신지,
00:32:06,1926.12,00:32:13,1933.68,UNKNOWN,아니면 아직 없는 캐릭터에 완전히 새로 제공을 하고 싶으신지가 궁금한데요,
00:32:13,1933.68,00:32:17,1937.64,UNKNOWN,헬 던전 30회 한방 클리어권 그런 거 줘야 돼요,
00:32:17,1937.64,00:32:21,1941.58,UNKNOWN,본캐에 거의 다 주고 싶다라는 얘기를 많이 주셨습니다,
00:32:21,1941.58,00:32:24,1944.86,UNKNOWN,이번에 유도한 것 자체도 본캐에 없으신 경우에,
00:32:24,1944.86,00:32:28,1948.14,UNKNOWN,이것들을 좀 받아 가셨으면 하는 마음에 준비했고요,
00:32:28,1948.14,00:32:30,1950.98,UNKNOWN,잘 활용될 수 있도록 저희가 더 잘 준비하도록 하겠습니다,
00:32:31,1951.14,00:32:34,1954.72,UNKNOWN,지금까지 아포칼립스의 신규 난이도와,
00:32:34,1954.72,00:32:37,1957.48,UNKNOWN,새롭게 추가되는 보상들을 한번 만나봤는데요,
00:32:37,1957.48,00:32:41,1961.66,UNKNOWN,추가로 이번에 또 하나 업데이트할 신규 시스템도 소개를 한번 해드리겠습니다,
00:32:41,1961.66,00:32:45,1965.18,UNKNOWN,이번 시즌은 채널 채널 오른쪽 달리기를 연장시킨 게 가장 해찬기야,
00:32:45,1965.18,00:32:45,1965.82,UNKNOWN,다음은 소개 시스템 광희의 행로입니다,
00:32:45,1965.82,00:32:47,1967.84,UNKNOWN,이번에는 시발 왼쪽으로 달렸어야지,
00:32:47,1967.84,00:32:52,1972.48,UNKNOWN,광희의 행로는 최대 태초 소울까지 획득할 수 있는 재하수급 시스템입니다,
00:32:52,1972.48,00:32:57,1977.4,UNKNOWN,이벤트 지급으로 저희가 많이 소울 같은 것들을 드리고 재료를 드렸는데,
00:32:57,1977.4,00:32:58,1978.14,UNKNOWN,이거 외에도 콘텐츠로도 잘 공급을 해드려야 된다라고 생각을 해서요,
00:32:58,1978.14,00:32:59,1979.14,UNKNOWN,이거 외에도 콘텐츠로도 잘 공급을 해드려야 된다라고 생각을 했습니다,
00:32:59,1979.14,00:33:01,1981.76,UNKNOWN,이거 외에도 콘텐츠로도 잘 공급을 해드려야 된다라고 생각을 해서,
00:33:01,1981.76,00:33:03,1983.32,UNKNOWN,개발에 착수를 했고요,
00:33:03,1983.32,00:33:06,1986.78,UNKNOWN,아포칼립스에 추가된 태초와 에피소울 공급까지 더해서,
00:33:06,1986.78,00:33:10,1990.64,UNKNOWN,재하 공급을 조금 더 도와드리기 위한 장치입니다,
00:33:10,1990.64,00:33:13,1993.1,UNKNOWN,NPC를 통해서 탐사를 진행을 하시고,
00:33:13,1993.1,00:33:15,1995.9,UNKNOWN,상던 아닙니다 플레이 하실 건 아니고요,
00:33:15,1995.9,00:33:18,1998.8,UNKNOWN,일정 시간 지난 후에 보상을 획득하실 수 있는,
00:33:18,1998.8,00:33:21,2001.8,UNKNOWN,별도의 플레이가 필요 없는 콘텐츠입니다,
00:33:21,2001.8,00:33:25,2005.34,UNKNOWN,주간 1회 같은 경우에는 무료로 그냥 탐사할 수 있고요,
00:33:25,2005.34,00:33:29,2009.06,UNKNOWN,그 이상은 플레이로 얻으신 술래임장과 탐사권 가지고,
00:33:29,2009.06,00:33:29,2009.12,UNKNOWN,조건을 제공하시고,
00:33:29,2009.12,00:33:31,2011.52,UNKNOWN,추가 탐사 진행하시면 되는 구조입니다,
00:33:31,2011.52,00:33:34,2014.82,UNKNOWN,광해 행로를 통해서 레전드 위성부터,
00:33:34,2014.82,00:33:39,2019.04,UNKNOWN,"최대 태초 소울과 미광일 소울, 종말의 개시 등을 얻을 수 있게 됩니다",
00:33:39,2019.04,00:33:43,2023.32,UNKNOWN,"탐사의 종류가 단기, 중기, 장기로 이렇게 나뉘게 되고",
00:33:43,2023.32,00:33:48,2028.46,UNKNOWN,탐사에 완료할 시간은 단기에서 장기로 갈수록 길어지는데요,
00:33:48,2028.46,00:33:53,2033.96,UNKNOWN,탐사 시간이 길어지면 그만큼 좀 더 많은 보상들을 받으실 수 있게 됩니다,
00:33:53,2033.96,00:33:56,2036.04,UNKNOWN,추가 탐사에 필요한 탐사권은,
00:33:56,2036.04,00:33:59,2039.04,UNKNOWN,천해천 지옥 파티와 상급 던전에 등장하는 베니부 통해서,
00:33:59,2039.12,00:34:00,2040.6,UNKNOWN,획득하실 수 있고요,
00:34:00,2040.6,00:34:04,2044.78,UNKNOWN,많이 키울수록 캐릭터가 많을수록 제하들도 많이 필요하실 텐데,
00:34:04,2044.78,00:34:09,2049.74,UNKNOWN,어느 정도 캐릭터 플레이 개수와 플레이하는 것들에 비례해서,
00:34:09,2049.74,00:34:13,2053.5,UNKNOWN,저희 광해 행로를 좀 즐기실 수 있도록,
00:34:13,2053.5,00:34:15,2055.86,UNKNOWN,이렇게 설정을 했다고 봐주시면 될 것 같고요,
00:34:15,2055.86,00:34:19,2059.82,UNKNOWN,이거 같은 경우에는 이번에 퍼스트 서버에 들어가지는 않고요,
00:34:19,2059.82,00:34:21,2061.76,UNKNOWN,최대한 빠르게 적용하기 위해서,
00:34:21,2061.76,00:34:23,2063.84,UNKNOWN,저런 파견 시스템 넣을까봐 그냥,
00:34:23,2063.84,00:34:25,2065.72,UNKNOWN,쿠케들 자동 헬보기,
00:34:25,2065.72,00:34:28,2068.16,UNKNOWN,몇 시간 이렇게 걸어놓지,
00:34:28,2068.16,00:34:29,2069.1,UNKNOWN,이런 제하 주체들이,
00:34:29,2069.12,00:34:30,2070.74,UNKNOWN,조치들만으로,
00:34:30,2070.74,00:34:33,2073.42,UNKNOWN,사실 지금 여러분들이 갖고 있는 어려운 데일이나,
00:34:33,2073.42,00:34:35,2075.5,UNKNOWN,이렇게 해놓고 한 12시간만 잡아놔도,
00:34:35,2075.5,00:34:37,2077.66,UNKNOWN,그냥 쿠케들 돌려놓고 그냥 잘 것 같은데,
00:34:37,2077.66,00:34:38,2078.88,UNKNOWN,그렇게 생각하지는 않습니다,
00:34:38,2078.88,00:34:40,2080.94,UNKNOWN,근데 과도하게 진행을 했다가,
00:34:40,2080.94,00:34:42,2082.06,UNKNOWN,나중에 이걸 빼거나,
00:34:42,2082.06,00:34:44,2084.2,UNKNOWN,나중에 더 큰 문제를 만들어 가지고,
00:34:44,2084.2,00:34:46,2086.08,UNKNOWN,그걸 제대로 수습 못하는 것보다,
00:34:46,2086.08,00:34:48,2088.08,UNKNOWN,지금처럼 하나씩 모니터링을 하면서,
00:34:48,2088.08,00:34:51,2091.08,UNKNOWN,필요한 것들을 하나하나 업데이트를 해드리는,
00:34:51,2091.08,00:34:53,2093.64,UNKNOWN,그런 방식으로 변화하려고 하는,
00:34:53,2093.64,00:34:56,2096.88,UNKNOWN,그런 과정이라고 생각해 주시면 감사하겠습니다,
00:34:56,2096.88,00:34:58,2098.32,UNKNOWN,아직 부족하겠지만,
00:34:58,2098.32,00:34:58,2098.66,UNKNOWN,네,
00:34:58,2098.66,00:35:00,2100.6,UNKNOWN,똥현님,
00:35:00,2100.6,00:35:04,2104.52,UNKNOWN,어병성 12만 녹방 아닙니다,
00:35:04,2104.52,00:35:08,2108.62,UNKNOWN,그런 과정으로 생각해 주시면 좋을 것 같습니다,
00:35:08,2108.62,00:35:09,2109.7,UNKNOWN,네,
00:35:09,2109.7,00:35:12,2112.54,UNKNOWN,이번에는 라이브 조정 사항입니다,
00:35:12,2112.54,00:35:16,2116.98,UNKNOWN,많은 분들께서 많이 요청을 해 주신 내용인데요,
00:35:16,2116.98,00:35:20,2120.16,UNKNOWN,장비 점수 표기에 대해서 말씀을 드리겠습니다,
00:35:20,2120.16,00:35:21,2121.44,UNKNOWN,결론을 먼저 말씀드리면,
00:35:21,2121.44,00:35:24,2124.2,UNKNOWN,장비 점수 표기를 더 개선하겠습니다,
00:35:24,2124.2,00:35:25,2125.62,UNKNOWN,그동안 커뮤니티에서,
00:35:25,2125.62,00:35:27,2127.28,UNKNOWN,그리고 게임에서도 매칭이나 구인이나 장비 점수가 한다고 하셨는데,
00:35:27,2127.28,00:35:27,2127.86,UNKNOWN,그리고 게임에서도 매칭이나 구인이나 장비 점수가 한다고 하셨는데,
00:35:27,2127.86,00:35:30,2130.36,UNKNOWN,장비 점수가 한 눈에 보이지 않으니까,
00:35:30,2130.36,00:35:33,2133.8,UNKNOWN,결국 외부 사이트에 의존하게 된다는 의견을 많이 주셨습니다,
00:35:33,2133.8,00:35:38,2138.62,UNKNOWN,그동안 저희가 이 부분에 대해서 충분히 빠르게 응답드리지 못해서 정말 죄송하고요,
00:35:38,2138.62,00:35:40,2140.7,UNKNOWN,파티 구인이나 캐릭터 상태 확인하실 때,
00:35:40,2140.7,00:35:42,2142.7,UNKNOWN,직관성을 더 높이기 위해서,
00:35:42,2142.7,00:35:46,2146.86,UNKNOWN,"캐릭터 선택 창, 콘텐츠 현황판, 파티 정보, 공격대 정보 같은",
00:35:46,2146.86,00:35:49,2149.08,UNKNOWN,자주 사용하시는 UI 전반에,
00:35:49,2149.08,00:35:53,2153.02,UNKNOWN,장비 점수와 버프 점수를 보실 수 있도록 추가를 했습니다,
00:35:53,2153.02,00:35:57,2157.0,UNKNOWN,이후에도 모험가 분들의 피드백을 받으면서 계속해서 확장하고,
00:35:57,2157.0,00:36:02,2162.5,UNKNOWN,더 불편한 부분들을 더 잘 쓸 수 있게 개선하도록 하겠습니다,
00:36:02,2162.5,00:36:07,2167.3,UNKNOWN,이런 조치가 좀 늦어진 예정상 발표와 늦어진 배경도 좀 말씀드리면요,
00:36:07,2167.3,00:36:09,2169.0,UNKNOWN,두 가지 이유가 얽혀 있었습니다,
00:36:09,2169.0,00:36:10,2170.34,UNKNOWN,사실 이런 얘기도 많이 주셨어요,
00:36:10,2170.34,00:36:14,2174.7,UNKNOWN,왜 그렇게 했는지 이유라도 말해라 라는 얘기도 답답해서 많이 주셨던 것 같아요,
00:36:14,2174.7,00:36:17,2177.0,UNKNOWN,그냥 정보창에 던담 링크,
00:36:17,2177.0,00:36:20,2180.76,UNKNOWN,먼저 장비 점수 같은 개념을 저희가 처음 적용한 만큼,
00:36:20,2180.76,00:36:24,2184.5,UNKNOWN,모험가님들께서 플레이에 실질적으로 참고가 되는 수준인지,
00:36:24,2184.5,00:36:26,2186.84,UNKNOWN,이 장비 점수 수준에서 던전을 이렇게 모아놓고,
00:36:26,2186.84,00:36:28,2188.84,UNKNOWN,이렇게 모여서 갔을 때 제대로 클리어가 되는지,
00:36:28,2188.84,00:36:30,2190.46,UNKNOWN,속도는 어느 정도 되는지,
00:36:30,2190.46,00:36:32,2192.76,UNKNOWN,그 검증을 좀 진행을 했고요,
00:36:32,2192.76,00:36:35,2195.54,UNKNOWN,데이터적으로도 살펴보니까 좀 괜찮았고,
00:36:35,2195.54,00:36:39,2199.26,UNKNOWN,실제로 장비 점수 써보신 분들께서 체감이 괜찮다는 피드백 주셔서,
00:36:39,2199.26,00:36:40,2200.84,UNKNOWN,정말 많이 안도했고,
00:36:40,2200.84,00:36:43,2203.18,UNKNOWN,감사하다는 생각을 했습니다,
00:36:43,2203.18,00:36:46,2206.72,UNKNOWN,그래서 이후 노출 작업 확대를 진행을 하게 됐는데요,
00:36:46,2206.72,00:36:50,2210.1,UNKNOWN,파티나 공대목록처럼 다수가 다수의 정보를 실시간으로,
00:36:50,2210.1,00:36:53,2213.54,UNKNOWN,서로 동시에 봐야 되는 부분들을 개발하는 과정에서,
00:36:53,2213.54,00:36:55,2215.68,UNKNOWN,좀 시간이 좀 소요가 됐습니다,
00:36:55,2215.68,00:36:56,2216.84,UNKNOWN,네 3단 표절님,
00:36:56,2216.84,00:37:00,2220.0,UNKNOWN,객관성이 있다고 얘기해 주셔서 정말 감사드리고요,
00:37:00,2220.0,00:37:03,2223.88,UNKNOWN,아직 부족하다고 얘기해 주시는 부분들도 지금 보고 있습니다,
00:37:03,2223.88,00:37:05,2225.96,UNKNOWN,늦었다는 부분들도 얘기해 주시고,
00:37:05,2225.96,00:37:08,2228.58,UNKNOWN,녹방인의 칠우님 얘기해 주시는 것도 봤는데,
00:37:08,2228.58,00:37:12,2232.34,UNKNOWN,네 계속 지금 생방으로 열심히 피드백 드리려고 노력하고 있고요,
00:37:12,2232.34,00:37:19,2239.04,UNKNOWN,이런 배경들 때문에 좀 늦었다라는 것들을 얘기해 주시면 좋을 것 같습니다,
00:37:19,2239.04,00:37:25,2245.96,UNKNOWN,네 혹시 장비 점수 보여주는 방식에 대해서 추가로 여러분들께서 써보시고,
00:37:25,2245.96,00:37:26,2246.54,UNKNOWN,어...,
00:37:26,2246.54,00:37:30,2250.02,UNKNOWN,의견들 주시고 있는 의견들 필요하신 부분들이 있으면은,
00:37:30,2250.02,00:37:31,2251.26,UNKNOWN,얘기 더 주시고요,
00:37:31,2251.26,00:37:34,2254.04,UNKNOWN,그런 부분들을 더 잘 반영을 해가지고,
00:37:34,2254.04,00:37:37,2257.38,UNKNOWN,아 네 버프 점수는 색을 좀 다르게 해줬으면 좋겠다,
00:37:37,2257.38,00:37:39,2259.44,UNKNOWN,이런 의견도 주셨는데,
00:37:39,2259.44,00:37:41,2261.78,UNKNOWN,이런 의견들 저희가 청취하면서,
00:37:41,2261.78,00:37:47,2267.02,UNKNOWN,더 개선할 수 있는 부분들 개선할 수 있도록 하겠습니다,
00:37:47,2267.02,00:37:51,2271.16,UNKNOWN,네 그밖에도 몇 가지 개선 사항과 편의성 개선 부분들도 있어서,
00:37:51,2271.16,00:37:54,2274.38,UNKNOWN,소개를 좀 드리도록 하겠습니다,
00:37:54,2274.38,00:37:56,2276.54,UNKNOWN,네 최근 육성하는 캐릭터나,
00:37:56,2276.54,00:38:00,2280.66,UNKNOWN,구 캐릭터 같은 경우 그리고 새로 육성하게 될 신규 캐릭터 같은 경우는,
00:38:00,2280.66,00:38:02,2282.86,UNKNOWN,디레즈의 레이드 진입이 빨라지면서,
00:38:02,2282.86,00:38:07,2287.14,UNKNOWN,무기를 조율하거나 업그레이드할 수 있는 검은 재앙을 수급할 수 있는 루트가,
00:38:07,2287.14,00:38:09,2289.06,UNKNOWN,이벤트로만 제공이 된다,
00:38:09,2289.06,00:38:10,2290.92,UNKNOWN,그거에 대한 걱정을 하셨는데,
00:38:10,2290.92,00:38:13,2293.76,UNKNOWN,그거 외에도 추가로 필요한 게 아니냐라고 하셔서,
00:38:13,2293.76,00:38:15,2295.92,UNKNOWN,이 부분에 대한 개선을 진행하려고 하고요,
00:38:15,2295.92,00:38:19,2299.22,UNKNOWN,그래서 디레즈의 상점에서 역병의 씨앗 180개로,
00:38:19,2299.22,00:38:20,2300.78,UNKNOWN,궤정기소 재앙을 구매할 수 있고,
00:38:20,2300.78,00:38:22,2302.9,UNKNOWN,이제 악연한 싱글 던전으로 바꿔야 되지 않을까요,
00:38:22,2302.9,00:38:25,2305.14,UNKNOWN,이미 졸업하신 캐릭터의 경우에도 씨앗 사용해서,
00:38:25,2305.14,00:38:25,2305.66,UNKNOWN,제발,
00:38:25,2305.66,00:38:26,2306.38,UNKNOWN,제발,
00:38:26,2306.38,00:38:28,2308.84,UNKNOWN,구매하시고 다른 캐릭터에 넘겨주는,
00:38:28,2308.84,00:38:32,2312.7,UNKNOWN,그런 구조가 될 수 있도록 준비를 하겠습니다,
00:38:32,2312.7,00:38:35,2315.8,UNKNOWN,이런 개선들도 계속 살필 예정이고요,
00:38:35,2315.8,00:38:38,2318.72,UNKNOWN,다음으로서는 최근에 약간 좀 뜸했는데,
00:38:38,2318.72,00:38:41,2321.14,UNKNOWN,편의성 개선도 좀 가져왔습니다,
00:38:41,2321.14,00:38:43,2323.18,UNKNOWN,다음은 수리 쿠폰입니다,
00:38:43,2323.18,00:38:46,2326.66,UNKNOWN,수리 쿠폰 같은 경우에는 상점이나 긴급 수리 진행하실 때,
00:38:46,2326.66,00:38:49,2329.62,UNKNOWN,전부의 수리 쿠폰만 적용이 됐었는데요,
00:38:49,2329.62,00:38:53,2333.42,UNKNOWN,앞으로는 상황에 따라서 한 부위 쿠폰이 자동 사용되거나,
00:38:53,2333.42,00:38:56,2336.36,UNKNOWN,선택돼서 사용될 수 있도록 준비를 하겠습니다,
00:38:56,2336.36,00:38:57,2337.9,UNKNOWN,아 이걸 이제 한다,
00:38:57,2337.9,00:38:59,2339.06,UNKNOWN,죄송합니다,
00:38:59,2339.06,00:39:01,2341.54,UNKNOWN,더 빠르게 이제 할 수 있도록 하겠습니다,
00:39:01,2341.54,00:39:05,2345.74,UNKNOWN,모음과 여러분들의 수리 쿠폰 사용 패턴을 최대한 적용하고도 했는데요,
00:39:05,2345.74,00:39:08,2348.7,UNKNOWN,상황에 따라서 쿠폰 사용의 니즈가 다를 수도 있어서,
00:39:08,2348.7,00:39:13,2353.46,UNKNOWN,지속적으로 모니터링하면서 더 개선할 수 있는 부분들 찾아보겠습니다,
00:39:13,2353.46,00:39:16,2356.66,UNKNOWN,그리고 도트 텍스처 옵션에 변화를 좀 줬습니다,
00:39:16,2356.66,00:39:20,2360.76,UNKNOWN,개선을 좀 연구를 좀 진행을 했고요,
00:39:20,2360.76,00:39:23,2363.1,UNKNOWN,그 해상도 변화에 따라서,
00:39:23,2363.1,00:39:25,2365.48,UNKNOWN,도트가 흐려지는 현상을 좀 개선을 해보려고 합니다.,
00:39:25,2365.48,00:39:26,2366.2,UNKNOWN,해상도 변화에 따라서 도트가 흐려지는 현상을 좀 개선을 해보려고 합니다.,
00:39:26,2366.2,00:39:26,2366.34,UNKNOWN,해상도 변화에 따라서 도트가 흐려지는 현상을 좀 개선을 해보려고 합니다.,
00:39:26,2366.36,00:39:29,2369.7,UNKNOWN,그래서 그래픽 품질 속에 텍스처 업그레이드,
00:39:29,2369.7,00:39:31,2371.9,UNKNOWN,텍스처 업스케일링 옵션이 있는데요,
00:39:31,2371.9,00:39:37,2377.1,UNKNOWN,거기에 선명하게 보기 옵션이라는 거를 저희가 추가를 했습니다,
00:39:37,2377.1,00:39:40,2380.46,UNKNOWN,네 아마 지금 모니터로 이거 방송 화질로,
00:39:40,2380.46,00:39:43,2383.36,UNKNOWN,1080피로 이제 보시는 분들 같은 경우에는,
00:39:43,2383.36,00:39:45,2385.8,UNKNOWN,이 차이가 잘 안 느껴지실 수 있는데요,
00:39:45,2385.8,00:39:47,2387.56,UNKNOWN,네 뭐가 달라짐 이렇게 하시는데,
00:39:47,2387.56,00:39:51,2391.12,UNKNOWN,인게임에서 보시면은 사실 사용 안함 같은 경우는 좀 흐리고,
00:39:51,2391.12,00:39:54,2394.46,UNKNOWN,부드럽게 같은 경우에는 약간 도트가 아닌 느낌으로,
00:39:54,2394.46,00:39:56,2396.2,UNKNOWN,저희가 이런 최적화를 진행을 했는데,
00:39:56,2396.2,00:39:59,2399.54,UNKNOWN,도트 느낌으로 더 선명하게 해준다,
00:39:59,2399.54,00:40:02,2402.42,UNKNOWN,해상도가 높아져도 그렇게 해준다라는 개념이라서,
00:40:02,2402.42,00:40:05,2405.12,UNKNOWN,인게임 들어가서 확인해보시면은 지금보다,
00:40:05,2405.12,00:40:10,2410.12,UNKNOWN,좀 더 높아지는 그래픽 퀄리티 취향에 맞게,
00:40:10,2410.12,00:40:11,2411.92,UNKNOWN,좀 느끼실 수 있을 것 같고요,
00:40:11,2411.92,00:40:14,2414.46,UNKNOWN,종민아 넌 던파하냐 이런 질문도 주셨는데,
00:40:14,2414.46,00:40:17,2417.1,UNKNOWN,저도 영상 12만은 넘겨가지고,
00:40:17,2417.1,00:40:20,2420.84,UNKNOWN,지금 열심히 하고 있는 상태입니다,
00:40:20,2420.84,00:40:26,2426.04,UNKNOWN,그리고 또 추가적인 개선 사항들도 말씀드리고,
00:40:26,2426.04,00:40:27,2427.38,UNKNOWN,못 믿겠는데,
00:40:27,2427.38,00:40:31,2431.26,UNKNOWN,네 각성기 컷신 온오프 기능 세분화 추가돼서,
00:40:31,2431.26,00:40:34,2434.96,UNKNOWN,이제는 원하는 연출만 출력할 수 있는,
00:40:34,2434.96,00:40:37,2437.56,UNKNOWN,그런 기능들을 저희가 추가할 수 있도록,
00:40:37,2437.56,00:40:39,2439.54,UNKNOWN,이건 진짜 못 믿겠다,
00:40:39,2439.54,00:40:42,2442.44,UNKNOWN,무기고 등록하는 것들도 아마 이제 무기고 단축키는 있었는데,
00:40:42,2442.44,00:40:45,2445.7,UNKNOWN,등록 단축키가 없어가지고 그게 좀 아쉬우셨을 텐데,
00:40:45,2445.7,00:40:49,2449.16,UNKNOWN,아니 12만까지 키우면서 이 게임의 문제점을,
00:40:49,2449.16,00:40:52,2452.74,UNKNOWN,제대로 파악을 못하고 있다는 거 자체가 신뢰도가 떨어져,
00:40:52,2452.74,00:40:53,2453.88,UNKNOWN,그럴 리가 없어,
00:40:53,2453.88,00:40:55,2455.16,UNKNOWN,역속 12만 이름도 없어,
00:40:56,2456.04,00:40:58,2458.54,UNKNOWN,그리고 또 이제 가라드 오디세이 플레이 하시는 분들은,
00:40:58,2458.54,00:41:02,2462.18,UNKNOWN,모음 가용 장비 교체 알람 같은 이런 부분들도,
00:41:02,2462.18,00:41:05,2465.66,UNKNOWN,이제 신규 캐릭터를 키우시는 과정에서 필요할 수 있어서,
00:41:05,2465.66,00:41:08,2468.0,UNKNOWN,좀 준비를 했고요,
00:41:08,2468.0,00:41:12,2472.16,UNKNOWN,네 이런 편의성 부분도 앞으로 더 잘 챙겨 나가려고 하고요,
00:41:12,2472.16,00:41:14,2474.26,UNKNOWN,또 질문 한번 드려보고 싶은데,
00:41:14,2474.26,00:41:16,2476.84,UNKNOWN,그 혹시 그동안의 편의성 조치 중에,
00:41:16,2476.84,00:41:21,2481.36,UNKNOWN,좀 아 요거는 좀 괜찮았다 라는 그런 부분들이나,
00:41:21,2481.36,00:41:23,2483.84,UNKNOWN,뭐 개발자 수가 이건 잘했다 라는 부분들이나,
00:41:23,2483.84,00:41:25,2485.88,UNKNOWN,추가로 희망하시는 편의성 개선 사항,
00:41:25,2485.88,00:41:29,2489.3,UNKNOWN,같은 것들도 얘기 주시면 저희가 한번 좀,
00:41:29,2489.3,00:41:33,2493.04,UNKNOWN,뭐 이미 뭐 문의로도 주시고 뭐 인게임에서도 얘기 주시고,
00:41:33,2493.04,00:41:36,2496.26,UNKNOWN,뭐 창고 투판포는 괜찮았다 얘기 주시고,
00:41:36,2496.26,00:41:40,2500.6,UNKNOWN,여러 가지 얘기를 주시는데요,
00:41:40,2500.6,00:41:42,2502.12,UNKNOWN,그런 얘기들을 좀 받아서,
00:41:42,2502.12,00:41:45,2505.36,UNKNOWN,esc 메뉴를 살려줬으면 좋겠다,
00:41:45,2505.36,00:41:46,2506.4,UNKNOWN,토벌권은 괜찮았다,
00:41:46,2506.4,00:41:51,2511.9,UNKNOWN,토목품은 좀 더 편했으면 좋겠다,
00:41:51,2511.9,00:41:53,2513.8,UNKNOWN,이제 올라가는 속도가 굉장히 빨라 지는데,
00:41:53,2513.8,00:41:56,2516.08,UNKNOWN,저희 이거 그냥 그대로 흘려 보내지 않을 거고요,
00:41:56,2516.08,00:41:57,2517.08,UNKNOWN,도배는 하지 않을 거고요,
00:41:57,2517.08,00:41:57,2517.96,UNKNOWN,도배는 하지 않을 거고요,
00:41:57,2517.96,00:41:58,2518.66,UNKNOWN,도배는 하지 않으셔도 됩니다,
00:41:58,2518.66,00:42:01,2521.84,UNKNOWN,왜냐면은 저희가 다 저장을 해 가지고 볼 거니까,
00:42:01,2521.84,00:42:05,2525.96,UNKNOWN,토벌권 추가해 달라,
00:42:05,2525.96,00:42:09,2529.78,UNKNOWN,편의성은 아니지만 뭐 과업 너무 좀 크다,
00:42:09,2529.78,00:42:12,2532.58,UNKNOWN,아 과업 얘기 하나 드려야 될 거 같은데,
00:42:12,2532.58,00:42:15,2535.08,UNKNOWN,과업 같은 경우 저희 그 제가 죄송합니다,
00:42:15,2535.08,00:42:16,2536.22,UNKNOWN,디렉터 호트에서 쓴 거,
00:42:16,2536.22,00:42:17,2537.96,UNKNOWN,디렉터 포멘트에서 쓴 거하고 다르게,
00:42:17,2537.96,00:42:21,2541.68,UNKNOWN,성화가 적용이 된 거를 확인을 했고요,
00:42:21,2541.68,00:42:22,2542.76,UNKNOWN,정말 죄송합니다,
00:42:22,2542.76,00:42:25,2545.9,UNKNOWN,이 부분은 저희의 미스라고 말씀드리고,
00:42:25,2545.9,00:42:27,2547.08,UNKNOWN,죄송하다는 말씀드리고,
00:42:27,2547.96,00:42:30,2550.3,UNKNOWN,실섭에서 33%로 적용하는 게 아니라,
00:42:30,2550.3,00:42:33,2553.66,UNKNOWN,이번에 다시 원래대로 돌려서 40%로 적용해서,
00:42:33,2553.66,00:42:36,2556.98,UNKNOWN,클리어 하시는 것들을 조금 더 원활하게 할 수 있도록,
00:42:36,2556.98,00:42:39,2559.68,UNKNOWN,이거는 수정해서 실섭에 반영할 수 있도록 하겠습니다,
00:42:39,2559.68,00:42:43,2563.2,UNKNOWN,다시 한번 그 커뮤니케이션 잘 안 된 부분에 대해서는,
00:42:43,2563.2,00:42:45,2565.36,UNKNOWN,죄송하다는 말씀을 드립니다,
00:42:45,2565.36,00:42:49,2569.02,UNKNOWN,네 그리고 계속해서 여러 가지 올려 주시고 계신데요,
00:42:49,2569.02,00:42:51,2571.88,UNKNOWN,지금 말씀 주신 어떤 피드백들 절대 놓치지 않고,
00:42:51,2571.88,00:42:55,2575.88,UNKNOWN,다 확인하도록 하겠습니다,
00:42:55,2575.88,00:43:00,2580.5,UNKNOWN,네 디렉터 노트는 여기까지 좀 준비를 했고요,
00:43:00,2580.5,00:43:03,2583.46,UNKNOWN,이 디렉터 노트 오늘 같이 본 그 미공개 노트는,
00:43:03,2583.46,00:43:06,2586.24,UNKNOWN,이따가 오후 3시에 여러분들과 함께 본 노트는,
00:43:06,2586.24,00:43:07,2587.72,UNKNOWN,3시에 펏섭 오픈과 함께,
00:43:07,2587.72,00:43:11,2591.08,UNKNOWN,실제 공식 홈페이지에 업데이트를 할 예정입니다,
00:43:11,2591.08,00:43:13,2593.5,UNKNOWN,그리고 이제 다음은 많이 기다리셨을,
00:43:13,2593.5,00:43:16,2596.12,UNKNOWN,신규 캐릭터 소개 시간입니다,
00:43:16,2596.12,00:43:18,2598.0,UNKNOWN,이번에는 신규 캐릭터의 설정과,
00:43:18,2598.0,00:43:21,2601.04,UNKNOWN,개발에 참여해 주신 기획자 분들의 인터뷰를 통해서,
00:43:21,2601.04,00:43:23,2603.36,UNKNOWN,캐릭터를 좀 소개를 해 드릴 예정이에요,
00:43:23,2603.36,00:43:25,2605.36,UNKNOWN,아 벌써 끝 아닙니다 네,
00:43:25,2605.36,00:43:25,2605.86,UNKNOWN,네 형식도 좀 소개해 드릴 예정입니다 네,
00:43:25,2605.86,00:43:26,2606.86,UNKNOWN,형식도 좀 다르게 좀 준비를,
00:43:26,2606.86,00:43:30,2610.22,UNKNOWN,언제까지 기다리지예,
00:43:30,2610.22,00:43:33,2613.82,UNKNOWN,우리가 준비한 건 언제 하지예,
00:43:33,2613.82,00:43:37,2617.56,UNKNOWN,지혜엥 조금만 기다려,
00:43:37,2617.56,00:43:40,2620.8,UNKNOWN,네 마침 이어서 좀 소개를 드리려고 했는데요,
00:43:40,2620.8,00:43:43,2623.3,UNKNOWN,다소 갑작스러우실 수도 있을 것 같은데요,
00:43:43,2623.3,00:43:45,2625.86,UNKNOWN,방송 사고인 줄 아셨던 분들도 계시고,
00:43:45,2625.86,00:43:49,2629.8,UNKNOWN,이번 신규 캐릭터 소개는 최근 던파 엠버서더로 선정되신,
00:43:49,2629.8,00:43:53,2633.54,UNKNOWN,낡은창고님의 공식 캐릭터 지혜엥과 아니아니마가,
00:43:53,2633.54,00:43:55,2635.34,UNKNOWN,육전 맡아서 진행을 하도록,
00:43:55,2635.34,00:43:55,2635.84,UNKNOWN,아니 자리 비키지예,
00:43:55,2635.86,00:43:58,2638.74,UNKNOWN,이제 슬슬 우리 시간이야,
00:43:58,2638.74,00:44:01,2641.98,UNKNOWN,네 알겠습니다 그럼 준비된 캐릭터 소개 영상을 보고 나서,
00:44:01,2641.98,00:44:05,2645.53,UNKNOWN,다시 돌아오겠습니다,
00:44:05,2645.53,00:44:18,2658.57,UNKNOWN,날 막아선다면 다 부숴버리면 그만이야,
00:44:18,2658.57,00:44:21,2661.49,UNKNOWN,세상엔 악이 너무 많아,
00:44:21,2661.49,00:44:29,2669.56,UNKNOWN,그래서 눈에 띄는 족족 때려 눕혔지,
00:44:29,2669.56,00:44:40,2680.03,UNKNOWN,와 얘들 이렇게 뭐임,
00:44:40,2680.03,00:44:43,2683.71,UNKNOWN,재미있어 보이는 게 나타났네,
00:44:43,2683.71,00:44:46,2686.19,UNKNOWN,뭔가 안녕 나는 아니아니마 지혜엥도 인사할래?,
00:44:46,2686.19,00:44:47,2687.31,UNKNOWN,지혜엥도 인사할래?,
00:44:47,2687.31,00:44:48,2688.31,UNKNOWN,지혜엥도 인사할래?,
00:44:48,2688.31,00:44:48,2688.81,UNKNOWN,지혜엥도 인사할래?,
00:44:49,2689.19,00:44:51,2691.43,UNKNOWN,모험가 안녕하지예,
00:44:51,2691.43,00:44:54,2694.67,UNKNOWN,곧 3시가 되면 너희들의 새로운 동료,
00:44:54,2694.67,00:44:57,2697.43,UNKNOWN,제국기사의 1전직 브레이커와,
00:44:57,2697.43,00:45:00,2700.09,UNKNOWN,여프리스트의 5전직 임파이터를,
00:45:00,2700.09,00:45:02,2702.31,UNKNOWN,퍼스트 서버에서 만나볼 수 있을 텐데,
00:45:02,2702.31,00:45:06,2706.85,UNKNOWN,오늘은 조금 특별하게 퍼스트 서버 오픈을 기다리면서,
00:45:06,2706.85,00:45:10,2710.41,UNKNOWN,두 친구에 대해 미리 알아볼 수 있는 자리를 마련해봤어,
00:45:10,2710.41,00:45:16,2716.07,UNKNOWN,먼저 천에 천 업데이트 당시에 지급되었던 지혜엥 크리처와,
00:45:16,2716.07,00:45:19,2719.07,UNKNOWN,우리 둘의 각성 컷신을 많은 모험가들이 조언했고,
00:45:19,2719.19,00:45:21,2721.19,UNKNOWN,그는 지혜엥을 좋아해줬다고 전해 들었어,
00:45:21,2721.19,00:45:24,2724.19,UNKNOWN,좋아해줘서 너무 고맙지예,
00:45:24,2724.19,00:45:26,2726.19,UNKNOWN,지혜엥도 기뻐 보이네,
00:45:26,2726.19,00:45:30,2730.19,UNKNOWN,근데 지혜엥 크리처가 한 개밖에 지급되지 않아서,
00:45:30,2730.19,00:45:33,2733.19,UNKNOWN,아쉽다는 반응도 적지 않았던 것 같아,
00:45:33,2733.19,00:45:39,2739.19,UNKNOWN,그래서 지혜엥 크리처를 계정당 한 개씩 더 지급한다고 해,
00:45:39,2739.19,00:45:43,2743.19,UNKNOWN,그리고 내 크리처를 원하는 몇몇 모험가들이 있던 것 같아서,
00:45:43,2743.19,00:45:47,2747.19,UNKNOWN,지혜엥 크리처가 지급될 때 같이 지급되도록 준비하고 있다고 해,
00:45:47,2747.19,00:45:48,2748.19,UNKNOWN,지혜엥 크리처가 지급될 때 같이 지급되도록 준비하고 있네,
00:45:48,2748.19,00:45:49,2749.19,UNKNOWN,잘 뽑았네,
00:45:49,2749.19,00:45:50,2750.19,UNKNOWN,지혜엥 크리처가 지급될 때 같이 지급되도록 준비하고 있네,
00:45:50,2750.19,00:45:51,2751.19,UNKNOWN,지혜엥 크리처가 지급될 때 같이 지급되도록 준비하고 있네,
00:45:51,2751.19,00:45:52,2752.19,UNKNOWN,지혜엥 크리처가 지급될 때 같이 지급되도록 준비하고 있네,
00:45:52,2752.19,00:45:53,2753.19,UNKNOWN,지혜엥 크리처가 지급되도록 준비하고 있네,
00:45:53,2753.19,00:45:54,2754.19,UNKNOWN,지혜엥 크리처가 지급되도록 준비하고 있네,
00:45:54,2754.19,00:45:55,2755.19,UNKNOWN,지혜엥 크리처가 지급되도록 준비하고 있네,
00:45:55,2755.19,00:45:56,2756.19,UNKNOWN,지혜엥 크리처가 지급되도록 준비하고 있네,
00:45:56,2756.19,00:45:57,2757.19,UNKNOWN,지혜엥 크리처가 지급되도록 준비하고 있네,
00:45:57,2757.19,00:45:58,2758.19,UNKNOWN,지혜엥 크리처가 지급되도록 준비하고 있네,
00:45:58,2758.19,00:45:59,2759.19,UNKNOWN,지혜엥 크리처가 지급되도록 준비하고 있네,
00:45:59,2759.19,00:46:03,2763.81,UNKNOWN,아라드에서 이번에 새롭게 모험을 시작하는 제국기사도 여기 와있다고 하던데.,
00:46:04,2764.95,00:46:06,2766.57,UNKNOWN,제국기사? 어디있지?,
00:46:07,2767.91,00:46:12,2772.13,UNKNOWN,안녕. 작년 첫 공개된 시점부터 오래 기다리셨죠?,
00:46:13,2773.21,00:46:17,2777.55,UNKNOWN,아라드에서 펼쳐지는 모험에 드디어 함께하게 된 제국기사입니다.,
00:46:17,2777.55,00:46:26,2786.31,UNKNOWN,"다른 모험가들과 동행하게 되어 매우 영광이고, 한편으로는 긴장도 되는데요. 저도 잘 부탁드려요.",
00:46:26,2786.31,00:46:33,2793.73,UNKNOWN,"아! 다만, 여 귀검사와 동행하는 일은 적을수록 좋을 것 같네요.",
00:46:34,2794.51,00:46:36,2796.03,UNKNOWN,살기가 느껴지지?,
00:46:36,2796.63,00:46:44,2804.87,UNKNOWN,"먼저 작년에 제국기사가 처음 공개되었을 때, 많은 모험가들이 비주얼적으로 굉장히 마음에 들어하는 것 같았는데.",
00:46:46,2806.23,00:46:52,2812.31,UNKNOWN,사실 그 표정을 자세히 들여다보면 차갑고 도도한 분위기가 강하게 느껴지는 것 같아.,
00:46:52,2812.31,00:46:54,2814.31,UNKNOWN,마치 나처럼 말이야.,
00:46:55,2815.49,00:46:56,2816.31,UNKNOWN,그럴만한 이유가 드러났다.,
00:46:56,2816.31,00:46:59,2819.31,UNKNOWN,그 이유가 무엇인지 궁금하네요.,
00:47:00,2820.03,00:47:00,2820.83,UNKNOWN,"네, 맞습니다.",
00:47:00,2820.83,00:47:06,2826.03,UNKNOWN,제국의 훈련 과정을 수료했기 때문입니다.,
00:47:06,2826.81,00:47:11,2831.81,UNKNOWN,덕분에 이제는 겉으로나 속으로나 쉽게 흔들리는 법이 없죠.,
00:47:12,2832.61,00:47:24,2844.99,UNKNOWN,"저희 제국기사들은 가문이나 활동지역에 따라 각자 스타일이 많이 달라지지만, 공통적인 특징을 꼽자면 역시 골든리들이라는 비밀 조직 출신답게",
00:47:24,2844.99,00:47:25,2845.99,UNKNOWN,제국에 대한 충성심을 가지고 있습니다.,
00:47:25,2845.99,00:47:26,2846.29,UNKNOWN,제국에 대한 충성심을 가지고 있습니다.,
00:47:26,2846.29,00:47:37,2857.37,UNKNOWN,그리고 제 등에 새겨진 이 흉터는 단순한 상처가 아니라 제국에 바치는 저희의 맹세이자 자부심이에요.,
00:47:38,2858.71,00:47:40,2860.71,UNKNOWN,저희가 움직이는 이유는 명확하죠.,
00:47:41,2861.59,00:47:45,2865.25,UNKNOWN,"가문의 부흥, 그리고 제국의 빛나는 영광.",
00:47:46,2866.27,00:47:53,2873.57,UNKNOWN,"그러니 제국의 명의를 실추시키는 자가 있다면, 결코 가만두지 않을 거예요.",
00:47:53,2873.57,00:47:54,2874.57,UNKNOWN,음...,
00:47:55,2875.29,00:47:55,2875.57,UNKNOWN,뭔가 장난스럽군요.,
00:47:56,2876.29,00:47:59,2879.13,UNKNOWN,그냥 사마 건드렸다간 큰일이 날 것 같은 비장함이군.,
00:48:00,2880.41,00:48:02,2882.63,UNKNOWN,"지행, 우리도 조심해야겠어.",
00:48:03,2883.33,00:48:04,2884.29,UNKNOWN,미나 조심하지예!,
00:48:05,2885.55,00:48:14,2894.89,UNKNOWN,"그럼, 제국기사의 첫 번째 전직, 브레이커에 대해 조금 더 자세히 알아보고 싶은데, 그에 앞서 준비된 영상이 있다고 있지, 지행?",
00:48:15,2895.59,00:48:18,2898.51,UNKNOWN,맞지예! 다 같이 착석하지예!,
00:48:19,2899.61,00:48:20,2900.63,UNKNOWN,한번 보고 오지.,
00:48:28,2908.31,00:48:30,2910.23,UNKNOWN,안녕하세요. 던전의 파이터 시나리오 담당자입니다.,
00:48:30,2910.23,00:48:35,2915.23,UNKNOWN,"모험가 여러분, 안녕하세요. 던전의 파이터 캐릭터 담당자입니다.",
00:48:35,2915.23,00:48:44,2924.33,UNKNOWN,브레이커는 이전에 소개해드렸던 제국기사 캐릭터의 첫 번째 전직군인데요.,
00:48:44,2924.33,00:48:45,2925.33,UNKNOWN,던전의 파이터의 다른...,
00:48:45,2925.33,00:48:49,2929.33,UNKNOWN,왜 갑자기 호요버스식 약간 업데이트 소개로 바뀐 거지?,
00:48:49,2929.33,00:48:55,2935.33,UNKNOWN,각자 배치받은 조직과 성향에 따라 저마다의 특색 있는 컨셉과 전투 방식으로 분화하게 됩니다.,
00:48:55,2935.33,00:49:03,2943.33,UNKNOWN,"그 중 하나로 이번에 선보이는 브레이커를 한마디로 표현하자면, 제국에 대한 자부심이 그 누구보다 강한, 늘 자신감 넘치는 캐릭터입니다.",
00:49:03,2943.33,00:49:04,2944.21,UNKNOWN,네.,
00:49:04,2944.33,00:49:10,2950.33,UNKNOWN,굉장히 쾌활하고 단순 명료해서 복잡하게 생각하기보다는 몸으로 직접 부딪히는 스타일인데요.,
00:49:10,2950.33,00:49:16,2956.33,UNKNOWN,이런 저돌적인 성격과 전투 방식은 브레이커의 탄생 배경과 깊은 관련이 있습니다.,
00:49:16,2956.33,00:49:26,2966.33,UNKNOWN,훈련소에서 우수한 성적으로 훈련을 마치고 정식으로 골든 리들의 일원이 된 브레이커는 수도 비탈론 인근 병류지대라는 험난한 지역에 배정됩니다.,
00:49:26,2966.33,00:49:33,2973.33,UNKNOWN,제국은 거센 물살과 암초로 가득한 이 천혜의 요새를 역으로 이용해 새로운 침공 루트를 개척하고자 합니다.,
00:49:33,2973.33,00:49:45,2985.33,UNKNOWN,"마침내 수많은 희생 끝에 거친 환경을 극복하고, 해상에서의 특수한 전투방식에 적응한 이들이 나타났고, 이들이 바로 병류지대의 지배자라는 명예를 얻은 브레이커입니다.",
00:49:45,2985.33,00:49:57,2997.33,UNKNOWN,병류지대에서의 훈련 덕분에 브레이커의 전투방식은 어떠한 환경에서도 발디딜 틈만 있다면 기회를 포착해 단 한 번의 일격으로 적의 배를 침몰시키는 일격필살의 형태로 발전했습니다.,
00:49:57,2997.33,00:50:01,3001.33,UNKNOWN,그리고 이 전투를 완성시킨 것이 바로 브레이커의 전용무기 앵커인데요.,
00:50:01,3001.33,00:50:02,3002.33,UNKNOWN,앵커는 그 뱀을 침몰시키는 일격필살의 형태로 발전했습니다.,
00:50:02,3002.33,00:50:09,3009.33,UNKNOWN,앵커는 그 무기와 사이즈를 적극 활용해 포쾌하고 시원한 액션을 펼치는 브레이커에게 최적의 무기입니다.,
00:50:09,3009.33,00:50:17,3017.33,UNKNOWN,또한 단순히 적을 공격하는 무기를 넘어 서체를 발사해 몸을 순식간에 끌어당기는 방식으로 사용자에게 폭발적인 기동력을 제공하는데요.,
00:50:17,3017.33,00:50:26,3026.33,UNKNOWN,그리고 이런 기동력을 바탕으로 적에게 순식간에 접근해 강력한 한방을 터뜨리는 것이 브레이커가 보여줄 액션의 가장 큰 매력입니다.,
00:50:26,3026.33,00:50:28,3028.33,UNKNOWN,브레이커의 이야기는 여기서 끝나지 않습니다.,
00:50:28,3028.33,00:50:32,3032.33,UNKNOWN,아라드 각지를 여행하면서 그녀는 자신이 생각하던 것과 비슷했습니다.,
00:50:32,3032.33,00:50:38,3038.33,UNKNOWN,브레이커는 그들의 이상적인 모습과는 다른 강력한 패권으로 여러 지역에 간섭하는 제국의 실상을 마주하게 되는데요.,
00:50:38,3038.33,00:50:42,3042.33,UNKNOWN,"처음엔 제국이 가진 이상을 이루기 위해 어쩔 수 없는 희생이라고 생각했지만,",
00:50:42,3042.33,00:50:49,3049.33,UNKNOWN,골드네드를 이끌었던 로드릭 본덱스에게 자신들이 제국으로부터 벌어졌다는 소식을 듣고 혼란에 빠지게 됩니다.,
00:50:49,3049.33,00:50:58,3058.33,UNKNOWN,이후 다양한 사건을 경험한 브레이커는 내면적 성장을 거쳐 결국 베로스 제국이 자신이 생각하는 완벽한 국가가 아니라는 것을 인정하게 됩니다.,
00:50:58,3058.33,00:51:02,3062.33,UNKNOWN,그리고 브레이커는 좌절하는 대신 더 큰 목표를 향해 나아갑니다.,
00:51:02,3062.33,00:51:07,3067.33,UNKNOWN,상처를 둔 제국을 등지는 것이 아니라 자신의 손으로 변화시키기 위한 길을 걷게 되는 것인데요.,
00:51:07,3067.33,00:51:09,3069.33,UNKNOWN,그녀가 원하는 것은 오직 하나.,
00:51:09,3069.33,00:51:14,3074.33,UNKNOWN,베로스 제국을 자신이 꿈꾸던 이상적인 모습의 국가로 바꾸는 것이었습니다.,
00:51:14,3074.33,00:51:18,3078.33,UNKNOWN,"그러기 위해 제국을 무너지게 만드는 오래되어 썩은 뿌리부터 뽑아내야 했고,",
00:51:18,3078.33,00:51:23,3083.33,UNKNOWN,자신의 이득을 위해 골드네드를 사용하고 가차없이 버리는 일을 찾기로 결심합니다.,
00:51:23,3083.33,00:51:30,3090.33,UNKNOWN,"이처럼 브레이커는 앵커를 활용한 역동적인 움직임과 모든 것을 부숴버리는 강력한 한 방의 손맛,",
00:51:30,3090.33,00:51:32,3092.33,UNKNOWN,자신만의 정의를 실현해 나가는 서스틴.,
00:51:32,3092.33,00:51:40,3100.33,UNKNOWN,"브레이커와 함께 아라들을 누리는 새로운 모험이 즐거우시길 바라며, 많은 기대와 사랑 부탁드립니다. 감사합니다.",
00:51:40,3100.33,00:51:43,3103.5,UNKNOWN,새로운 인물아.,
00:51:43,3103.5,00:51:55,3115.27,UNKNOWN,드리저던 씨발.,
00:51:55,3115.27,00:52:18,3138.78,UNKNOWN,뱅가드랑 로제랑 합친 듯한 그런 느낌이에요.,
00:52:18,3138.78,00:52:25,3145.78,UNKNOWN,격려지대에서 주로 활동해서 그런지 스킬들이 시원시원하군. 피하기 쉽지 않겠어.,
00:52:25,3145.78,00:52:26,3146.78,UNKNOWN,맞아요.,
00:52:26,3146.78,00:52:28,3148.78,UNKNOWN,스킬 연출은 되게 괜찮은 것 같은데요.,
00:52:28,3148.78,00:52:31,3151.78,UNKNOWN,비유하자면 격려지대를 평정한 거친 파도랄까요?,
00:52:31,3151.78,00:52:33,3153.78,UNKNOWN,하지만 인물은 없을 것입니다.,
00:52:33,3153.78,00:52:42,3162.78,UNKNOWN,스킬을 파견되었을 때는 그 전장이 대지이건 바다이건 심지어 하늘이건 가리지 않는 막을 수 없는 해결사라고 할 수 있죠.,
00:52:42,3162.78,00:52:45,3165.78,UNKNOWN,그럼 수영도 엄청 잘하겠지예?,
00:52:45,3165.78,00:52:52,3172.78,UNKNOWN,그걸 질문이라고? 어떤 곳이든 압도적인 기동력을 보여줄 수 있다고요.,
00:52:52,3172.78,00:52:59,3179.78,UNKNOWN,그럼 스킬에 대해 자세히 알아보기 전에 모험가들이 더 궁금해할 만한 내용부터 설명이 필요할 것 같아.,
00:52:59,3179.78,00:53:02,3182.78,UNKNOWN,"예를 들어, 퍼 댐 케인지 고 댐 케인지.",
00:53:02,3182.78,00:53:06,3186.78,UNKNOWN,그리고 무기는 독자적인 무기를 사용하는 건지 등 말이야.,
00:53:06,3186.78,00:53:15,3195.78,UNKNOWN,"저는 힘을 주 스탯으로 사용하는 퍼 댐 케이고, 무기도 마창사와 공유하는 것이 아닌 독자적인 무기 앵커를 사용해요.",
00:53:15,3195.78,00:53:22,3202.78,UNKNOWN,"그리고 제 스킬은 크게 세 가지로 분류할 수 있는데, 전용 무기 앵커를 활용한 앵커 계열.",
00:53:22,3202.78,00:53:25,3205.78,UNKNOWN,그 앵커에 이어진 체인 계열.,
00:53:25,3205.78,00:53:29,3209.78,UNKNOWN,그리고 자신의 강철과 같은 몸을 활용한 철인 계열.,
00:53:29,3209.78,00:53:31,3211.78,UNKNOWN,이렇게 세 종류의 스킬을 사용하죠.,
00:53:31,3211.78,00:53:42,3222.78,UNKNOWN,"아, 계열이 분류된다고 해서 뭔가 계열별로 조건부가 있거나 하는 것은 아니지만, 오늘은 편의상 우선 이렇게 지칭하도록 할게요.",
00:53:42,3222.78,00:53:45,3225.78,UNKNOWN,앵커 계열부터 하나씩 들어봐야겠어.,
00:53:45,3225.78,00:53:49,3229.78,UNKNOWN,실제 스킬들을 보여드리면서 하나씩 설명해 드릴게요.,
00:53:49,3229.78,00:53:51,3231.78,UNKNOWN,"우선 앵커 계열 스킬은 브레이커의 대부분의 주 공격을 담당하고, 넓은 공격 범위를 자랑하고, 때로는 강력한 한 방을, 때로는 정신없게 몰아치는 연속 공격을 사용합니다.",
00:53:51,3231.78,00:53:53,3233.78,UNKNOWN,"우선 앵커 계열 스킬은 브레이커의 대부분의 주 공격을 담당하고, 넓은 공격 범위를 자랑하고, 때로는 강력한 한 방을, 때로는 정신없게 몰아치는 연속 공격을 사용합니다.",
00:54:01,3241.78,00:54:05,3245.78,UNKNOWN,"지엘, 어때요? 화려하고 강력해 보이죠?",
00:54:05,3245.78,00:54:10,3250.78,UNKNOWN,보기만 해도 빠지면 아플 거 같지?,
00:54:10,3250.78,00:54:15,3255.78,UNKNOWN,범위도 상당히 넓어 보이네? 미리 잘 파악해 둬야겠어.,
00:54:15,3255.78,00:54:28,3268.78,UNKNOWN,"이 중 교룡화 스킬은 VP 옵션을 통해 직접 날뛰지 않아도 교룡을 쏘아 보내는 형태로 변경되거나, 생존력을 더해줄 HP 회복 효과를 가진 스킬로 변모하기도 해요.",
00:54:28,3268.78,00:54:30,3270.78,UNKNOWN,"계속해서, 체인 계열 스킬에 대해서도,",
00:54:30,3270.78,00:54:31,3271.78,UNKNOWN,"계속해서, 체인 계열 스킬에 대해서도,",
00:54:31,3271.78,00:54:39,3279.84,UNKNOWN,체인 계열 스킬인 훅샷과 타이드 바운드는 앵커 계열 스킬의 딜레이를 캔슬하여 무적기로 사용하거나,
00:54:39,3279.84,00:54:46,3286.46,UNKNOWN,적의 어디에 있건 따라 붙는 강력한 추적기로도 사용할 수 있는 감초와 같은 역할의 스킬이에요,
00:54:46,3286.46,00:54:52,3292.78,UNKNOWN,이 스킬들을 활용해서 적에게 빈틈을 주지 않는 것이 제 주특기라고 할 수 있죠,
00:54:52,3292.78,00:54:55,3295.92,UNKNOWN,빈틈 내가 찾을 거지,
00:54:55,3295.92,00:55:00,3300.7,UNKNOWN,역시 정면으로 상대하기엔 쉽지 않겠어,
00:55:00,3300.7,00:55:03,3303.78,UNKNOWN,마지막으로 철인 계열 스킬이에요,
00:55:03,3303.78,00:55:13,3313.68,UNKNOWN,철인 계열 스킬은 공격 스킬의 역할은 물론 난전 속에서도 생존력이 떨어지지 않게 해줄 방어적인 역할을 동시에 수행해주는 스킬이에요,
00:55:13,3313.68,00:55:26,3326.4,UNKNOWN,이동기이면서 데미지 감소 효과도 보유하고 있는 러플 보딩과 피어스 임팩트를 시작으로 철인 계열과 앵커 계열 두 가지 모두 포함하고 있는 드레드풀 베러지라는 스킬도 있죠,
00:55:26,3326.4,00:55:30,3330.68,UNKNOWN,드레드풀 베러지 스킬은 VP 옵션을 통해 피니쉬 공격을 할 수 있는 스킬이에요,
00:55:30,3330.68,00:55:38,3338.28,UNKNOWN,피니쉬 공격만 스택형으로 시전하거나 쿨타임과 공격력이 증가하는 강력한 한방 스킬로도 선택이 가능하죠,
00:55:38,3338.28,00:55:45,3345.14,UNKNOWN,곧 오픈될 퍼스트 서버를 통해 빨리 저의 강력함을 선보일 수 있으면 좋겠어요,
00:55:45,3345.14,00:55:51,3351.22,UNKNOWN,브레이커에 대해 들으면 들을수록 여 임파이터에 대한 내용들도 궁금해지는걸,
00:55:51,3351.22,00:55:57,3357.08,UNKNOWN,여 임파이터도 준비된 영상이 있다고 하니 그것부터 같이 봐볼까요?,
00:55:57,3357.08,00:55:59,3359.4,UNKNOWN,나도 궁금하지에!,
00:55:59,3359.72,00:56:00,3360.08,UNKNOWN,얼른 틀어달라!,
00:56:00,3360.68,00:56:01,3361.18,UNKNOWN,얼른 틀어달라!,
00:56:01,3361.18,00:56:01,3361.68,UNKNOWN,얼른 틀어달라!,
00:56:01,3361.68,00:56:02,3362.18,UNKNOWN,얼른 틀어달라!,
00:56:02,3362.18,00:56:13,3373.12,UNKNOWN,얼른 틀어달라!,
00:56:13,3373.12,00:56:15,3375.12,UNKNOWN,어무가 여러분 안녕하세요,
00:56:15,3375.12,00:56:18,3378.12,UNKNOWN,던전앤파이터 캐릭터 담당자입니다,
00:56:18,3378.12,00:56:21,3381.12,UNKNOWN,안녕하세요 던전앤파이터 신나리오 담당자입니다,
00:56:21,3381.12,00:56:23,3383.12,UNKNOWN,여기저기 다 데려가서 따로 찍었어요,
00:56:23,3383.12,00:56:30,3390.59,UNKNOWN,이번 여 임파이터의 캐릭터성은 깊은 내면과 신념의 성장을 담아내는 것에 집중했습니다,
00:56:30,3390.59,00:56:37,3397.59,UNKNOWN,다른 여 프리스트들과 마찬가지로 여 임파이터 또한 어린 시절 검은 교단에 납치되어 큰 트라우마를 갖게 되었는데요,
00:56:37,3397.59,00:56:41,3401.63,UNKNOWN,검은 교단에 의해 씻을 수 없는 상처를 입은 그녀는 자신의 상처가 조금만 건드려지면,
00:56:41,3401.63,00:56:44,3404.63,UNKNOWN,주먹부터 다가가는 교단의 골칫덩이였습니다,
00:56:44,3404.63,00:56:47,3407.63,UNKNOWN,순식간에 다른 사람으로 돌변하는 것 같은 변화이지만,
00:56:47,3407.63,00:56:53,3413.63,UNKNOWN,이는 이성을 잃는 것이 아닌 오로지 자신의 의지로 전투의 쾌감에 집중하는 모습이기도 했죠,
00:56:53,3413.63,00:56:59,3419.63,UNKNOWN,다행히 그녀는 페이다 베오나르의 스승이자 임파이터인 클로체 그레이스와 만나게 됩니다,
00:56:59,3419.63,00:57:03,3423.63,UNKNOWN,클로체에게 신격권을 배우며 평소의 성격은 조금 안정되긴 했지만,
00:57:03,3423.63,00:57:07,3427.63,UNKNOWN,일단 싸움이 시작되면 억눌렀던 성격이 폭발하는 것은 막을 수 없었습니다,
00:57:07,3427.63,00:57:11,3431.63,UNKNOWN,특히 과거에 자신이 검은 교단에게 당한 일과 겹쳐 보이며,
00:57:11,3431.63,00:57:14,3434.63,UNKNOWN,아무도 말릴 수 없게 되는 경우가 허다했죠,
00:57:14,3434.63,00:57:18,3438.63,UNKNOWN,일체각성면 페르소나는 여임파이터의 이런 고민이 드러나는 의미입니다,
00:57:18,3438.63,00:57:21,3441.63,UNKNOWN,자신의 폭력성 때문에 힘들어하던 그녀는,
00:57:21,3441.63,00:57:25,3445.63,UNKNOWN,이것이 과연 신의 뜻을 따르는 자의 모습인가? 라는 고민 끝에,
00:57:25,3445.63,00:57:27,3447.63,UNKNOWN,다른 사람들에게 보여주기 위한 가면,
00:57:27,3447.63,00:57:31,3451.63,UNKNOWN,즉 페르소나를 쓰고 튀어나오려는 또 다른 자신을 억누르라고 합니다,
00:57:31,3451.63,00:57:34,3454.63,UNKNOWN,그러한 고민과 인내를 반복하던 그녀는,
00:57:34,3454.63,00:57:38,3458.63,UNKNOWN,자신이 나아가는 길이 올바른 신앙심을 토대로 하고 있음을 깨달으며,
00:57:38,3458.63,00:57:41,3461.63,UNKNOWN,이 폭력성 또한 자신의 일부임을 서서히 발견했습니다,
00:57:41,3461.63,00:57:44,3464.63,UNKNOWN,여임파이터는 그녀의 신앙을 받아들이기 시작합니다,
00:57:44,3464.63,00:57:48,3468.63,UNKNOWN,2차각성인 비에멘스에 이르러 그녀는 마침내 자신만의 해답을 찾습니다,
00:57:48,3468.63,00:57:50,3470.63,UNKNOWN,온전한 나로서 신의 뜻을 따를 것,
00:57:50,3470.63,00:57:55,3475.63,UNKNOWN,이 시점부터 여임파이터는 더 이상 자신의 투쟁 본능을 부정하지 않고,
00:57:55,3475.63,00:57:58,3478.63,UNKNOWN,오히려 신앙을 관철하는 강력한 수단으로 삼게 됩니다,
00:57:58,3478.63,00:58:02,3482.63,UNKNOWN,이로 인해 클로치에게 배웠던 절제된 느낌의 신격권과는 다른,
00:58:02,3482.63,00:58:06,3486.63,UNKNOWN,자신만의 폭발적인 공격성이 드러나는 전투 스타일이 확립되죠,
00:58:06,3486.63,00:58:10,3490.63,UNKNOWN,이처럼 새로운 여임파이터는 신앙심과 호전성으로 가는 반전 매력과,
00:58:10,3490.63,00:58:13,3493.63,UNKNOWN,깊은 고민을 거쳐 완성되는 단단한 내면,
00:58:13,3493.63,00:58:17,3497.63,UNKNOWN,그리고 텐션이라는 특징에 의한 폭발하는 파괴력이 살아있는 캐릭터입니다,
00:58:17,3497.63,00:58:20,3500.63,UNKNOWN,여임파이터와 함께 신념이 담긴 주먹으로,
00:58:20,3500.63,00:58:23,3503.63,UNKNOWN,자신만의 신의를 펼쳐나가는 여정을 즐겨주시길 바랍니다,
00:58:23,3503.63,00:58:26,3506.63,UNKNOWN,많은 기대와 사랑 부탁드립니다 감사합니다,
00:59:21,3561.08,00:59:25,3565.08,UNKNOWN,기존의 여프리스트들과는 다른 공기가 흐르는군,
00:59:25,3565.08,00:59:29,3569.08,UNKNOWN,어! 다시 원래대로 돌아왔다,
00:59:29,3569.08,00:59:33,3573.08,UNKNOWN,난 평소엔 이 감정을 통제하려 늘 애쓰고 있지,
00:59:33,3573.08,00:59:37,3577.08,UNKNOWN,하지만 싸움에 뛰어들어 피가 끓기 시작하면,
00:59:37,3577.08,00:59:42,3582.08,UNKNOWN,억눌렀던 감정이 터지면서 숨겨둔 호전성이 드러나게 돼,
00:59:42,3582.08,00:59:46,3586.08,UNKNOWN,이미 영상에서도 나왔지만 내가 쓰는 스킬들을 보면,
00:59:46,3586.08,00:59:50,3590.08,UNKNOWN,이런 끓어오르는 본성이 아주 고스란히 담겨있을 거야,
00:59:51,3591.08,00:59:54,3594.08,UNKNOWN,거의 폭력을 쥐고 악을 멸하는 것,
00:59:54,3594.08,00:59:56,3596.08,UNKNOWN,그게 내 방식이거든,
00:59:56,3596.08,01:00:01,3601.08,UNKNOWN,폭력으로 악을 멸하다니... 두렵지...,
01:00:01,3601.08,01:00:07,3607.08,UNKNOWN,그럼 먼저 여임파이터도 모험가들이 궁금해하는 요소부터 말해줘야겠어,
01:00:07,3607.08,01:00:12,3612.08,UNKNOWN,나도 퍼 댐 K고 주 스탯으론 힘을 사용하지,
01:00:12,3612.08,01:00:16,3616.08,UNKNOWN,무기는 당연히 남프리스트와 공유하는 형태야,
01:00:16,3616.08,01:00:20,3620.08,UNKNOWN,힘이 주 스탯에 퍼 댐 K를 넣어,
01:00:20,3620.08,01:00:21,3621.08,UNKNOWN,브레이커와 이기고,
01:00:21,3621.08,01:00:24,3624.08,UNKNOWN,여임파이터 모두 같은 타입인 거군,
01:00:24,3624.08,01:00:26,3626.08,UNKNOWN,헷갈릴 일은 없겠어,
01:00:26,3626.08,01:00:31,3631.08,UNKNOWN,이어서 내 중요한 특성이나 스킬들도 하나씩 소개해주지,
01:00:31,3631.08,01:00:34,3634.08,UNKNOWN,우선 지금 보이는 것처럼 일반적인 스킬들은,
01:00:34,3634.08,01:00:38,3638.08,UNKNOWN,빠르고 가볍게 연타하는 스킬들 위주로 구성되어 있고,
01:00:38,3638.08,01:00:42,3642.08,UNKNOWN,기본적으로 스킬 간 캔슬 연계가 가능해,
01:00:42,3642.08,01:00:45,3645.08,UNKNOWN,그리고 이 일반적인 스킬들 외로,
01:00:45,3645.08,01:00:48,3648.08,UNKNOWN,어그레시브 스킬로 분류되는 스킬도 있어,
01:00:48,3648.08,01:00:50,3650.08,UNKNOWN,어그레시브 스킬...,
01:00:50,3650.08,01:00:53,3653.08,UNKNOWN,그건 뭐지?,
01:00:53,3653.08,01:00:57,3657.08,UNKNOWN,이 어그레시브 스킬은 기본적으로 캔슬 연계는 불가능하지만,
01:00:57,3657.08,01:01:01,3661.08,UNKNOWN,묵직하고 강력한 스킬들로 구성되어 있어,
01:01:01,3661.08,01:01:07,3667.08,UNKNOWN,또한 고유의 텐션이라는 상태에 따라 스킬이 강화되는 특성을 가지고 있지,
01:01:07,3667.08,01:01:13,3673.08,UNKNOWN,지금 보이고 있는 스킬들이 텐션 상태일 때 어떻게 바뀌는지 먼저 보여줄게,
01:01:13,3673.08,01:01:21,3681.75,UNKNOWN,까불다간 큰일 나겠지?,
01:01:21,3681.75,01:01:23,3683.75,UNKNOWN,텐션은 말 그대로 내 텐션,
01:01:23,3683.75,01:01:27,3687.75,UNKNOWN,"한가지로 자랑은 아는 상대, 그 상대가 기분이나 감정을 뜻하는 건데",
01:01:27,3687.75,01:01:34,3694.75,UNKNOWN,난 적을 때리면 때릴수록 점차 억눌러왔던 내면의 폭력성이 점점 강해지게 되네,
01:01:34,3694.75,01:01:39,3699.75,UNKNOWN,그러다 폭력성이 최고조에 달했을 때 텐션 개방상태에 진입하게 되지,
01:01:39,3699.75,01:01:43,3703.75,UNKNOWN,일종의 존 상태에 들어가는 거군,
01:01:43,3703.75,01:01:47,3707.75,UNKNOWN,맞아 이 상태에서는 어그레시브 스킬이 강화되는 것은 물론,
01:01:47,3707.75,01:01:51,3711.75,UNKNOWN,기존에는 불가능했던 스킬 연계까지 가능해지게 돼,
01:01:51,3711.75,01:01:56,3716.95,UNKNOWN,한마디로 텐션 개방 상태에서는 모든 스킬의 후 딜레이를 캔슬하여 연계하는 걸로,
01:01:56,3716.95,01:02:03,3723.41,UNKNOWN,한순간에 강력하고 묵직한 어그레시브 스킬들을 연계하여 퍼붓는 플레이가 가능해진다는 거지,
01:02:03,3723.41,01:02:08,3728.11,UNKNOWN,아! 마지막으로 위빙에 대해서도 말해줘야겠군,
01:02:08,3728.11,01:02:11,3731.79,UNKNOWN,위빙은 나의 고유 이동 회피 기술이야,
01:02:11,3731.79,01:02:20,3740.05,UNKNOWN,시전 중 무적이 부여되고 일반적인 스킬들과 동일한 규칙으로 다른 스킬 시전 중에 캔슬해서 연계하는 것도 가능해,
01:02:20,3740.05,01:02:25,3745.55,UNKNOWN,지금 보이는 것처럼 제자리에서 움직이지 않고 그 자체로 사용할 수도,
01:02:25,3745.55,01:02:28,3748.33,UNKNOWN,2회 연속으로도 사용할 수 있어,
01:02:28,3748.33,01:02:33,3753.45,UNKNOWN,이 위빙을 활용해서 적과의 교정거리를 자유롭게 조정하거나,
01:02:33,3753.45,01:02:39,3759.05,UNKNOWN,제자리 시전을 통해 상대의 공격을 흘리고 다시 내 공격을 이어나갈 수 있지,
01:02:39,3759.05,01:02:43,3763.29,UNKNOWN,둘 다 특징부터 전투 방식까지 닮은 곳 하나 없지만,
01:02:43,3763.29,01:02:47,3767.05,UNKNOWN,개성이 뚜렷한 점 하나만큼은 공통적인 것 같군,
01:02:47,3767.05,01:02:51,3771.36,UNKNOWN,자 이제 퍼스트 서버 오픈할까?,
01:02:51,3771.36,01:02:55,3775.36,UNKNOWN,지금까지도 얼마 안 남았고 슬슬 마무리해야 할 시간이야,
01:02:55,3775.36,01:02:59,3779.36,UNKNOWN,벌써 헤어질 시간이라니 조금 아쉬운걸?,
01:02:59,3779.36,01:03:06,3786.36,UNKNOWN,이렇게 평소와 조금 다른 형태로 모험가들과 먼저 만나볼 수 있어서 난 꽤나 재밌었어,
01:03:06,3786.36,01:03:11,3791.36,UNKNOWN,본격적인 모험을 시작하기 전 몸풀이가 이제 끝난 것 같다고,
01:03:11,3791.36,01:03:18,3798.36,UNKNOWN,"제국기사, 어때? 너도 아라드에서의 모험을 시작할 준비는 이제 충분하지?",
01:03:18,3798.36,01:03:19,3799.36,UNKNOWN,그럼요,
01:03:19,3799.36,01:03:21,3801.36,UNKNOWN,하루라도 빨리 모험을 시작해야지,
01:03:21,3801.36,01:03:24,3804.36,UNKNOWN,시작하고 싶네요. 아주 기대된답니다,
01:03:24,3804.36,01:03:30,3810.36,UNKNOWN,짧은 시간이었지만 끝까지 함께 해준 모험가들 정말 고마워요,
01:03:30,3810.36,01:03:33,3813.36,UNKNOWN,저희 모두 아라드에서 만나요,
01:03:33,3813.36,01:03:34,3814.36,UNKNOWN,안녕,
01:03:34,3814.36,01:03:36,3816.36,UNKNOWN,잘 가지예,
01:03:36,3816.36,01:03:46,3826.26,UNKNOWN,지앤과 아니아니마가 소개해준 신규 캐릭터 소개 영상 같이 보셨습니다,
01:03:46,3826.26,01:03:50,3830.26,UNKNOWN,아까 레드님 런종민이라고 하셨는데 아직 안 갔고요,
01:03:50,3830.26,01:03:53,3833.26,UNKNOWN,지금 영상 보셨는데,
01:03:53,3833.26,01:03:58,3838.26,UNKNOWN,브레이커와 여인파이터 중에 어떤 전직에 조금 더 호감이 좀 가셨나요?,
01:03:58,3838.26,01:04:00,3840.26,UNKNOWN,여러분들은 둘 중에 하나를 선택하신다면,
01:04:00,3840.26,01:04:02,3842.26,UNKNOWN,아니 뭐 둘 다 선택하셔도 되는데요,
01:04:02,3842.26,01:04:04,3844.26,UNKNOWN,"둘 다도 있고 브레이커, 여인파",
01:04:04,3844.26,01:04:06,3846.26,UNKNOWN,"브레이커, 여인파, 기사",
01:04:06,3846.26,01:04:08,3848.26,UNKNOWN,어 네,
01:04:08,3848.26,01:04:10,3850.26,UNKNOWN,네네네 어 둘 다,
01:04:10,3850.26,01:04:11,3851.26,UNKNOWN,아 네,
01:04:11,3851.26,01:04:12,3852.26,UNKNOWN,아 감사합니다,
01:04:12,3852.26,01:04:19,3859.26,UNKNOWN,제가 이거 질문 드리면서 제일 걱정했던 게 응 안에 너나 해 이거를 제일 걱정했었거든요,
01:04:19,3859.26,01:04:21,3861.26,UNKNOWN,정말 감사합니다,
01:04:21,3861.26,01:04:22,3862.26,UNKNOWN,그,
01:04:22,3862.26,01:04:24,3864.26,UNKNOWN,I,
01:04:24,3864.26,01:04:26,3866.26,UNKNOWN,새로운 방식으로 캐릭터를 소개해 봤는데요,
01:04:26,3866.26,01:04:28,3868.26,UNKNOWN,이 방식은 좀 어떠셨나요?,
01:04:28,3868.26,01:04:33,3873.85,UNKNOWN,해명 부탁해도 되나?,
01:04:33,3873.85,01:04:35,3875.85,UNKNOWN,너나 해는 이제 그만해주시고,
01:04:35,3875.85,01:04:38,3878.85,UNKNOWN,이 방식에 대한 얘기를 좀 주시면,
01:04:40,3880.85,01:04:42,3882.85,UNKNOWN,좋으셨다는 분들도 있으시고,
01:04:42,3882.85,01:04:46,3886.85,UNKNOWN,아까 보니까 더빙은 좀 짧았으면 좋겠다도 좀 있었고 그냥,
01:04:46,3886.85,01:04:48,3888.85,UNKNOWN,네네 재밌었다,
01:04:48,3888.85,01:04:53,3893.85,UNKNOWN,아무래도 저를 보는 것보다는 좀 낫지 않을까라고 생각해서 시도를 한번 해봤는데요,
01:04:53,3893.85,01:04:55,3895.85,UNKNOWN,앞으로도 여러 가지 좀 시도를 해보면서,
01:04:55,3895.85,01:05:02,3902.85,UNKNOWN,재미있게 소개를 좀 해드릴 수 있는 방법들 소통할 수 있는 방법들 더 찾아보도록 하겠습니다,
01:05:02,3902.85,01:05:03,3903.85,UNKNOWN,네,
01:05:03,3903.85,01:05:06,3906.85,UNKNOWN,네 오늘 브레이커와 여인파이터를 소개해 드리는 자리인 만큼,
01:05:06,3906.85,01:05:11,3911.85,UNKNOWN,함께 업데이트를 기다려 주신 모험가님들 위한 소소한 선물도 좀 준비를 해 봤습니다,
01:05:11,3911.85,01:05:14,3914.85,UNKNOWN,먼저 신규 캐릭터가 두 개 업데이트 되면서,
01:05:14,3914.85,01:05:20,3920.85,UNKNOWN,사전 예약을 포함한 캐릭터 프리뷰 페이지와 매거진도 오늘 방송 이후에 오픈이 될 예정입니다,
01:05:20,3920.85,01:05:21,3921.85,UNKNOWN,어,
01:05:21,3921.85,01:05:24,3924.85,UNKNOWN,그 준비한 페이지와 매거진에서는 오늘 공개된,
01:05:24,3924.85,01:05:31,3931.85,UNKNOWN,신규 캐릭터의 그 자세한 정보들이나 아까 잠깐 슥 지나갔던 원화 같은 것들도 저희가 모아놨거든요,
01:05:31,3931.85,01:05:33,3933.85,UNKNOWN,참고하시면 될 것 같고요,
01:05:33,3933.85,01:05:39,3939.85,UNKNOWN,캐릭터 스토리 담은 미니게임 두 가지도 같이 준비를 했으니 같이 즐겨보시면 좋겠습니다,
01:05:39,3939.85,01:05:44,3944.85,UNKNOWN,사전 예약에 참여해 주신 모든 모험가님께는 신규 캐릭터 전용 게시 각각 천 개씩에,
01:05:44,3944.85,01:05:51,3951.85,UNKNOWN,모든 캐릭터에 사용할 수 있는 게시 천 개를 더해서 3천 개의 게시를 6월 4일에 받으실 수 있도록 준비를 했고요,
01:05:51,3951.85,01:05:53,3953.85,UNKNOWN,거기에 모든 모험가 분들께 브레이커와 여인파이터의 소소한 선물도 준비해 주시면 좋겠습니다,
01:05:54,3954.85,01:05:59,3959.85,UNKNOWN,그리고 모든 모험가 분들께 브레이커가 사용할 수 있는 신규 전직 전용 무기 아바타와 전직에서 아바타,
01:05:59,3959.85,01:06:01,3961.85,UNKNOWN,팝핑팝핑 크리쳐도 드릴 예정입니다,
01:06:01,3961.85,01:06:07,3967.85,UNKNOWN,지금 화면 오른쪽 아래에 보이는 그 이모티콘들도 모두 드릴 예정입니다,
01:06:07,3967.85,01:06:13,3973.85,UNKNOWN,네 아쉽다는 얘기를 좀 주셨어요 뭐 3일치 밖에 안 된다 뭐 이런 얘기 주셨는데,
01:06:13,3973.85,01:06:17,3977.85,UNKNOWN,게시는 아니지만 그래도 조금 더 준비한 게 있어서 말씀드리겠습니다,
01:06:17,3977.85,01:06:21,3981.85,UNKNOWN,그리고 오늘 방송 함께해 주신 모든 모험가 분들께 감사의 의미를 담아서,
01:06:21,3981.85,01:06:23,3983.85,UNKNOWN,태초 초월의 돌과 클론 레어 아바타 풀세트 상자,
01:06:24,3984.85,01:06:29,3989.85,UNKNOWN,찬란한 엠블렘과 플래티넘 엠블렘 선택 상자도 같이 준비를 했습니다,
01:06:29,3989.85,01:06:36,3996.85,UNKNOWN,아까 지에엥과 아니야니마가 이야기한 대로 아니야니마와 지에엥 크리쳐 상자도 같이 제공을 해 드릴 예정이고요,
01:06:36,3996.85,01:06:42,4002.85,UNKNOWN,방금 말씀드린 선물들은 지금 게임 접속하시면 바로 받아 가실 수 있습니다,
01:06:42,4002.85,01:06:51,4011.85,UNKNOWN,그리고 내일부터 진행되는 플레이 엑스포 현장에서는 지에엥 굿즈 그리고 증각성 팝핑팝핑 크리쳐 상자를 드릴 예정이에요,
01:06:51,4011.85,01:06:53,4013.85,UNKNOWN,개인 일정상 직접 행사에 참가하시면 됩니다.,
01:06:54,4014.85,01:06:58,4018.85,UNKNOWN,그리고 지에엥을 못하시는 분들이나 거리가 멀어서 못 오시는 분들도 계실 거예요,
01:06:58,4018.85,01:07:03,4023.85,UNKNOWN,그래서 21일날 저희가 온라인에 페이지를 하나 만들었어요,
01:07:03,4023.85,01:07:12,4032.85,UNKNOWN,그 페이지에서 운영되는 미니게임 하시면은 아니야니마와 지에엥 크리쳐 선택 상자도 하나 더 받으실 수 있도록 준비를 했습니다,
01:07:12,4032.85,01:07:16,4036.85,UNKNOWN,지에엥 굿즈 뭐 아쉬워하시는 분들도 많으신 것 같아요,
01:07:16,4036.85,01:07:19,4039.85,UNKNOWN,굿즈 탐난다 마스카님님 얘기해 주시는데,
01:07:19,4039.85,01:07:21,4041.85,UNKNOWN,요거는 못 오시는 분들께 어떻게 확보를 할 수 있는지를 한번 설명해 드리겠습니다.,
01:07:24,4044.85,01:07:27,4047.85,UNKNOWN,파악은 한번 좀 해보도록 하겠습니다,
01:07:27,4047.85,01:07:37,4057.85,UNKNOWN,그리고 플레이 엑스포 던파 부스는 모험가님들 같은 경우에는 플레이 엑스포를 무료로 입장하실 수 있도록 준비를 했어요,
01:07:37,4057.85,01:07:43,4063.85,UNKNOWN,던파원을 인증을 하시면 무료로 입장하실 수 있도록 별도의 초대권 배포 부스도 운영할 예정이니까요,
01:07:43,4063.85,01:07:48,4068.85,UNKNOWN,던파 유저분들 같은 경우에는 맘 편하게 오시면 될 것 같습니다,
01:07:48,4068.85,01:07:52,4072.85,UNKNOWN,네 이렇게 여러분들과 함께 디렉터 노트도 읽어보고 신규 캐릭터도 소개를 드렸는데요.,
01:07:52,4072.85,01:07:53,4073.85,UNKNOWN,네 이렇게 여러분들과 함께 디렉터 노트도 읽어보고 신규 캐릭터도 소개를 드렸는데요.,
01:07:53,4073.85,01:08:01,4081.85,UNKNOWN,오늘 진행해본 이런 방송 구성 시간대 뭐 이런 것들에 대한 여러분들의 생각은 어떠신가요?,
01:08:01,4081.85,01:08:10,4090.29,UNKNOWN,여러분들 주시고 계신데,
01:08:10,4090.29,01:08:16,4096.29,UNKNOWN,네 소통 더 자주 하자 아 2시는 좀 아니다 네,
01:08:16,4096.29,01:08:20,4100.29,UNKNOWN,내용 자체에 대해서도 얘기를 많이 주시고요.,
01:08:20,4100.29,01:08:23,4103.29,UNKNOWN,아 저녁이 좀 더 좋겠다 뭐 이런 얘기도 주시는데,
01:08:23,4103.29,01:08:25,4105.29,UNKNOWN,그냥 자주 하자 이런 얘기도 많이 주시네요.,
01:08:25,4105.29,01:08:27,4107.29,UNKNOWN,네 알겠습니다 여러분들 많이 의견 주시길 바라겠습니다.,
01:08:27,4107.29,01:08:28,4108.29,UNKNOWN,네 알겠습니다 여러분들 많이 의견 주시길 바라겠습니다.,
01:08:28,4108.29,01:08:29,4109.29,UNKNOWN,네 알겠습니다 여러분들 많이 의견 주시길 바라겠습니다.,
01:08:29,4109.29,01:08:30,4110.29,UNKNOWN,네 알겠습니다 여러분들 많이 의견 주시길 바라겠습니다.,
01:08:30,4110.29,01:08:31,4111.29,UNKNOWN,네 알겠습니다 여러분들 많이 의견 주시길 바라겠습니다.,
01:08:31,4111.29,01:08:32,4112.29,UNKNOWN,네 알겠습니다 여러분들 많이 의견 주시길 바라겠습니다.,
01:08:32,4112.29,01:08:33,4113.29,UNKNOWN,네 알겠습니다 여러분들 많이 의견 주시길 바라겠습니다.,
01:08:33,4113.29,01:08:34,4114.29,UNKNOWN,네 알겠습니다 여러분들 많이 의견 주시길 바라겠습니다.,
01:08:34,4114.29,01:08:35,4115.29,UNKNOWN,네 알겠습니다 여러분들 많이 의견 주시길 바라겠습니다.,
01:08:35,4115.29,01:08:36,4116.29,UNKNOWN,네 알겠습니다 여러분들 많이 의견 주시길 바라겠습니다.,
01:08:36,4116.29,01:08:37,4117.29,UNKNOWN,네 알겠습니다 여러분들 많이 의견 주시길 바라겠습니다.,
01:08:37,4117.29,01:08:38,4118.29,UNKNOWN,네 알겠습니다 여러분들 많이 의견 주시길 바라겠습니다.,
01:08:38,4118.29,01:08:39,4119.29,UNKNOWN,네 알겠습니다 여러분들 많이 의견 주시길 바라겠습니다.,
01:08:39,4119.29,01:08:40,4120.29,UNKNOWN,네 알겠습니다 여러분들 많이 의견 주시길 바라겠습니다.,
01:08:40,4120.29,01:08:41,4121.29,UNKNOWN,네 알겠습니다 여러분들 많이 의견 주시길 바라겠습니다.,
01:08:41,4121.29,01:08:42,4122.29,UNKNOWN,네 알겠습니다 여러분들 많이 의견 주시길 바라겠습니다.,
01:08:42,4122.29,01:08:45,4125.75,UNKNOWN,다 언급해드리거나 닉네임을 다 읽어드리지는 못했습니다.,
01:08:45,4125.75,01:08:52,4132.07,UNKNOWN,그래도 이 채팅창으로 주신 의견들 함께 보고 있는 저희 개발팀 모두가 꼼꼼하게 체크하고 있고요.,
01:08:52,4132.43,01:08:57,4137.25,UNKNOWN,이것들 나중에 다 다운받아가지고 다시 다 한번 정독 한번 해보겠습니다.,
01:08:57,4137.63,01:09:04,4144.85,UNKNOWN,그리고 반영 가능한 사항들은 최대한 빠른 시일 내에 공지사항이나 디렉터 노트를 통해서 안내해드리겠습니다.,
01:09:05,4145.33,01:09:09,4149.59,UNKNOWN,"네, 아, 아포 매칭 개선 얘기들을 좀 주시는데요.",
01:09:09,4149.59,01:09:13,4153.21,UNKNOWN,닉네임은 못 읽었는데 몇몇 분들이 얘기를 좀 주셨습니다.,
01:09:13,4153.89,01:09:17,4157.07,UNKNOWN,이거 관련해서 지금 작업하고 있는 게 하나 있습니다.,
01:09:17,4157.31,01:09:25,4165.29,UNKNOWN,저희 운영팀에서 그동안 아포 매칭에서 정상적으로 플레이 안 하셨던 분들을 전수조사를 진행을 했습니다.,
01:09:26,4166.17,01:09:33,4173.45,UNKNOWN,그래서 다른 모험가님들의 플레이를 불편하게 하셨던 그 모험가님들을 반복해서 하신 분들을 찾았고요.,
01:09:33,4173.45,01:09:35,4175.91,UNKNOWN,총 34명 정도.,
01:09:35,4175.91,01:09:38,4178.35,UNKNOWN,매칭에서 지랄 연방한 애들 정지복에다.,
01:09:38,4178.35,01:09:39,4179.27,UNKNOWN,어쩌지 하면 안 되니까.,
01:09:39,4179.59,01:09:45,4185.83,UNKNOWN,공수하고 있는데 이번 주 목요일 날 운영정책 기반으로 제재된다는 공지가 올라갈 거고요.,
01:09:45,4185.83,01:09:50,4190.09,UNKNOWN,정기적으로 이렇게 수질관리 진행을 할 예정입니다.,
01:09:50,4190.09,01:10:03,4203.29,UNKNOWN,그리고 시스템적으로도 좀 더 보완을 해가지고 이런 부분들 여러분들 매칭 사실은 좀 마음 편히 가자라는 건데 매칭 누르면서 두근두근하는 그것도 저는 원했던 저희의 그런 마음은 아니거든요.,
01:10:03,4203.29,01:10:07,4207.39,UNKNOWN,그래서 더 이런 수질관리들 잘 할 수 있도록 하겠습니다.,
01:10:07,4207.39,01:10:08,4208.89,UNKNOWN,아니 그 지금 수질관리나.,
01:10:08,4208.89,01:10:09,4209.29,UNKNOWN,그리고.,
01:10:09,4209.29,01:10:12,4212.05,UNKNOWN,아까 그 잠깐 나왔던 얘기인데요.,
01:10:12,4212.05,01:10:19,4219.63,UNKNOWN,저도 좀 겪었던 건데 저희 그 트레이드창이 어느 순간부턴가 맨 뒤로 그 밀려지는 그 이슈가 좀 있었어요.,
01:10:19,4219.63,01:10:20,4220.63,UNKNOWN,그래서 거래할 때.,
01:10:20,4220.63,01:10:25,4225.73,UNKNOWN,이미 똥통인데 거기서 큰 건더기 건너기 건져내겠다는 말로밖에 안 되는.,
01:10:25,4225.73,01:10:30,4230.45,UNKNOWN,요거도 체크해가지고 개선할 수 있도록 하겠습니다.,
01:10:30,4230.45,01:10:35,4235.45,UNKNOWN,그런 것들도 사실은 정말 자주 쓰는 건데 불편하게 해드려서 정말 죄송합니다.,
01:10:35,4235.45,01:10:37,4237.45,UNKNOWN,네.,
01:10:39,4239.29,01:10:50,4250.63,UNKNOWN,또 뭐 채팅에서 뭐 다계정 뭐 이런 얘기들도 주시는데 사실 이 부분 같은 경우에는 저희가 이번에 뭐 용병단이나 뭐 저희도 뭐 있죠.,
01:10:50,4250.63,01:11:00,4260.05,UNKNOWN,용병단도 있고 인게임에 아주 그냥 진짜 중요한 모험단 같은 것들이 사실은 지금 잘 작동하지 않는 게 문제가 아닐까라는 좀 생각을 하고 있습니다.,
01:11:00,4260.05,01:11:04,4264.15,UNKNOWN,그래서 좀 근본적으로 이런 기반 시스템 같은 경우들을 좀 잘 건드려가지고 한 계정의 모험단을 애정 있게 키우시는 분들 같은 경우에 더 애정 있게 키우시는 분들이 많을 것 같아요.,
01:11:04,4264.15,01:11:04,4264.19,UNKNOWN,네.,
01:11:04,4264.19,01:11:04,4264.29,UNKNOWN,네.,
01:11:04,4264.29,01:11:04,4264.35,UNKNOWN,네.,
01:11:04,4264.35,01:11:04,4264.39,UNKNOWN,네.,
01:11:04,4264.39,01:11:04,4264.45,UNKNOWN,네.,
01:11:04,4264.45,01:11:04,4264.55,UNKNOWN,네.,
01:11:04,4264.55,01:11:04,4264.65,UNKNOWN,네.,
01:11:04,4264.65,01:11:04,4264.69,UNKNOWN,네.,
01:11:04,4264.69,01:11:04,4264.75,UNKNOWN,네.,
01:11:04,4264.75,01:11:04,4264.79,UNKNOWN,네.,
01:11:04,4264.79,01:11:04,4264.85,UNKNOWN,네.,
01:11:04,4264.85,01:11:04,4264.95,UNKNOWN,네.,
01:11:04,4264.95,01:11:04,4264.99,UNKNOWN,네.,
01:11:04,4264.99,01:11:05,4265.05,UNKNOWN,네.,
01:11:05,4265.05,01:11:05,4265.09,UNKNOWN,네.,
01:11:05,4265.09,01:11:05,4265.15,UNKNOWN,네.,
01:11:05,4265.15,01:11:05,4265.19,UNKNOWN,네.,
01:11:05,4265.19,01:11:05,4265.25,UNKNOWN,네.,
01:11:05,4265.25,01:11:05,4265.29,UNKNOWN,네.,
01:11:05,4265.29,01:11:05,4265.35,UNKNOWN,네.,
01:11:05,4265.35,01:11:05,4265.39,UNKNOWN,네.,
01:11:05,4265.39,01:11:05,4265.47,UNKNOWN,네.,
01:11:05,4265.47,01:11:05,4265.51,UNKNOWN,네.,
01:11:05,4265.51,01:11:05,4265.55,UNKNOWN,네.,
01:11:05,4265.55,01:11:05,4265.57,UNKNOWN,네.,
01:11:05,4265.57,01:11:05,4265.61,UNKNOWN,네.,
01:11:05,4265.61,01:11:05,4265.67,UNKNOWN,네.,
01:11:05,4265.67,01:11:05,4265.77,UNKNOWN,네.,
01:11:05,4265.77,01:11:05,4265.79,UNKNOWN,네.,
01:11:05,4265.79,01:11:05,4265.83,UNKNOWN,네.,
01:11:05,4265.83,01:11:05,4265.87,UNKNOWN,네.,
01:11:05,4265.87,01:11:05,4265.97,UNKNOWN,네.,
01:11:05,4265.97,01:11:06,4266.01,UNKNOWN,네.,
01:11:06,4266.01,01:11:06,4266.07,UNKNOWN,네.,
01:11:06,4266.07,01:11:06,4266.11,UNKNOWN,네.,
01:11:06,4266.11,01:11:06,4266.15,UNKNOWN,네.,
01:11:06,4266.15,01:11:06,4266.19,UNKNOWN,네.,
01:11:06,4266.19,01:11:06,4266.25,UNKNOWN,네.,
01:11:06,4266.25,01:11:06,4266.29,UNKNOWN,네.,
01:11:06,4266.29,01:11:06,4266.37,UNKNOWN,네.,
01:11:06,4266.37,01:11:06,4266.39,UNKNOWN,네.,
01:11:06,4266.39,01:11:06,4266.41,UNKNOWN,네.,
01:11:06,4266.41,01:11:06,4266.45,UNKNOWN,네.,
01:11:06,4266.45,01:11:06,4266.55,UNKNOWN,네.,
01:11:06,4266.55,01:11:14,4274.77,UNKNOWN,예정 있게 키우시는 분들 같은 경우에 더 혜택을 받을 수 있는 것들도 계속 금은 좀 해 보도록 하겠습니다.,
01:11:14,4274.77,01:11:23,4283.38,UNKNOWN,네 중천 장비 파밍도 얘기 많이 주시는데 사실 조금 개선되긴 했습니다만 여전히 좀 부족한 것 같습니다.,
01:11:23,4283.38,01:11:35,4295.38,UNKNOWN,이런 부분들도 더 개선할 수 있는 방법들도 파악해 보고 이번에 사실 더 걱정하시는 게 신규 캐릭터 키우면서도 중천 장비 때문에 걱정 많이 하실 것 같아서 이 부분은 좀 확실하게,
01:11:35,4295.38,01:11:39,4299.16,UNKNOWN,지원할 수 있도록 저희가 잘 준비를 하도록 하겠습니다.,
01:11:40,4300.56,01:11:44,4304.66,UNKNOWN,사실 맨날 고민하는 게 이런 개선 같은 것들 진행을 할 때,
01:11:44,4304.66,01:11:49,4309.5,UNKNOWN,기존에 하셨던 분들과 지금 따라가야 되는 부분들에 대한,
01:11:49,4309.5,01:11:54,4314.0,UNKNOWN,이 완급 조절이나 이 선을 잡는 게 굉장히 어렵기도 하고,
01:11:54,4314.0,01:11:56,4316.74,UNKNOWN,잠깐 잘못했다가는 어떤 일이 발생할지 모르기 때문에,
01:11:56,4316.74,01:11:57,4317.94,UNKNOWN,그런 어려움이 있었는데요.,
01:11:58,4318.06,01:12:01,4321.92,UNKNOWN,이제는 조금 더 많이 시도하면서 피드백도 좀 듣고,
01:12:01,4321.92,01:12:03,4323.86,UNKNOWN,그렇게 해나가도록 하겠습니다.,
01:12:03,4323.86,01:12:07,4327.86,UNKNOWN,일단 개선 문제나 발표도 더 열심히 진행하고요.,
01:12:08,4328.62,01:12:13,4333.0,UNKNOWN,안개서약이 아니라 저희 서약 같은 경우에는 옵션이 3개가 있는데,
01:12:13,4333.0,01:12:19,4339.02,UNKNOWN,3개 옵션 중에 좀 쓰기 어려운 옵션들이 좀 있는 것 같습니다.,
01:12:19,4339.36,01:12:21,4341.68,UNKNOWN,사실은 최대한 열심히 만든다고 만들었는데,
01:12:21,4341.68,01:12:26,4346.34,UNKNOWN,취향 때문에 선택하고 싶지만 선택 못하는 마력 몇 옵션 같은,
01:12:26,4346.34,01:12:31,4351.42,UNKNOWN,그런 옵션들도 있는데 이런 것들도 저희가 미카일러 레이드 들어가기 전에,
01:12:31,4351.42,01:12:33,4353.6,UNKNOWN,한번 서약 옵션들을 한번 싹 봐볼게요.,
01:12:33,4353.6,01:12:38,4358.1,UNKNOWN,한번 보고 밸런싱 같은 것들 다시 한번 잡을 수 있도록 하겠습니다.,
01:12:40,4360.02,01:12:43,4363.44,UNKNOWN,지금 많은 이야기들 주시고 계시고요.,
01:12:43,4363.92,01:12:48,4368.76,UNKNOWN,일단 이 모든 문제점은 종민님이 명성 12만이 맞다는 걸,
01:12:48,4368.76,01:12:49,4369.7,UNKNOWN,증명해 줬으면 좋겠는데,
01:12:49,4369.7,01:12:51,4371.76,UNKNOWN,매칭 같은 경우에 그렇게 수질 관리만 하는 게 아니라,
01:12:51,4371.76,01:12:54,4374.3,UNKNOWN,계속 지켜보고 그래도 진짜 아니다 싶으면,
01:12:54,4374.3,01:12:59,4379.06,UNKNOWN,필요한 조치들도 이제는 좀 중간중간 더 할 수 있도록 하겠습니다.,
01:13:04,4384.32,01:13:05,4385.6,UNKNOWN,굉장히 많은,
01:13:05,4385.6,01:13:06,4386.8,UNKNOWN,명성 12만인데,
01:13:06,4386.86,01:13:08,4388.76,UNKNOWN,지금 이 상황이면 무지고,
01:13:08,4388.76,01:13:10,4390.22,UNKNOWN,제가 눈이 좀 못 따라가고,
01:13:10,4390.22,01:13:11,4391.5,UNKNOWN,명성 12만이 아닙니다.,
01:13:11,4391.7,01:13:13,4393.02,UNKNOWN,그것도 문제고,
01:13:13,4393.02,01:13:16,4396.76,UNKNOWN,2분 뒤면 포스업이 좀 열리는 시간이라서,
01:13:16,4396.76,01:13:19,4399.84,UNKNOWN,조금씩 마무리를 좀 해보도록 하겠습니다.,
01:13:21,4401.68,01:13:25,4405.7,UNKNOWN,지금 주신 내용들은 잘 살피고,
01:13:25,4405.7,01:13:29,4409.24,UNKNOWN,필요한 내용들 디렉터로 드나 추가적인 소통 공지를 통해서,
01:13:29,4409.24,01:13:31,4411.0,UNKNOWN,잘 안내해 드리도록 하겠습니다.,
01:13:32,4412.1,01:13:35,4415.32,UNKNOWN,최근에 소통에 대한 얘기들에 대해서도 좀 말씀을 드릴게요.,
01:13:36,4416.04,01:13:36,4416.84,UNKNOWN,디렉터가 유저를 가진다.,
01:13:36,4416.84,01:13:37,4417.7,UNKNOWN,가르치려고 한다.,
01:13:38,4418.82,01:13:40,4420.36,UNKNOWN,잘못이 있어도 사과하지 않는다.,
01:13:40,4420.54,01:13:41,4421.96,UNKNOWN,이런 얘기를 정말 많이 주시는데,
01:13:41,4421.96,01:13:44,4424.98,UNKNOWN,제가 누구를 가르칠 수 있는 사람이라고 생각하지도 않고요.,
01:13:45,4425.18,01:13:47,4427.76,UNKNOWN,정말 사과를 드렸음에도 불구하고,
01:13:47,4427.76,01:13:50,4430.86,UNKNOWN,사과다운 사과처럼 안 느끼시지 않았나라고 생각합니다.,
01:13:51,4431.18,01:13:53,4433.2,UNKNOWN,처음에는 그 말씀들 들으면서,
01:13:53,4433.2,01:13:57,4437.3,UNKNOWN,제가 말씀드린 의도는 그게 아닌데 라는 생각도 했는데,
01:13:57,4437.3,01:13:59,4439.8,UNKNOWN,곱씹어볼수록 그렇게 비춰졌다는 사실 자체가,
01:13:59,4439.8,01:14:02,4442.78,UNKNOWN,결국에는 소통에 있어서 제가 부족한 부분이 있어서,
01:14:02,4442.78,01:14:04,4444.44,UNKNOWN,그런 게 아닐까라고 생각합니다.,
01:14:04,4444.68,01:14:06,4446.64,UNKNOWN,제가 결국에는 드린 말씀의 내용들은요.,
01:14:06,4446.84,01:14:08,4448.24,UNKNOWN,내용보다는 몸간의 입장에서,
01:14:08,4448.24,01:14:09,4449.54,UNKNOWN,이게 어떻게 받아들였는지가,
01:14:09,4449.54,01:14:13,4453.9,UNKNOWN,조용히 그냥 윈파이터 제국기사답 보여주면서 끄세요.,
01:14:14,4454.26,01:14:16,4456.16,UNKNOWN,죄송하다는 말씀 다시 한번 드리고요.,
01:14:17,4457.0,01:14:19,4459.38,UNKNOWN,앞으로 더 개선된 모습으로 소통해 나갈 수 있도록,
01:14:19,4459.38,01:14:20,4460.5,UNKNOWN,더 노력하겠습니다.,
01:14:23,4463.02,01:14:26,4466.12,UNKNOWN,미카일라 레이드 업데이트까지 기간이 그렇게 짧지 않다는 거,
01:14:26,4466.12,01:14:27,4467.26,UNKNOWN,저희도 잘 알고 있습니다.,
01:14:27,4467.6,01:14:30,4470.38,UNKNOWN,"그래서 오늘 말씀드린 필사의 저지, 광해의 행로",
01:14:30,4470.38,01:14:32,4472.32,UNKNOWN,그리고 디렉터 노트의 시스템 개선들이,
01:14:32,4472.32,01:14:35,4475.24,UNKNOWN,그 사이의 공백들을 단순히 메우는 듯 그치지 않도록,
01:14:35,4475.24,01:14:36,4476.82,UNKNOWN,본 서버 적용까지까지는,
01:14:36,4476.84,01:14:38,4478.08,UNKNOWN,잘 다듬어 나가겠습니다.,
01:14:38,4478.4,01:14:40,4480.22,UNKNOWN,이제 1분 뒤면 열릴 퍼스업에서,
01:14:40,4480.22,01:14:41,4481.88,UNKNOWN,여러분들 플레이해보시고,
01:14:41,4481.88,01:14:43,4483.84,UNKNOWN,피드백 주신 내용들 잘 참고해서,
01:14:44,4484.42,01:14:47,4487.26,UNKNOWN,앞으로도 서비스 잘 챙기도록 하겠습니다.,
01:14:47,4487.44,01:14:49,4489.84,UNKNOWN,이제 잠시 후에 퍼스업 서버가 오픈이 됩니다.,
01:14:50,4490.14,01:14:52,4492.56,UNKNOWN,오늘 소개해드린 신규 캐릭터 브레이커와 여인파이터,
01:14:52,4492.56,01:14:53,4493.6,UNKNOWN,많이 즐겨주시고요.,
01:14:54,4494.06,01:14:55,4495.86,UNKNOWN,필사의 저지도 플레이해보시면서,
01:14:55,4495.86,01:14:58,4498.06,UNKNOWN,아까 제가 말씀드린 이 중간이 맞는지,
01:14:58,4498.06,01:15:00,4500.46,UNKNOWN,너무 어렵거나 그렇지는 않는지도,
01:15:00,4500.46,01:15:02,4502.54,UNKNOWN,피드백 주시면 좋을 것 같습니다.,
01:15:03,4503.3,01:15:04,4504.7,UNKNOWN,오늘 함께 해주신 모험가 분들,
01:15:04,4504.7,01:15:06,4506.7,UNKNOWN,그리고 방송에 함께 해주신 분들도,
01:15:06,4506.84,01:15:08,4508.74,UNKNOWN,신캐 나오면 육성 이벤트로,
01:15:08,4508.74,01:15:12,4512.46,UNKNOWN,4주 동안 플레이하는 레거시 태초 무기 하나 주고,
01:15:12,4512.46,01:15:15,4515.74,UNKNOWN,일단 시작할 때 피플세트 지급해줄 거고,
01:15:15,4515.74,01:15:17,4517.06,UNKNOWN,바라드에서 다시 뵙겠습니다.,
01:15:17,4517.24,01:15:18,4518.42,UNKNOWN,모험가님 감사합니다.,
01:15:24,4524.34,01:15:24,4524.62,UNKNOWN,그리고,
01:15:24,4524.62,01:15:29,4529.9,UNKNOWN,제시는 뭐 풀어주겠지,
01:15:29,4529.9,01:15:37,4537.03,UNKNOWN,아 태별,
01:15:37,4537.03,01:15:38,4538.63,UNKNOWN,아 진짜 천재인,
01:15:38,4538.63,01:15:39,4539.95,UNKNOWN,그렇지 하긴,
01:15:39,4539.95,01:15:43,4543.03,UNKNOWN,그러면 태별 준 다음에,
01:15:43,4543.03,01:15:45,4545.89,UNKNOWN,레거시 업그레이드권은 따로,
01:15:45,4545.89,01:15:46,4546.83,UNKNOWN,준비할게요.,
01:15:47,4547.37,01:15:48,4548.93,UNKNOWN,이벤트 상점으로 파는 걸로,
01:15:48,4548.93,01:15:59,4559.54,UNKNOWN,아무튼,
01:15:59,4559.54,01:16:07,4567.7,UNKNOWN,저도 이제 플레이 엑스포,
01:16:07,4567.7,01:16:08,4568.82,UNKNOWN,그,
01:16:08,4568.82,01:16:11,4571.58,UNKNOWN,이번 주에 이거저거 행사가 있어서,
01:16:11,4571.58,01:16:14,4574.3,UNKNOWN,저는 이제 막 가보도록 하겠습니다.,
01:16:15,4575.08,01:16:16,4576.88,UNKNOWN,일단 저는 시나리오 담당 팀하고,
01:16:16,4576.88,01:16:18,4578.16,UNKNOWN,이야기를 나누는 시간,
01:16:18,4578.16,01:16:19,4579.18,UNKNOWN,타임이 있거든요.,
01:16:19,4579.78,01:16:20,4580.98,UNKNOWN,그때 한번 궁금한 거,
01:16:20,4580.98,01:16:22,4582.36,UNKNOWN,이거저거 물어보도록 하겠습니다.,
01:16:23,4583.94,01:16:24,4584.36,UNKNOWN,아무튼,
01:16:24,4584.36,01:16:25,4585.38,UNKNOWN,그래도,
01:16:25,4585.38,01:16:27,4587.32,UNKNOWN,인파이터 즐겨보실 분은,
01:16:27,4587.32,01:16:28,4588.54,UNKNOWN,미리 즐겨보시기 바랍니다.,
01:16:30,4590.72,01:16:32,4592.86,UNKNOWN,그래도 걱정한 것보단,
01:16:32,4592.86,01:16:33,4593.1,UNKNOWN,무난한,
01:16:33,4593.1,01:16:33,4593.22,UNKNOWN,무난한,
01:16:33,4593.22,01:16:33,4593.42,UNKNOWN,무난한,
01:16:33,4593.42,01:16:33,4593.94,UNKNOWN,무난한,
01:16:33,4593.94,01:16:34,4594.08,UNKNOWN,무난한,
01:16:34,4594.08,01:16:35,4595.26,UNKNOWN,라이브였어.,
01:16:35,4595.26,01:16:36,4596.9,UNKNOWN,어 난 진짜 개 씹창날 거,
01:16:36,4596.9,01:16:38,4598.0,UNKNOWN,감안했단 말이지.,
01:16:40,4600.1,01:16:41,4601.74,UNKNOWN,근데 의외로 괜찮았어.,
01:16:47,4607.02,01:16:48,4608.12,UNKNOWN,아무튼,
01:16:48,4608.12,01:16:49,4609.48,UNKNOWN,가보도록 하겠습니다.,
01:16:49,4609.48,01:16:50,4610.98,UNKNOWN,이제 안녕,
01:16:50,4610.98,01:16:52,4612.8,UNKNOWN,플레이 엑스포 오시는 분은,
01:16:52,4612.8,01:16:55,4615.32,UNKNOWN,덕화부스로 들려주세요.,
01:16:55,4615.32,01:16:55,4615.68,UNKNOWN,얍,
01:16:55,4615.68,01:16:58,4618.49,UNKNOWN,오,
01:16:58,4618.49,01:16:58,4618.97,UNKNOWN,아,
01:16:58,4618.97,01:16:59,4619.65,UNKNOWN,오,
