시작 시간,종료 시간,내용
00:00:10.07,00:00:14.58,デンガカレにあわなきょう
00:00:51.04,00:01:09.67,다음 영상에서 만나요.
00:02:42.94,00:03:09.53,아아아
00:03:14.71,00:03:44.38,아이고 반갑습니다 오늘은 예정한 대로 그림 피드백에 시간이 있고요 예전에도 신청했던 분들이 은근히 또 신청할 분들이 많아서 많은 발전이 있을 거라 기대가 되는 부분입니다 왜 이리 못생겼냐고 저 새끼 밴 해주세요
00:03:44.78,00:04:08.01,갑자기 왜 인신공격 하지?
00:04:08.03,00:04:08.23,아이고 아이고 어휴
00:04:17.30,00:04:25.17,"자, 그러면 거두절미하고 자다 온 얼굴이라고?"
00:04:25.45,00:04:37.39,정확해요 한 두 시간 정도 잤어요 도레도레 어떤 글들이 있을까요?
00:04:37.41,00:04:42.82,제가 공지를 열기도 했으니까 귀 뒤로 올라온 글들을 한번 보도록 하겠습니다
00:04:45.13,00:05:05.50,뭐 씨발 밥도 먹여달라고 하지 왜?
00:05:05.52,00:05:06.14,뭐야 이거
00:05:08.67,00:05:13.72,뭐 씻겨주세요 뭐 밥 먹여주세요 머리 감겨주세요는 왜 없냐?
00:05:14.78,00:05:21.09,이럴 거면?
00:05:21.11,00:05:33.68,그래도 대칭을 잡으면서 그리는 그 자세는 너무 좋아요 야 이 자식아 이럴 거면 밑그림을 왜 했냐?
00:05:33.70,00:05:34.42,잠깐만
00:05:42.76,00:06:02.81,아 그래도 나름 배운대로 그래도 그 하려는 그 의지가 느껴져서 씨발 가엾고 좋네요 어이 아 그 거참 어 다시 한번 보자
00:06:09.87,00:06:19.52,아니 씨 좀 야 배는 그래도 갈비 배 허리 골반 이렇게 좀 와야 되지 않겠니?
00:06:20.89,00:06:37.60,바로 이럴 거면 이렇게 구분지음 의미가 없잖아 미치겠네
00:06:50.97,00:07:04.54,허허 일단 과거에 그렸던 거 아 이거 그린 친구구나 이거 왜 또 보여주는 거니?
00:07:14.34,00:07:33.81,어 그래도 약간 약간 조금 조금씩 발전하는 것 같기도 하고 어 이거 아 씨발 이건 또 왜 골반이 왜 이렇게 극단적이야?
00:07:35.19,00:07:40.78,어디 나라 말이야?
00:07:40.80,00:07:40.96,아 아라양인가?
00:07:40.98,00:07:42.54,어 이새끼 너무 바라는 게 많아 일단
00:07:48.29,00:08:16.88,일단은 청이를 그리신 것 같은데 이 새끼를 한번 데리고 와서 그래도 그 눈 간격이나 그런 건 공부하려고 나름 애를 쓰는 흔적이 보인 그게 있어서 한번 봅시다 그러게 결과물이 타임랩스랑 다르네요
00:08:20.72,00:08:35.29,이렇게 있다 칩시다 청이 맞나?
00:08:35.31,00:08:39.91,청이 맞는 것 같기도 하고 눈동자를 당신이 그린 것처럼 한번 해 볼게요
00:09:03.33,00:09:23.86,왜 보통은 위를 이렇게 까맣게 하고 아래를 하얗게 하는데 뭐 이것도 뭐 정답은 없지만 뭐 일단 당신이 한 대로 한 번 해봅시다 이런 눈을 뭐 좋아한다면 내가 할 말이 없는데 속눈썹 그려주고
00:09:37.86,00:09:45.40,어?
00:09:45.46,00:09:46.48,그림을 고쳐달라고?
00:09:46.50,00:09:55.18,아니 그리는 처음부터 뭐가 잘못된건지부터 알려줘야지 이 그림을 고치는건 그냥 다시 그리는게 빨라요 어?
00:10:01.92,00:10:23.47,머리카락 잘 그리는 법을 얘기하셨는데 보통 머리카락 결에 따라서 정수리에서 머리카락이 쏟아진다는 느낌으로 한 지점에서 이렇게 쭉쭉 뻗어가는 게 좋아요.
00:10:23.49,00:10:23.91,못 말할?
00:10:30.70,00:10:56.38,레바형 레바형 이번 피드백에 대한 질문이 있는데 그게 뭐냐면 섹스 크림 방해하지 말아주세요 그리고 뚜껑 닫아주고 뭐 이것까지는 그렇다고 칩시다 당신도 나름 이런 식으로 그리고 있으니까 귀 그리고 그리고
00:11:01.04,00:11:24.65,장을 할거면 이렇게 막 이지랄하면서 그리던데 이것도 뭐 방법중에 하나겠지만 일단 당신의 팔 모양이 문제가 아니고 예를 들어서 이렇게 좀 삼각형을 한번 그려보세요 그리고 여기로 삼각형 그러면 대초 기본적인 몸매 실루엣이 나온단 말이에요
00:11:32.79,00:11:44.64,모래시계 그 역 내가 말했지 그 화장실 로고가 괜히 이런 모양이 아니라고
00:11:59.32,00:12:27.47,이렇게 하고 이렇게 좀 봅시다 처음에 도형화를 하면서 그리는게 도움이 되긴 한데 일단 이건 또 연령대에 따라서 체형을 조절해 줘야 됩니다
00:12:29.80,00:12:43.80,그리고 팔은 뻗었을 때 이 허벅지 중간까지 오는 길이로 팔 길이도 그 가늠을 하면서 그려야 돼요 그리고 손이 존나 작죠?
00:12:43.82,00:12:55.13,이런 손으로는 대딸도 못 쳐주겠어요 손은 쫙 폈을 때 얼굴을 가리는 정도로 크기로 귀엽게 드세요 그냥 손을 얼굴에 갖다 대봐
00:13:05.32,00:13:32.93,몸말알 그리고 손을 그릴 때는 손은 대충 이런 그 늘 말했지만 이런 모양으로 시작하는 게 좋아요 옆에서 보면 이게 손바닥이 약간 이런 그 기왓장 모양이거든요
00:13:35.19,00:14:03.39,손도 하나의 그 도형으로 생각을 해서 여기서 쭉 쭉 쭉 쭉 이런 느낌으로다가 원래 또 좀 더 이렇게 그 해야 되지만
00:14:05.40,00:14:35.17,손을 일단 이러고 있네요 한번 해봅시다 방금 그린대로 그리고 손모양을 모르겠으면 자기 손이라도 봐라 이게 이 X발이야 이 자식아
00:14:37.58,00:14:38.54,이게 손가락이야?
00:14:39.00,00:14:45.18,쥐젓이지?
00:14:45.44,00:14:48.47,저기 저기 저거도 자기 손이 있잖아요 씨발 어?
00:14:48.77,00:14:51.20,저 손으로 이렇게 좀 동작을 해보라고
00:15:08.46,00:15:09.50,말이 너무 하다고?
00:15:09.84,00:15:11.10,아니?
00:15:11.12,00:15:13.78,하지만 기억에 오래 남죠?
00:15:13.80,00:15:36.83,도형이 어쩌고 손이 비율이 어쩌고 이지랄 할 바에 손가락이 쥐젓 같다고 하면 한방에 알아먹잖아요 그래도 손톱은 그렸다는 게 나는 그래도 난 가상하다고 생각해요 약간 기특해 이럴 거면 여기 이쪽 손가락에도 이런 식으로 해가지고 손톱 표현을 해주세요 그러면 되게 약간 여성의 손처럼 확실히 보인답니다
00:15:58.54,00:16:00.61,여기도 반대쪽처럼 해줘야겠죠?
00:16:19.32,00:16:27.13,그리고 이렇게 몸을 도형으로 그렸으면 여기에 옷을 입혀준다는 느낌으로 그려야지 당신은 옷을 씨발 어?
00:16:27.15,00:16:30.34,약간 바디 페인팅처럼 해놨어요 다시 볼까요?
00:16:44.33,00:16:55.46,이럴거면 좌우반전을 씨발 여기서 계속 왜 하는거야 씨발 어 대치로 안맞출거면 손도 이 씨발 어 이게 이게 팔이에요?
00:16:55.56,00:17:03.41,어육소세지지?
00:17:03.43,00:17:07.80,팔 팔 팔 뭐 이거 팔 팔 그리는거 너무 끔찍해요
00:17:10.31,00:17:31.49,저도 관절 여기 표현은 확실하게 꺾어줘야지 얇.. 얇.. 이렇게 이렇게 이렇게 가줘야지 아 그래도 아니 아니 비율은 맞추려고 하면서 왜 안 맞추냐 결국에?
00:17:31.51,00:17:32.27,놀리는 거야?
00:17:41.90,00:18:01.55,자 여기서 옷을 입혀봅시다 진짜 입힌다는 느낌으로 그 옷이랑 좀 간격은 줘야 돼요 이렇게 하고 어깨에서는 딱 어깨에서 걸리니까 좀 쏟아지겠죠 옷이
00:18:13.91,00:18:25.04,옷이 어디에 걸쳐 있느냐를 생각하면서 옷을 덮어줍시다
00:18:38.10,00:18:56.26,"그니까 아니 내가 평소에 러프하는 것들 보면 알잖아 어디 어딨냐 아 씨발 그래요 이때조차도 나는 그래도 가슴, 허리, 갈비, 배, 허리까지는 나왔어 어?"
00:19:03.22,00:19:04.31,저거 피드백 안 하냐고?
00:19:04.39,00:19:09.03,저 사람은 짝수가 보여요 어떻게든 할 사람이야
00:19:35.12,00:19:37.16,자 이해가 되셨을까요 혹시?
00:19:38.14,00:20:01.97,그래도 최대한 그 당신이 타임댄스 한 것처럼 그리는 과정을 이렇게 일련의 과정으로 해가지고 이렇게 그려봤거든요 일단은 몸의 비율부터 시작해가지고 그래도 도움이 되셨길 바랍니다 여기도 제가 손을
00:20:03.45,00:20:29.61,그게 안맞죠 양쪽에 이렇게 그려놓고 또 계속 비율을 수정해주는게 좋아요 한번 그렸다고 끝이 아니라 계속 손봐주는게 좋습니다 야 이 자식아 일단 넌 내가 숙제 줄게 손 연습하고 와 이렇게 피드백 맡기는 사람을 하나씩 숙제를 줘야겠어 또 가져올 생각을 하면
00:20:36.02,00:20:41.60,자 그 다음에 다음 그림 볼까요?
00:20:41.63,00:20:51.70,피드백 부탁드립니다 음 아 이거 이쁜데?
00:20:51.86,00:21:02.43,채색이 깔끔하지 못한 것 같고 머리카락이 어색해 보입니다 채색이 깔끔하지 못한 건 모르겠... 둘째치고 일단 선화가 뚜렷하지 않아서 그래요
00:21:07.61,00:21:20.52,그림을 한번 가져와서 해볼까요?
00:21:35.60,00:21:45.00,일단은 앉아있는데 머리카락이 이렇게 보이는 것보다 바닥이 이렇게 퍼져있는 게 좀 더 자연스럽지 않을까요?
00:21:45.02,00:22:01.04,이거는 솔직히 진짜 개인 취향의 영역이라서 일단 최대한 당신의 그림체를 인용해서 선화를 한번 그려보도록 할게요
00:22:02.08,00:22:06.54,염력으로 공중에 떠 있는 걸지도 그런 설정이면 미리 말을 해야지
00:22:42.90,00:23:03.80,이런 식으로만 줘도 훨씬 약간 앉아서 쪼그려 있는 느낌도 확실하게 좀 주고 그리고 팔다리가 좀 더 일단 이런 연령대인 걸 감안해도 팔다리가 많이 짧거든요
00:23:15.42,00:23:28.20,그래서 이 정도 쪼그리면 무릎 경계 확실하게 해주시고 여기 가랑이도 보이면 좋겠죠?
00:23:28.24,00:23:41.73,이 정도로 쪼그렸으면 슬슬 보일 정도의 레벨이에요 여기 반창고 하나 붙였다고 칩시다
00:23:58.06,00:24:12.53,그리고 다리를 그릴거면 여기서 이렇게 꺾어준 다음에 한번 여기 복숭아뼈 여기 여기 씨발 라인 한번 그려주세요 근데 발 모양은 잘 꺾어놨어 발가락을 안그렸을 뿐이지 발 라인은 잘 잡아놨거든요
00:24:32.42,00:24:44.96,오 여기도 나름 그래도 신경써서 여기 꺾었네 한 번 할 거면 확실하게 하세요 아예 하지 말든가 하든가 둘 중 하나 확실하게 하세요
00:24:54.02,00:25:15.91,그리고 치마 자르기 좀 더 떨어졌으면 좋겠는데 일단 다리만 좀 더 길게 하고 머리카락을 좀 더 바닥에 헝클어뜨렸단 말이죠?
00:25:15.93,00:25:19.96,그렇게만 해도 약간 바닥에 앉아있다는 느낌을 확실하게 줄 수 있어서
00:25:25.24,00:25:29.61,아니면 여기에 그림자를 한 칸 배경에 추가해볼까요?
00:26:01.76,00:26:29.84,좀 더 앉아있는거면 바닥에 그림자까지 해주는게 좀 더 매력적인 것 같습니다 일단 색감 자체는 뭐 이상하거나 그렇진 않아요
00:26:34.75,00:26:56.65,이 새끼 고개 돌리는 각도 너무 돌아갔어요 그래 앞인지 뒤인지 못 알아볼 지경까지 이거 목을 스스로 한번 어디까지 그 회전 반경이 어디까지 돌아가는지 한번 확인을 해보고 그림을 그려보시는게 좋겠습니다
00:27:01.38,00:27:22.83,피드백 부탁드립니다 형처럼 그림 그리는 사파 그림쟁이입니다 창작계 피드백이라니 웹툰 한번 그려보고 싶어서 만드는 중인 캐릭터입니다 그냥 괴물 같은지 아닌지 봐주시면 감사하겠습니다 존나 내 그림 방송만 보는 티가 너무 팍팍 나서 무섭네
00:27:29.05,00:27:41.49,이왕이면 더 잘 그리는 사람 그림방송을 참고하는 게 낫지 않을까?
00:27:41.51,00:27:48.11,으응... 이거는 왜 이렇게 돼있어?
00:27:48.46,00:27:49.80,얘는 양갈래가 왜 이렇게 뿔처럼 달렸어?
00:27:50.08,00:27:57.71,"아, 약간... 씨발 여기 이마에 달렸는데?"
00:27:57.73,00:27:57.83,으음...
00:28:02.07,00:28:28.18,컵도 약간 좀 더 둥글게 깎아서 그리는 게 더 좋을 법합니다 그래도 이거 마리 팬티 그리는 거 많이 참았네 알아서 제 방송 보면서 그림을 많이 공부하시는 분이라서 딱히 직접적으로 손을 대고 싶지 않은데?
00:28:29.75,00:28:44.37,아니요?
00:28:44.39,00:28:50.04,음... 뭐 이게 창작 캐릭터 같은데 뭐 귀엽지 않으니 나쁘지 않네요
00:28:56.19,00:29:19.47,알아서 공부를 잘 하시는 분 같아서 제가 딱히 손을 안 대도 되겠습니다 존만한 새끼 통체적 난국이라 건드릴 수 없는 데스라고 패스당한 유비입니다 왜 패스했는지 알 것 같기도 하고 역 갸루피스 그리다가 실패했는데 어떻게 그려야 될지 모르겠어요 이거 역 갸루피스가 문제가 아닌 것 같은데
00:29:24.44,00:29:36.02,머리카락이랑 정수리 박살 난 건 알겠는데 어떻게 수정해야 되는지 감이 안 와요 아니 이런 약간 인뇌는 약간 당신이 선택하는 거라서 정답이 없는데?
00:29:36.04,00:29:46.31,오히려 당신의 욕망이 그득그득하게 느껴져서 하피인데요 털을 좀 더 복실복실하게 그리고 싶어요?
00:29:51.04,00:30:03.43,야 이 새끼야 가슴 가리개가... 되게 특이하네?
00:30:03.45,00:30:10.26,나름 잘 그렸다고 생각하는 그림인데요 개새끼 이거 싸실러 놓고 자기가 그렸는데 지랄하고 싶은 부분이 패주세요?
00:30:10.28,00:30:20.79,되게 악세사리나 세세한 부분을 파는 걸 되게 좋아하시는 것 같은데 일단 그림 되게... 일단 개성 있어요 일단 전 불호입니다
00:30:22.02,00:30:41.28,어 일단은 이런 취향인거면 제가 막 적 일단 어 이거 너무 특정 취향의 그림이라서 어느게 정답이다라고 얘기를 할 수가 도저히 없네 일단 인간이 아니라서
00:30:44.06,00:30:50.95,와 이거 이거 이거 채색 좀 어떻게 좀 이런 그라데이션 말고 따로 좀 층층이 나눠서 하면 안될까?
00:30:51.47,00:31:05.86,씨발 보노 보노 나올 것 같애 어...
00:31:08.48,00:31:11.40,아 이거 존나 무섭네 왜 이렇게 무섭지?
00:31:11.82,00:31:35.06,아 일단 눈이 약간 거의 약간 그 너무 눈동자가 커가지고 거의 약간 그 약간 곤충 느낌이에요 뭔말할?
00:31:35.08,00:31:35.26,음... 아...
00:31:38.26,00:31:56.84,손가락 X발 뭐야 왜 이렇게 손 X발 손 여기 여기 여기 펀치 라인 부분 왜 이렇게 단련돼 있어 이 새끼 이렇게까지는 안 해도 될 것 같은데요?
00:31:56.86,00:31:58.13,아 전사라서?
00:31:58.15,00:31:59.95,그런 설정이라면 내가 할 말이 없는데
00:32:03.17,00:32:11.36,어... 일단은 자기 취향이 너무 확고해서 이대로 유지하시는 게 좋을 것 같습니다 일단 전 불호예요 자!
00:32:13.62,00:32:31.25,그림 시비들 인차합니다 선물해 줄 목적으로 실제 사람을 캐릭터로 그린 그림입니다 당신은 몰랐는데 발등이 이상하게 그린 것 같고 손 굵기가 적절하지 못해 그려진 것 같아요 돌핀팬츠도 돌핀팬츠처럼 안 그려진 것 같은데 시선으로 볼 때 곧 실점?
00:32:34.00,00:32:49.11,일단은... 하나하나 따지고 보면 고칠 건 되게 많은데 전반적으로는 그래도 납득이 안 되는 영역은 아니거든요?
00:32:49.81,00:32:56.94,이거 팬츠 표현이 너무 아쉽다 CY 이게 추억의 도시락에 들어가는 어육소세지 묘사가 이렇거든요?
00:32:56.96,00:33:00.13,이걸 좀 더 엉덩이스럽게 바꿔줬으면 좋겠네요
00:33:06.40,00:33:11.83,어육스세시를 왜 이렇게 좋아하냐고?
00:33:11.85,00:33:16.70,4마리!
00:33:16.72,00:33:23.67,그거 외에는 뭐 그래도 일단 전신을 다 완성해서 그린 게 너무 좋습니다
00:33:27.29,00:33:56.96,좀더 일단 이쪽 발을 좀더 참 그 너무 억지로 들어올린 느낌이 강해서 이쪽 발바닥이 좀더 편하게 눕혔었으면 더 좋겠다라는 생각이 드네요 어 고양이 표현이 일단 익살스러워서 되게 재밌네요 그거 외에는 뭐 일단 팔이 굵은거 빼고는 아 씨발 괜찮다 해놓고 씨발 계속 문제점을 얘기하게 만드네 일단은 아
00:33:58.09,00:34:26.15,아쉽지만 그래도 상타치다 일단은 선물해줄 모종으로 실제 사람을 캐릭터로 그린 그림입니다 이것 때문에 진실의 방으로 끌고 오기 좀 그럼 이 멘트 하나 때문에
00:34:27.52,00:34:32.42,이렇게 방패를 쳐버리시면 제가 어떻게 해드릴 수가 없었거든요.
00:34:32.44,00:34:35.10,아무튼 지난번에 그대로 해드렸던 레코더입니다.
00:34:35.28,00:34:43.45,지난번 대학에 입학하고 그림을 잘 못 그리게 된 것 같고 이 길이 맞는 건가 재능이 없는 건가 같기도 하고 고민입니다.
00:34:43.63,00:34:52.22,그림을 그린 지도 1년 2개월인데 벌써 이런 고민이 오만하다 싶다가도 벌써 성인인데 이 정도면 안 되지 않나 싶다 생각도 듭니다.
00:34:52.30,00:34:54.26,이제 막 성인이야?
00:34:54.28,00:34:56.02,내 20대 후반대 그림 볼래?
00:35:00.20,00:35:14.55,용기가 생기셨을까요?
00:35:14.57,00:35:28.83,당신은 좀 오만해져도 돼요 최근 그림입니다 선화를 되게 약하게 쓰시네
00:35:32.17,00:35:48.91,SD 자켓 그려봤습니다 이거 색감 잘했다 미완이지만 하고 있는 러프 올려봅니다
00:35:50.75,00:36:07.39,손 잘 그렸고 몸도 잘 그렸고 다 전반적으로 좋은데 약간 그 색감 쪽으로 좀 더 공부를 했으면 좋겠다 알아서 대학가서 공부를 하고 있다고 하시니까 뭐 저보단 전문적인 지식이 높을 수 있겠는데 이거 색감 좀 건들고 싶네
00:36:18.18,00:36:47.14,약간 어두운 부분은 어둡게 하고 밝은 부분은 밝게 하면 되게 더 이쁜 그림이 될 것 같아서 예를 들어서 이렇게 채도를 확 올린 다음에 피부 쪽은 밝게 유지해주고
00:37:15.00,00:37:39.52,대비랑 그 채도만 손봐도 되게 그림 느낌이 빡 뚜렷해지면서 좋아질 것 같거든요 그리고 약간 이거 선화도 되게 약하게 쓰시는 편이라서 채색도 이렇게 연하게 하시면 그림이 너무 흐리멍텅해져요 그래서 하실 거면 좀... 어... 진하게 쓰셔라
00:37:43.61,00:37:55.81,그런 말을 좀 전해드리고 싶네요.
00:37:55.91,00:38:05.53,이것도 선화가 뚜렷하니까 되게 눈에 딱 들어오잖아.
00:38:05.55,00:38:06.51,잘하셨어요.
00:38:10.96,00:38:21.84,넌 평생 말만 그려라 라는 말에 감동해서 말 신체는 안 틀리긴 한데 머리 긴 트레이너 점장이 오줌이 어렵고 타키온이 실루엣이나 얼굴이 어정쩡해?
00:38:21.86,00:38:24.12,잘했는데?
00:38:24.36,00:38:32.27,말 존나 잘 그린다 레알 말 개고수네 어색하거나 그러지 않는데?
00:38:32.53,00:38:38.90,잘 그렸는데요?
00:38:38.92,00:38:38.94,음
00:38:48.42,00:38:54.77,잘했어.
00:38:54.79,00:38:55.49,피드백 요청.
00:38:56.21,00:39:01.98,한 손으로 치마를 걷어올리고 다른 한 손으로 바닥을 짚는 표정 포즈를 그린 건데 인체가 이상합니다.
00:39:02.00,00:39:07.22,피드백 내려주시기 바랍니다.
00:39:07.32,00:39:15.51,일단 체구가 작아서 더 몸이 잘 안 보이는 그런 게 있는 것 같은데 일단 욕망의 항아리 같은 그림이네요.
00:39:15.53,00:39:15.59,시발.
00:39:24.08,00:39:51.54,아 이걸 어떻게 손봐주면 좋을까 너무 전반적으로 아
00:39:56.43,00:40:04.57,일단 데리고 와볼까?
00:40:21.82,00:40:49.94,일단은 이런 이런 진짜 뼈밖에 없는 다리를 원래 좋아하시면 제가 다리를 손댈 수가 없는데 일단 씨발 정지를 위해서 아니 위에서가 아니라 피하기 위해서 일단 라인은 좀 지어두겠습니다 여기 앉은 자세도 앉은 자세 나름인데
00:41:15.57,00:41:43.86,약간 들어올리려는 자세면 한쪽 팔은 잘 안 보이는 게 구도가 맞긴 해요 당신이 그리고자 하는 그 구도가 이런 느낌인데 좀 더 하체를 앞쪽으로 좀 더 당겨서 이렇게 그렸으면 어땠을까 라는 생각도 드네요
00:41:55.84,00:42:19.31,그러면 당신이 원하던 망고 라인도 더 적나라하게 그릴 수 있는 각도가 될 거예요 이런 식으로 틀을 잡았으면 이렇게 하고 치마 이렇게 들어올려지고 스타킹은 거의 배 아래까지 이렇게 오니까 이런 식으로 됐겠지?
00:42:27.85,00:42:30.23,그 다음에 옷은 편하게 걸치고
00:42:44.99,00:43:10.87,이거는 일단 존나 애가 불편해 보이죠 자세가 이게 바닥에 앉은건지 무릎으로 씨발 뭐 어떻게 한건지 모를 그럴 자세라서 하체를 다시 좀 앞으로 땡겨서 그려보는 것도 나쁘지 않을 것 같습니다 한쪽 팔은 뭐 안보이는 구도가 맞아요 이게 굳이 그리고 싶으면 한 이정도?
00:43:10.89,00:43:12.86,바닥을 짚고 있는 느낌으로다가
00:43:36.01,00:43:47.79,그리고 살짝 고개 숙여서 올려다보는 눈빛이면 좀 더 고혹적일 것 같은 느낌도 드네요 저라면 그렇게 그렸을 것 같아요 이건 뭐 개인 취향이니까
00:44:03.12,00:44:21.35,머리카락도 되게 풍성한 캐릭터여서 바닥에 이렇게 좀 흩뿌려주면 되게 좋을 것 같아요 못 말할?
00:44:21.37,00:44:25.87,아무튼 되게 욕망에 대비해서 되게 아쉬운 그림이라고 할 수 있겠습니다
00:44:36.11,00:44:40.44,피드백 해주세요 잘 그렸는데?
00:44:40.46,00:44:50.67,창작 캐릭터가 아니고 파수인을 그렸습니다 채색 관련해서 피드백 요청했다가 그림자 그리는 거 알려주셨네 이렇게 하는 게 맞는지 왜 잘했어요 어?
00:44:50.69,00:44:58.68,예전에 피드백해 와 존나 잘 그려졌네 그래 이렇게 성장하는 사람이 확실하게 있어야지 어?
00:45:02.19,00:45:31.03,비율이 얼마나 좋아졌어 이 새끼는 거의 지금 약간 목 여기 있고 어깨 여기 있고 시발 난리 법석도 아닌데 안 물어봤어 아무튼 너무 성장이 확실하게 느껴지는 그림이라서 제가 다 기분이 좋네요
00:45:34.65,00:45:54.99,이대로만 계속 그리시면 좋을 것 같아요 약간 가슴 쪽에 좀 더 음향을 확실하게 넣었으면 좋겠다 너무 옅어서 약간 흉근처럼 보일 수도 있어요 가슴 쪽만 좀 그림자 해주면 훨씬 더 이뻐질 것 같은데 이거
00:46:10.55,00:46:29.01,그러니까 당신이 썼던 그림자 톤을 가지고 와서 좀 더 여기에 덩어리가 있다 라는 느낌으로
00:47:14.00,00:47:40.86,이렇게 하고 볼륨을 좀 더 땡겨도 되게 좋을 것 같아요 파스윙이 생각보다 작은 편은 아니란 말이죠 하여튼 그림 너무 보기 좋아졌습니다 진짜 빛나는 성장과 같네요
00:47:44.25,00:48:14.11,아니 이렇게 그리던 사람이 이렇게까지 발달했단... 어 이말입니다 얼마나 멋있습니까 다같이 박수 한번 고생하셨어요 피드백 요청합니다 설뜻 그려봤어요 갑작스럽지만 난 고절이다 으으으 나는... 나는 가고나 하고 있었다 난 공부를 못했으니까 심지어 입시생일 때 그림도 못 그렸다
00:48:15.67,00:48:34.46,똥치곤 잘 그렸다 고민되예 레아리가 그렇게 절망하고 있던 이때 허미 만화가 가고 싶었는데 전화 전화가 왔소잉 전화 니쇼 너 합격하였다 평생교육원에 어?
00:48:34.48,00:48:38.21,그게 뭐꼬 야자야 뭐하고 살래?
00:48:38.23,00:48:41.31,어 나쁘지 않은데 도입부 깔끔해요 어
00:48:42.93,00:48:51.20,평생교육원은 쉽게 말해 대학은 아니지만 졸업하면 학사학위를 주는 기관이다.
00:48:51.26,00:48:57.01,면접관 반응이 떨떠름해서 당연히 탈락일 줄 알았는데 알고본지 합격이었다.
00:48:57.03,00:49:01.99,그것은 게임 관련 학과였는데 그래서였는지 괜히 좀 있었다.
00:49:02.01,00:49:08.14,수업중에 보컬로이드 리믹스 트는 놈 가끔 따라 부름 수업중에 몰래 소추 빠는 놈
00:49:08.22,00:49:08.72,냄새남?
00:49:09.24,00:49:09.98,뭔 소리야?
00:49:10.01,00:49:11.55,아 소주 빠는 놈?
00:49:11.79,00:49:14.31,난 또 아이씨와 소추라고 적은 줄 알았네.
00:49:14.33,00:49:17.11,소주 빠는 놈.
00:49:17.13,00:49:19.61,"난 그래서 족, 족 빤다운 줄 알았네."
00:49:22.12,00:49:34.35,일단 이거 글씨 기울기 똑바로 해도 충분히 읽힐 것 같아요.
00:49:37.18,00:49:58.16,그리고 괴이는 교수 중에도 있었다 너네 선배들 졸업해야 되니까 기말 다시 볼 거야 학점 리세마라 교수 슈레딩거의 과제 교수 지난주에 과제를 해줬지 과일호 봉지아나 그리고 난 그런 동기들 중에서 제 실력이 딸리는 수준이었기에 매우 힘든 시간을 보내고 있었다 그런 와중에
00:49:59.64,00:50:00.70,영민형이 나타났다.
00:50:00.98,00:50:02.91,여긴 그렇게 그리면 안 돼.
00:50:02.93,00:50:04.45,나는 정식으로 미술을 외우지 못했다.
00:50:04.47,00:50:06.31,그림을 너무 늦게 시작한 탓이었다.
00:50:06.87,00:50:13.52,그렇게 나는 실력이 모자란 만큼 최선을 다해 연습했었고 영민형은 그런 내 노력을 알아봐줬다.
00:50:13.70,00:50:16.48,오 이거 되게 이야기 푸는 거 잘하고 있어요.
00:50:16.50,00:50:19.81,되게 재능이 있어.
00:50:19.83,00:50:22.61,영민형은 교육원에서도 그림을 잘 그리던 편이었는데
00:50:23.82,00:50:27.05,형은 그림 수업 때마다 내 옆에서 일대일 코칭을 해주었다.
00:50:27.07,00:50:29.45,여기 비례가 안 맞잖아.
00:50:29.47,00:50:36.74,나는 당연히 그런 영민 형과 친해졌고 나는 이 형 하나로도 교육원을 온 가치가 있다고 생각했다.
00:50:36.76,00:50:39.92,그렇게 몇 달 후.
00:50:39.94,00:50:41.68,형님 야자 왔나?
00:50:41.70,00:50:41.86,언제 오셨어?
00:50:42.03,00:50:42.09,방금.
00:50:42.11,00:50:43.25,어제 개웃긴 거 찍었다.
00:50:43.27,00:50:43.33,뭔데?
00:50:43.35,00:50:44.69,내 친구 불알.
00:50:44.71,00:50:46.75,어제 잘 때 몰래 찍은 거임.
00:50:47.03,00:50:48.69,나도 비슷한 거 있어.
00:50:48.71,00:50:51.82,이건 내 친구 똥꼬.
00:50:52.26,00:50:52.50,나도 수업하러 가볼게.
00:50:54.62,00:50:57.46,주르륵 구에에엑 뭐지?
00:50:57.54,00:50:58.34,내가 뭘 본거지?
00:50:58.84,00:50:59.63,꿈인가?
00:50:59.65,00:51:02.63,저들 왜 이리 저리 자랑스럽지?
00:51:02.65,00:51:02.71,설마?
00:51:02.73,00:51:04.93,남자끼리는 원래 저러고 노나?
00:51:04.95,00:51:17.90,저는 그 후로 영민형과 같이 앉지 못했습니다 오오오 랄브 찍힌다 니더 갤러리에 브랄 사진 있냐?
00:51:17.92,00:51:21.73,다행히도 그 인간들이 이상한거였습니다 오오 잘 풀었어요
00:51:27.29,00:51:30.33,배그의 센스라거나 실력이라거나 그런 건 어떻게 낼 수 있을까요?
00:51:30.35,00:51:32.88,이거는 배워서 내는 게 아니에요.
00:51:33.40,00:51:44.85,사람마다 그게 다르기 때문에 어떻게 지적이나 배움으로써 얻을 수 있는 영역이 아니에요.
00:51:44.87,00:51:46.91,취미를 넘어서 정식 웹툰 작가를 하고 싶습니다.
00:51:47.41,00:51:50.60,시작한 지 2주가 되었지만 도전 만화는 매주 투고하고 있죠.
00:51:50.92,00:51:55.24,하지만 지난번에 정병이 심하게 도져서 3개월 동안 아무것도 못한 적이 있었습니다.
00:51:55.26,00:51:56.00,벌써 도지면 안 되는데?
00:51:56.32,00:51:58.52,데뷔하고는 더 센 정병이 오는데?
00:51:58.88,00:52:00.09,벌써 정병 걸리면 안 돼.
00:52:00.89,00:52:05.71,나중을 위해서 아껴도 정병.
00:52:05.73,00:52:13.36,지금은 약 처방 받고 다시 돌아와서 왔지만 만약 정식 연재 중에 저런 식으로 정병이 도진다면 어떻게 되었을지 생각하곤 합니다.
00:52:13.98,00:52:15.97,레바님은 3이 힘들고 아무것도 하기 싫었다.
00:52:15.99,00:52:17.47,어떻게 만화를 그릴 수 있었나요?
00:52:17.49,00:52:20.42,그저 이 악물과 버티는 게 방법이었다면 저도 각오를 하겠습니다.
00:52:20.44,00:52:24.36,"네, 그럼 각오를 하세요."
00:52:24.38,00:52:25.24,네가 느끼는 정병?
00:52:25.84,00:52:27.35,지금 아무것도 아니야.
00:52:27.37,00:52:29.77,원래 우울증 환자한테 이런 말 하면 절대 안 되거든요?
00:52:29.79,00:52:34.56,근데 연재할 거면 각오해.
00:52:35.30,00:52:36.78,더 큰 정병이 기다리고 있을 테니까.
00:52:46.23,00:53:13.20,레바가 씻고 뜯고 맛볼 수 있는 피드백 드립니다 안녕하세요 저번에 피드백 바라고 최대한 정리해서 장문의 글을 올렸는데 씹던 껌 휴지통에 던지는 것 마냥 무시하셔서 다시 올립니다 아니 이거 뭐 어떻게 피드백 하라는 건데 그냥 당신의 추상적인 이 묘사들을 보고 아니 잘 그리네 아니 이놈아 그림도 존나 잘 그리잖아 개자식아 진작에 이런 거 올리지 왜
00:53:21.82,00:53:23.46,20세 중반인데 졸업을 앞두고 있습니다.
00:53:23.55,00:53:35.61,그런데 졸업하고 나면 취업 시장에 뛰어들어야 되는데 지금 그림들러는 어림도 없고 저보다 훨씬 더 잘 그리는 분도 많은데 연습을 해야 취업이 될 것 같은데 부모님에게 어떻게 말씀을 드려야 할지 가능할지 너무 두렵습니다.
00:53:35.63,00:53:39.52,그럴만하죠.
00:53:39.54,00:53:40.40,1번과 일단
00:53:41.87,00:53:52.35,만화 쪽보다도 일러스트 계열 쪽으로 취업을 하고 싶어 하는 것 같은데 약간 이제 막 학교를 졸업했으면 더 고민이 됐을 거라고 생각이 들어요
00:53:57.31,00:54:15.00,1번과 비슷하게 지금 졸업 학기인데 그림과 학업을 병행할 수 있을 줄 알았는데 생각보다 힘들더라고요 학원도 그만두고 학업을 하고 있지만 번아웃이 와서 하루하루 늘어집니다 지금 사실상 펜을 못 잡고 있으니 손을 굳을까봐 걱정이에요 혹시 레바님께서 따끔하게끔 따뜻하게끔 음
00:54:14.98,00:54:18.00,경례 한 말씀을 해주시면 순천 방향으로 전하겠습니다.
00:54:18.06,00:54:19.74,너 순천에 나와 없어.
00:54:19.76,00:54:28.62,재창의 그림을 그릴 때는 너무너무 즐겁고 선인이 슥슥 즐거워지는데 좀 더 자기만의 세계에서 나와서 일반적인 그림을 그려야 하는데 그게 어렵네요.
00:54:28.64,00:54:38.75,통통 튀고 기억에 남는 캐릭터를 그려보고 싶은데 레바님은 캐디를 할 때 어떤 과정으로 그리나요?
00:54:38.77,00:54:38.99,음... 일단은...
00:54:39.80,00:55:05.77,일단 멘탈적인 문제가 일단 크네요 그림적 고민보다는 멘탈적 고민이 되게 큰 것 같아요 저는 캐디할 때 일단은 일러스트 지향이랑 그 만화가 지향적일 때랑 캐디가 목적이 또 달라요 예를 들어서 그 일러스트 같은 경우는 그 이미지 그 느껴지는 그
00:55:06.78,00:55:34.82,진짜 1차적인 이미지가 좀 더 강렬하게끔 이렇게 유도를 해서 캐디를 한다면 만화가가 캐디를 할 때는 이 새끼들 어떤 삶을 살았는지 성격이 어떤지 무슨 짓을 하면서 살지 약간 그런 거 고민하면서 캐릭터를 짜기 때문에 캐디의 목적이 달라요 그리고 그리고 그리기 쉽게 맞아
00:55:35.40,00:56:01.70,아무튼 20대 중반이면 취업시장에 뛰어들기 직전인데 일단 그림 잘 그려요 못 그리지 않아요 근데 게임 원화가로 취업을 한다는 전제면 좀 더 공부가 필요해 보이는 느낌?
00:56:01.72,00:56:03.40,제 개인적인 시점에선 그렇습니다
00:56:06.22,00:56:16.03,일단 당신의 용기를 위해서 제 20대 후반의 그림을 보여드리죠 용기가 좀 생깁니까?
00:56:16.35,00:56:30.60,저는 꼴에 이렇게 그리는데 데뷔도 하고 알아서 잘 먹고 살고 있답니다 물론 이런 그림으로 만화를 먹고 산 건 아니지만 용기 존나 난다고?
00:56:31.36,00:56:32.58,오케이 그럼 잘 됐네요
00:56:39.17,00:56:59.98,다음 레바님의 만화를 보고 그림에 입문한 일개 시청자입니다 이렇게 레바님께 제가 그린 만화를 선보일 기회가 생기니 손발이 떨리네요 자리 익히는지 봐달라고 하네요 우와 끼익 엄마 나왔어 안 봐도 될 것 같은데 만화?
00:57:00.00,00:57:01.81,근데 그건 뭐니?
00:57:01.83,00:57:03.31,엄마도 참 부끄러운데 소개할게 내 아내야
00:57:04.81,00:57:05.67,집안 어르신들은?
00:57:06.19,00:57:06.41,몰라?
00:57:06.43,00:57:18.66,마을에 관해서 술 마시고 있겠지 자기야 맛있어?
00:57:18.68,00:57:33.51,신고 신고하시면 카페가 탈퇴되고 가입불가 처리된다 그건 너무한데 한 번만 봐준다 만화가 지망생 피드백 신청글
00:57:34.34,00:58:03.65,"제가 내년에 군대를 갈 예정입니다 군대 다녀와서 선화 어시를 해보고 싶은데 프로 작가님이 보셨을 때 어시를 할 정도의 실력인지 봐주셨으면 좋겠습니다 그림그레인데 풀챗의 기준으로 2-3시간 걸리고 흑백그림은 장당 1시간 내외로 걸립니다 짧은 콘티, 만화 콘티들과 그림들을... 선화 어시를 하려면 기본적인 그림... 자기 그림체의 자아를 없애야 돼요 카카시... 카카시 모드로 다른 사람의 그림을 그대로 선화를 벗겨야 되기 때문에"
00:58:03.99,00:58:25.22,자기 그림체의 자아를 버려야 되는데 일단 그림 자체는 되게 턱이 아주 날카롭네요 맞아요 일단
00:58:27.21,00:58:51.39,다른 사람의 그림을 그대로 베끼는 그 실력이 되게 중요해서 선화어시가 목적이라고 하면 아예 대비가 목적이라고 한다면 더 구체적인 조언이 될텐데 선화어시를 해보고 싶으면 이렇게 해선 일단 포포로 이런거 보내면 절대 안 뽑힙니다 그러니까 당신이 얼마나 다른 그림을 잘 베낄 수 있냐 그 능력을 보여줘야 돼요 선화어시를 하려면
00:59:00.06,00:59:25.03,그래도 그림이 아예 망가지고 그러진 않네요 오몽님도 그렸네요 이런 선화 느낌은 괜찮은데 선화어시도 종류가 있거든요 레바님은 처음부터 제 우상이셨습니다
00:59:25.56,00:59:49.98,언제나 나의 알고 있던 모습 그대로이기에 의지가 많이 됩니다 나의 빛 나의 소금 그리고 레바 감사합니다 어 일단 곧 군대를 간다니까 가서 진짜 그 뭐냐 폐관 수련한다는 느낌으로 거기서 한번 진짜 어마어마하게 그려보십시오 군대에서만큼 그림 많이 그릴 수 있는 환경 없을걸 인생 살면서 심지어 요즘 같은 군대에선
00:59:50.81,01:00:03.08,나는 군대 그림 그릴 시간이 10시 이후에 연등시간대 밖에 그림을 못 그렸는데 요즘은 그래도 자율적인 시간이 많이 주어진다고 들었거든요?
01:00:03.10,01:00:14.69,그럼 좀 더 그림 그릴 수 있는 환경이 잘 될 수 있을 거라고 생각합니다 심지어 공일할 시간 개많음?
01:00:15.59,01:00:19.41,야 이 개자식아 그러면 냅다 그리다 그림이나 그려
01:00:27.54,01:00:28.54,피드백 요청합니다.
01:00:28.96,01:00:32.97,현재 고인 그림을 취미로 하는 사람인데요.
01:00:32.99,01:00:36.41,"머리카락이나 옷주름, 명암 등 표현하기와 단순하게 표현하게 돼요."
01:00:36.79,01:00:44.70,그 외에도 색감 선정하기가 힘듭니다.
01:00:44.72,01:00:50.26,음 일단은 모든 게 좀 따로 노네요.
01:00:50.28,01:00:53.89,그럼에도 불구하고 제 20대 후반대의 그림과 비벼볼 만합니다.
01:01:03.35,01:01:29.06,일단 옷주름이나 그런 거 잘 그리려는 의지가 강한데 일단 이목구비부터 좀 더 잘 그려봐야겠네요 머리 볼륨도 좀 올리고 그래도 배우면 되게 금방금방 잘 될 것 같은데 심지어 고등학교 2학년?
01:01:30.37,01:01:32.35,입시 준비하는 학생일까요?
01:01:32.37,01:01:35.76,아니면 그냥 취미로 그리는 사람?
01:01:35.78,01:01:56.48,고2면 일단 공부를 먼저 하는 게 좋을 것 같은데 그림은 나중에 천천히 그리고 일단은 지금 공부를 하는 게 더 좋을 것 같아요 무작정 그림 공부하라고 애매하네 고2라고 하니까 우리 친구 대학 가서 그림 열심히 그리자 그때 좀 여유가 될 거야
01:02:06.53,01:02:24.79,뭐야 글이 넘어갔네 어디까지 봤지?
01:02:46.69,01:02:51.72,야이 개... 이거 너무하지 않니?
01:02:52.08,01:03:00.41,너 신고한다?
01:03:00.43,01:03:16.35,잘 그리긴 한데 이건 아주 나의 인격체로 안 느껴진다는 느낌을 받았어요 아 신고 마려운데?
01:03:19.87,01:03:29.30,아... 신고하면 아예 탈퇴가 된다고 하니까 웃겼으니까 봐주죠?
01:03:29.70,01:03:30.16,안 웃겼는데?
01:03:30.18,01:03:42.28,개자식아?
01:03:42.30,01:03:46.52,어 야 그... 피드백을 하는 사이에 글들이 많이 올라왔네요
01:03:57.01,01:04:17.11,이거 봤고 이번에 이거 볼 차례네 고3 학생입니다 항상 잘 보고 있습니다 오 잘 그리는데 방금 고2인 친구가 당신 그림 보면 기분이 안 좋아질 수도 있어 길에서 박쥐가 그림 피드백 할 때 나이 공개는 금지를 걸었구나
01:04:22.24,01:04:33.18,어 우리도 나이 언급 금지로 할까?
01:04:33.20,01:04:42.05,어 그림 너무 선화가 되게 일단 뚜렷하고 되게 좋네요 너무 잘 그린다 이대로 그리면 될 것 같은데요
01:04:55.86,01:05:05.07,피드백 해줘잉?
01:05:05.09,01:05:08.27,반사광이나 채색을 위해주로 피드백 해주셨으면 좋겠습.. 어!
01:05:08.29,01:05:23.25,씨XXXXXXXXXXXXXXXXXXXXXXXXXXXXXXXXXXXXXXXXXXXXXXXXXXXXXXXXXXXXXXXXXXXXXXXXXXXXXXXXXXXXXXXXXXXXXXXXXXXXXXXXXXXXXXXXXXXXXXXXXXXXXXXXXXXXXXXXXXXXXXXXXXXXXXXXXXXXXXXXXXXXXXXXXXXXXXXXXXXXXXXXXXXXXXXX
01:05:26.53,01:05:33.81,아니 뭐 모니터 설정을 잘못해놓은거 아니야 너?
01:05:34.75,01:05:48.13,뭐..뭐..뭐..뭐.. 대체 어떻게 한거야?
01:05:48.15,01:05:48.95,일단은
01:05:56.64,01:06:02.50,와 이 새끼 씨발 다리 절단 수술 해야겠는데?
01:06:02.52,01:06:02.60,자...
01:06:36.72,01:07:06.05,아직도 모자라요 더 줄여야 돼요 일단은 이건 뭐 지적의 문제가 아니고 이거 뭐 아니 그리다가 무슨 사고가 터진 거야?
01:07:17.08,01:07:32.31,그리고 이거 머리카락이 볼륨감이 좀 더 있었으면 좋겠어요
01:07:48.20,01:08:13.79,몸을 숙였으면 좀 더 어깨도 살짝 올라와줘야지 좀 더 자유스러워질 것 같아 자세가 이 ㅅㅂ 레알 이거 그 레알 프로퍼스 거신이야?
01:08:30.40,01:08:49.76,기본적으로 자세가 엄청 너무 틀어져 버렸는데 확실하게 숙여서 느낌을 내는 것도 괜찮은데 비율 조절만 좀 해드렸어요 이것도 사실상 너무 긴데
01:08:57.88,01:09:14.86,전자그림은 너무 하잖아 너무 잘 그렸는데?
01:09:14.89,01:09:18.21,아 이거 그리던 친구야?
01:09:18.23,01:09:19.73,야 그림 많이 늘었다 야
01:09:28.05,01:09:51.51,아주 훌륭해요 이때 아주 풍면스럽다라고 제가 피드백을 아마 했었는데 얼마나 그림 많이 성장했네 일단 이것만 고치면 되겠다 고생했어요 당신의 노력에 박수를 보냅니다 만화가 지망생입니다 처음부터 만화 그렸는데 픽시브?
01:09:51.93,01:09:54.75,픽시브 레이크를?
01:09:54.77,01:09:54.83,잠깐만
01:09:57.82,01:10:06.87,세상이 만들어지기 전 아무것도 없던 시절 한 무리의 우두머리가 자신의 무리를 이끌고 이곳에 오면서 만들어지기 시작했다.
01:10:06.89,01:10:13.44,우두머리가 자신의 세상을 만들려고 손을 뻗었을 때 자신의 주위로 네 개의 원이 오고 있는 걸 알았다.
01:10:13.46,01:10:16.94,그들은 각자의 색깔을 가지고 있었는데 아!
01:10:17.14,01:10:17.67,아!
01:10:17.69,01:10:17.99,개 자식아!
01:10:23.70,01:10:35.96,존나 여기까지는 참아볼 법 했거든요 근데 여기서 읽기 존나 싫어요 뭐 이거 약국에서 약 처방 받으면 알약 성분 분석표 씨발 그 정도 수준이에요
01:10:58.57,01:11:13.88,만화보다 소설을 쓰는 게 더 재능이 있을 것 같은데?
01:11:13.90,01:11:26.95,아 이거 확대 픽시브가 확대가 안 된다 야 아 근데 이렇게 컷 만화를 또 이렇게 지향하시네 약간 취미로는 상관없는데 프로 지향이면
01:11:27.61,01:11:37.04,많이 웹툰 시장에서 많이 불리합니다 다양함에 천함?
01:11:37.22,01:11:37.58,용기?
01:11:37.66,01:11:46.79,아 방금 그 동그라미 4개가 이 사람으로 변한 거임?
01:11:46.81,01:11:54.88,일단 초반부를 날리거나 많이 고쳤으면 좋겠어요 이거 진짜 아찔함
01:12:01.22,01:12:09.46,정신과 약 처방 받으면 이 성능표 이런 식으로 적혀 있단 말이야?
01:12:09.48,01:12:24.72,너무 쉽지 않네요.
01:12:24.78,01:12:28.04,아쉽지만 앞으로도 성장을 많이 하실 수 있을 겁니다.
01:12:29.00,01:12:30.78,부탁드립니다.
01:12:30.80,01:12:43.76,그림 전공 갔다가 군대 마치고 10년 정도 그림 건드리지도 않다가 작년 12월쯤에 흥미나 재미가 생겨서 다시 껴안은 그림은 너무 재밌었습니다.
01:12:43.78,01:12:52.07,얼마나 발전했고 앞으로 어떻게 발전할지 훑어보고 막연하게라도 말씀해주세요.
01:12:52.53,01:12:53.01,이게 뭐야?
01:12:53.03,01:12:53.09,이게?
01:12:53.11,01:12:55.50,로봇이구나.
01:12:55.52,01:12:56.28,그리드맨이네.
01:12:56.90,01:12:58.60,무슨 모양인지 처음에 몰랐다야.
01:12:59.93,01:13:22.56,이거 음영 처리만 확실하게 해줘도 되게 더 그림 느낌 살 것 같은데 토끼를 그렸습니다 무장 토끼를 그렸네요 잘 그리는데 그래도 짬바가 있네
01:13:31.17,01:13:58.73,음 되게 다이나믹한 구도 그리는 걸 되게 좋아하는구나 되게 디테일 파는 걸 좋아하네 어 젠 존재 바나 어 만화해도 잘하겠다 야
01:14:05.17,01:14:32.56,점점 늘고 있네요 어떻게 발전했고 저는 채색이 약해서 작업속도가 기하급수적으로 낮아지는데 어떤 마음가짐을 일단 목표가 프로지약인지 그냥 취미인지 그것도 중요할 것 같은데 잠깐만 나 코 막힌다 휴지 좀
01:14:45.35,01:14:52.38,10년 만에 한 거면 취미 아니냐고?
01:14:52.90,01:14:56.40,그러면 자기 좋아하는 거대로 쭉 그리면 될 거 같은데?
01:14:56.78,01:15:13.10,확실히 채색 쪽 선화는 느낌이 되게 좋았는데 채색은 너무 채도가 너무 진하다 보니까 그 선화의 장점이 묻혀 버리는 감이 있네요 음
01:15:17.99,01:15:45.78,약간 채도를 약간만 낮춰도 더 선화의 맛이 잘 살 것 같아서 근데 선화를 이 정도로 열심히 잘 그리시니까 채색도 금방 배우실 것 같습니다 응원합니다 손그림을 취미로 하는 평범한 학생인데요 사실 막 특이하다 그 정도는 아닌데 누군가에게나 호감인 그림자는 또 아닌 것 같습니다
01:15:48.28,01:15:59.58,1번 매니아한 그림체를 가지고 싶은데 어떻게 해야 될지 모르겠어요 제 색감이 밋밋하다고요?
01:15:59.78,01:15:59.98,밋밋할까요?
01:16:00.06,01:16:14.98,그리다거나 그림을 꾸준히 그리고 있거나 발전을 하고 있는 건지 모르겠어요 시간대별인가?
01:16:15.00,01:16:15.06,일단은
01:16:17.56,01:16:44.66,6개월 전쯤 그림입니다 최근 그림은 근데 색연필 같은 걸로 이렇게 채색하는 걸 좋아하다 보네 얘가 무태로 그리는구나 채색할 때는 오히려 부근허네요
01:16:45.45,01:17:10.18,일단 이런거 색도 색인데 드로잉 자체를 많이 해보시는게 좋을 것 같습니다 마지막 그림이 되게 감성이 좋네요 약간 푸근하네 어시지원해봅니다 마음에 드시면 연락주십시오 아 이거 씨발 일주일 활동정지 그런거 없냐?
01:17:15.22,01:17:32.04,피드백 요청합니다 릴럴의 지망입니다 음... 오 X발 뭐야 이거?
01:17:32.06,01:17:43.47,디자인이 너무 많이 아쉬운데요?
01:17:43.49,01:17:43.57,오...
01:17:51.21,01:18:06.80,"아직 학생이고 1럴에 지망이면 1,2,3번 인체비율과 명암이 자연스러운지?"
01:18:06.82,01:18:10.08,둘 다 아쉬워요.
01:18:10.20,01:18:18.53,애초에 인간이 아닌 이뇌 스타일의 캐릭터를 그려가지고 인체비율 같은 건 사실상 의미는 잘 모르겠고
01:18:22.89,01:18:36.34,일단 드로잉 실력이 약간 많이 아쉽습니다 좀 더 연습을 많이 하셔야 될 것 같아요 그래도 최대한 이런 다양한 디자인을 뽑아내 보고 있는 게 되게 상장 포인트인 것 같습니다
01:18:44.49,01:19:09.46,약간 몸쪽이나 장신구쪽은 일러레지앙적으로 밀도를 많이 파시는데 반면에 얼굴은 또 약간 그 단순해가지고 오히려 너무 대비가 되네요 밀도 차이가 좀 되게 그래서 얼굴이랑 몸이랑 다 따로 놀고 있어요
01:19:13.22,01:19:36.69,몸 다 그려놓은 거에 머리만 딴 사람이 그려놓은 거 같아요 대체로 다 그렇죠 모든 요소가 얼굴이라 다 따로 돌고 있어서 되게 아쉽네요 아래로 갈수록 최근 그림이... 야 이 자식아!
01:19:38.89,01:19:41.17,너 방금 그 친구랑 룸메이트야?
01:19:44.64,01:19:50.49,야 이 자식아 뭐 뭐 다들 뭐 뭐 문... 아니 뭐 뭐 뭐 뭐 문제 있는 거 아니야?
01:19:50.79,01:20:12.75,다들 뭐 뭐 어떻게 이럴 수가 있어 근데 이렇게 그리는 사람 특징이 전체적 그림을 안 봐서 이렇게 생기는 문제예요 예를 들어서 내가 만든 괴물일 수도 있어
01:20:13.69,01:20:25.06,그림을 그릴 때 전반적인 비율을 보면서 그려야 되는데 저 사람들은 그림을 그릴 때 이렇게 그리는 거야
01:20:25.53,01:20:47.56,이렇게 확대해서 이렇게 그리고 열심히 이렇게 막 이렇게 몸이랑 막 이렇게 얼굴 눈코입 막 이렇게 이렇게 이렇게 그리고 이렇게 이렇게 하고 또 이 확대한 채로 밑에서 완성해 나가서 전반적인 비율을 상시한 채로 계속 아래로 이렇게 그려버려가지고 결과적으로 봤을 때
01:20:49.01,01:21:07.86,결과가 십창나있다 약간 그런 축소도 하면서 전반적인 크기랑 비유를 보면서 그리셔야 됩니다 아니 아니 이런 배경까지 넣었으면 뭔가 이상한 걸 느꼈을 법한데
01:21:22.79,01:21:30.12,선화 위주로 그림을 해서 채색이 너무 어렵습니다 채색 못하진 않는데?
01:21:30.14,01:21:38.95,뭐야 이런 것도 존나게 잘하면서 야이 자식아 이거 조롱하려고 올린 거야?
01:21:38.97,01:21:47.84,그렇기도 할 줄 아는 자식이 연습 너무 잘하고 있어요 진짜 베스트입니다
01:21:56.94,01:22:16.93,원래 이렇게 잘 해놓고 왜 안 써먹는데 모작만 하던 놈의 그림 발전 24년 5월에 피드백 받았는데 용기내서 피드백 요청합니다
01:22:27.22,01:22:53.19,일단 다 창작이란 거지 일단 예전엔 다 모작만 했는데 일단 채색을 하기에는 되게 이른 느낌이에요 이것도 씨발 길이가 뭐 이 씨발 너도 좀 축소를 하면서 그림을 그리렴 오늘 왜 이렇게 다 확대를 해서 그림 그리는 친구들 밖에 없지?
01:23:00.77,01:23:19.92,이거 그림 되게 느낌 나쁘지 않다 근데 이것도 채색하기 나름으로 되게 채색을 하려면 적어도 펜선이 좀 깔끔하게 좀 다 맞아떨어져야지 안에 색을 채우거나 하지 않겠어요?
01:23:19.94,01:23:24.43,선화를 좀 더 열심히 이렇게 자연스럽게 해야겠습니다
01:23:26.70,01:23:46.62,그리고 여기 머리 볼륨을 좀 더 크게 해야 될 것 같아요 지금으로써 지금 머리 한 대 여기 이쪽 부분이 머리 한 대 맞은 것 같죠 이 새끼는 프레스기에 깔렸고 얘는 프라이팬으로 맞았네
01:23:55.22,01:23:57.06,뭐 이거 젖이야 이거?
01:23:57.09,01:24:03.09,이 라인?
01:24:03.27,01:24:16.99,다 상체 하체가 따로 놀고 있는 게 킥 포인트네요 미치겠다 근데 이거 그림은 되게 이 중에서 가장 잘 그렸어요 이거는 개자식아 어디까지 내려가게 할 셈이야
01:24:32.30,01:24:34.94,존나 사람 그리다가 지쳐서 우산을 못 그리게 된 거야?
01:24:35.28,01:24:58.69,우산 존나 쓰레기통에서 망가진 거 하나 구겨.. 주워온 거 같아요 야 우산을 그릴 거면 모양을 확실하게 잡든가 이것도 존나 기네
01:25:05.98,01:25:19.36,일단은 그림을 좀 축소해서 전체적 비율을 보면서 그리는 버릇을 좀 드려야겠습니다.
01:25:19.40,01:25:24.65,그래도 노력하고 있는 모습이 너무 보기 좋아요.
01:25:24.67,01:25:24.93,피드백 부탁합니다.
01:25:25.31,01:25:28.05,"어, 귀여운데?"
01:25:28.07,01:25:29.78,"헐, 재능 X되는데?"
01:25:29.80,01:25:29.88,잠깐만.
01:25:30.06,01:25:42.06,나중에 괴물이 될 것 같은 약간 그 얘는 그림을 잘 그리고 싶다라는 생각보다는 그림을 귀엽게 그리고 싶다는 그 욕망이 더 앞서 있는 그런 그림이에요
01:25:54.48,01:25:57.56,일주일 전에 산 액정 타블렛으로 그렸는데 채색을 해본 적이 없어서.
01:25:58.92,01:26:01.57,처음 치고 진짜 너무 잘했는데?
01:26:01.59,01:26:03.63,당신 재능 좋대.
01:26:03.65,01:26:18.51,니거 느낌 너무 좋다.
01:26:18.53,01:26:19.43,얘는 지은인가?
01:26:20.68,01:26:23.86,한라감귤의 불알 친구에 나오는 친구인가요?
01:26:32.26,01:26:38.33,아우 되게 이거 되게 그림 되게 잘했다 이거 어디 나오는 캐릭터인가요?
01:26:38.77,01:26:45.22,창작캐면 캐디는 진짜 개 잘했는데 어디 있는 캐릭터 같기도 하고 창작이라고?
01:26:45.24,01:26:55.13,재능 X되네 약간 진짜 포켓몬 신캐같이 느껴져요 X나 잘했어 용왕이 하는 일 아니냐고?
01:26:55.15,01:26:56.09,아 거기에 나오는 애야?
01:27:01.54,01:27:09.17,1번이 창작이라고?
01:27:09.19,01:27:18.45,아무튼 되게 잘했다 머리카락 볼륨감도 되게 좋고 쌀 전반적인 비율도 좋고 주름도 간결하게 잘했고 최고의
01:27:32.99,01:28:01.77,오피스루쿠야 이거는 그냥 팬아트를 올렸네요 피드백 요청이 아니라 잘하시네 좀 더 얼굴 옆에 다듬으면 더 보기 좋았을 것 같은데 피드백 요청합니다
01:28:02.73,01:28:13.67,3번 이미지 보면 역광 있는 그림을 그렸는데 그림자를 어떻게 잡아야 할지 모르겠습니다 셀 채색을 지향하고 있는데 색을 더 맛있게 쓰는 방법을 알고 싶습니다 상품성 있는 그림을 그리는데 조언해주실 수 있는 방향?
01:28:13.69,01:28:22.07,이런 식으로 잘 그리는데?
01:28:22.21,01:28:23.35,방금 그 친구구나
01:28:35.31,01:28:49.05,이것도 역광을 한다면 좀 더 한 톤만 색깔을 더 써도 너무 좋아질 것 같은데
01:29:11.81,01:29:35.90,음 역광이면 가슴이 생각보다 덜 빛나야 될 것 같기도 한데 역광이면 다른 쪽 이쪽에 빛이 받는 부분보다 이쪽 라인이 좀 더 어두워야겠죠 그래서 그림자를 한 톤 더 쓰는 게 더 예뻐 보일 것 같아요 가볍게만 한번 해 보겠습니다
01:30:27.11,01:30:30.62,배꼽에 한 톤 더 진하게 넣은 것도 되게 잘했어요
01:31:27.08,01:31:36.60,이렇게 엎드려 있으면 가슴이 또 쏟아지기 때문에 위에서 아래로 약간 묘하게 원근을 또 주는 것도 되게 좋을 것 같아요
01:32:27.80,01:32:48.14,그리고 여기서 좀 더 포인트 같은 걸 더 주고 싶다 싶으시면 하드라이트 같은 레이어를 하나 만들어서 뒤에서 오는 빛을 좀 더 강조를 해주면 역광 분위기가 확실하게 날 것 같습니다
01:33:35.76,01:33:36.62,이런 식으로
01:33:59.45,01:34:29.14,그리고 이렇게 로우 느낌이면 렌즈 효과를 넣어도 좋아요 필터에서 여기서 가우시한 흐리기 진하게 지우개 앞쪽으로 나와있는 부분은 이렇게 하고
01:34:32.76,01:34:51.85,포토샵에서도 가능합니다 그래서 그림자 한 톤이랑 그냥 역광 좀 더 포인트를 넣어봤어요 레바 그림체 왜 이렇게 바뀐 것 같냐 내 그림이 아니에요
01:35:07.47,01:35:19.22,그리고 이것도 방금 전에 같이 올려 주셨는데 그리고 얼굴 옆에만 살짝만 다듬으면 훨씬 더 일단 가슴 모양 너무 너무 잘했어요
01:35:33.85,01:36:03.35,중안부도 좀 넣어주고 입도 살짝 넣어주고 턱을 살짝 빼주고 옆태가 약간 뚱했는데 그래도 좀 다듬어졌죠 얼굴이
01:36:09.42,01:36:34.08,그거 외에 이런 포인트나 라인 같은 것도 너무 잘하셔가지고 뭐라 할 게 없네요 굳이 고른다면 여기 팔 라인을 좀 더
01:36:35.71,01:37:01.08,이렇게 손을 앞으로 할 거면 어깨가 살짝 그래도 말려 있어야 되거든요 근데 어깨가 지금 너무 당당한 상태에서 손이 또 아래로 와 있어가지고 어깨 쪽을 좀 더 앞으로만 당겨줘도 되게 더 좋을 것 같아요 아무튼 잘 그리셨어요
01:37:14.30,01:37:17.33,꼬아루야?
01:37:17.49,01:37:38.05,대학 입학하고 취미로 그림 그리기 시작한 스무 살입니다 이건 토끼 귀한 남자를 그린 것 같은데 포즈도 병신 같고 마꾸도 묘하게 못생긴 것 같고 대가리도 큰 것 같고 옷주름이 X같아 보입니다 옷주름은 다 잘했는데?
01:37:38.07,01:37:43.85,그림자 넣을 때 셀식으로 크게 덩어리 잡으면서 넣으려고 하는데 어색해 보여서 에어브러쉬로 넣게 됩니다
01:37:44.95,01:38:00.59,아 옷주름은 오히려 이런 식으로 까는 거면 오히려 잘하고 있어 드로잉만 좀 더 자주 하면 훨씬 더 좋아질 듯?
01:38:00.61,01:38:07.72,오히려 그림자 퀄리티가 펜선이 그림자를 못 따라가고 있어요
01:38:14.63,01:38:37.00,존경하는 레바선생님 고견의 청아보입니다 로펙 저 ㅅㅂ 뭐야 이거 바디 페인팅이야?
01:38:37.02,01:38:39.64,RPG 자켓입니다 같은 만화 지향 쪽입니다
01:38:43.13,01:39:07.76,머리카락 사이사이 선으로 디테일하게 하는 면으로 명암을 디테일하게 하는 부분은 모르겠습니다 아 2만원 원 고맙습니다 제 그림은 감정 전달이 약한 것 같습니다 이건 감정 전달의 문제가 아닌 것 같은데 좀 더 드로잉을 자주 해봐야 될 것 같아요 일단은 머리카락을 좀 더 디테일하게 파고 싶어 하시는 것 같은데
01:39:13.64,01:39:39.36,이런 디테일한 선 사이사이 명암을 어디에 어느 기준으로 넣어야 할지 감조차 잡히지 않습니다 그냥 그림자가 질법한 부분에 저는 먹을 넣는 편인데 이렇게 물어보니까 어떻게 설명을 해줘야 할지 모르겠네 이런 뒷머리 선을 제가 그리려고 하면 어떻게 그려야 할지 감이 안 온다고?
01:39:39.38,01:39:43.16,그러면 제가 당신 그림을 가져가서 먹질로 머리카락을 한번 그려볼게요
01:39:56.96,01:40:23.75,그리기 쉽게 까만 머리로 변경을 하겠습니다 말 그대로 늘 말하지만 그 정수리에서 머리카락이 쏟아지기 때문에 좀 더 머리카락 컬을 좀 두툼하게 하고 머리를 뒤로 넘겼으면 여기 장머리 같은 게 좀 더 빠지 나올 수도 있겠죠
01:41:02.12,01:41:04.57,머리카락 흐름으로만 한번 잡아볼게요.
01:41:34.99,01:42:03.17,표정 같은 건 뭐 감정교사 그런 게 부족하다고 딱히 그런 건 느껴지지 않는데요 그냥 그로잉 자체가 아직 그 약간 부족하셔서 틀어지는 부분이 더 많기 때문에 이렇게 원래 그림 자체가 머리를 되게 덩어리지게 그리셔서 제 피드백이 의미가 있나 잘 모르겠는데 일단 당신은 머리카락 문제가 아니에요
01:42:06.87,01:42:12.25,가슴도 이거 가슴이 달린 거야?
01:42:12.27,01:42:14.58,아니면 가슴이 난 거야?
01:43:02.10,01:43:14.15,그래도 좀 가슴이 가슴 나오셨죠 아싸리 이런 몸매 비율이면 가슴이 큰 게 좀 더 자연스러운데
01:43:34.28,01:43:38.18,이런 느낌은 어떤가요?
01:43:38.26,01:43:51.76,이거 뭐 개인 취향의 영역이라서 일단은 이 가슴보다는 이 가슴이 나은 것 같아요.
01:43:51.78,01:43:58.31,명확히 틀린 부분은 없는가라고 물어보셨는데 솔직히 말씀드리자면 다 틀렸어요.
01:43:58.33,01:44:02.82,근데 이거는 드로잉 경험이 많이 높아지면 해결될 문제라서
01:44:08.27,01:44:27.71,피드백 오네가이 장문 네 한번 훑어볼게요 제가 그린 만화입니다 5시간 정도 걸렸습니다 낭만은 있네 진신나무 모드 진심 거미
01:44:36.77,01:44:38.57,5대 청이를 보고 용캠 많이 생겼습니다.
01:44:38.59,01:44:39.39,감사합니다.
01:44:39.41,01:44:40.81,"그래, 좀 더 열심히 해."
01:44:40.83,01:44:41.79,지금 한 번 더 보여줄까?
01:44:42.69,01:44:56.83,"5대 청이 말고 5대 용도기로 이야, 이 새끼는"
01:45:07.65,01:45:11.25,딴 거?
01:45:12.28,01:45:13.29,이 시절 딴 거?
01:45:44.28,01:46:10.44,뭐야 이거 이건 뭐야 오오오오오오오오오오오오오오오오오오오오오오오오오오오오오오오오오오오오오오오오오오오오오오오오오오오오오오오오오오오오오오오오오오오오오오오오오오오오오오오오오오오오오오오오오오오오오오오오오오오오오오오오오오오오오오오오오오오오오오오오오오오오오오오오오오오오오오오오오오오오오오오오오오오오오오오오오오오오오오오오오오오오오오오오오오오오오오오오오오오오오오오오오오오오오오오오오오오오오오오오오오오오오오오오오오오오오오오오오오오오
01:46:12.78,01:46:42.29,저런거 보니 옛날에 시청자들이 엄청 착하고 형을 많이 사랑했구나
01:46:46.76,01:46:50.28,음... 아주사?
01:46:54.67,01:46:54.93,으악!
01:46:55.25,01:46:57.09,이 새끼!
01:46:57.11,01:46:57.43,사람 아닌데!
01:47:04.42,01:47:11.63,어 이 새끼 거의... 씨발... 와... 뱀인데 뱀?
01:47:21.69,01:47:27.11,이 ㅅㄲ.. 이 ㅅㄲ 그림 안 접고 꾸준히 그린 게 대단하네!
01:47:27.59,01:47:28.11,이 ㅅㄲ는!
01:47:28.14,01:47:45.20,어?
01:47:45.22,01:47:45.32,안 그래?
01:47:45.34,01:47:46.46,유튜브에서 이 시리즈 볼 때마다 양 개쳐 웃었는데 크크크.
01:47:46.48,01:47:48.00,볼에 18ㅅㄲ 강조한다고 골반이랑 가슴 이빠이 강조하는 자세들인 거 존나 웃기네 크크.
01:47:48.30,01:47:48.72,"얼굴, 눈동자까지는 그래도 봐줄만한데?"
01:47:52.30,01:48:11.27,잠깐만 여기 진짜 끔찍한 그림 존나 많은 것 같은데 여기?
01:48:11.29,01:48:11.39,어디 보자
01:48:16.51,01:48:22.30,"야, 아재사 남이 노력해서 그린 걸 이걸 박수치며 폭소하네."
01:48:22.32,01:48:22.52,너무한 거 아니냐.
01:48:22.54,01:48:22.74,시노?
01:48:26.62,01:48:33.85,와... 이 새끼 눈깔 봐.
01:48:33.87,01:48:34.01,무서워.
01:48:34.03,01:48:34.41,"아니, 시발."
01:48:41.18,01:48:42.24,나 방송에서 그린 거냐고요?
01:48:42.82,01:48:42.86,예.
01:48:44.18,01:48:44.26,놀랍죠?
01:48:52.41,01:49:04.88,사람이 저렇게 생겼다면 인류는 번식을 하지 못했을 거다.
01:49:04.90,01:49:20.83,"이 새끼... 아니 지금... 아니 뭐부터 지적을 해야 될지 모르겠네, 이런 새끼는."
01:49:20.85,01:49:21.68,아무리 레바 그림체 모작이라도 ㅅㅂ 이딴식으로 조지는 건 너무한 건 아님?
01:49:21.69,01:49:22.08,이건 솔직히 고소해야 한다고 본다.
01:49:22.10,01:49:22.40,적어도 사람답게는 그려야지.
01:49:30.92,01:49:56.80,헐 초견이다
01:50:01.31,01:50:01.95,야행이야!
01:50:02.25,01:50:02.41,어울려!
01:50:02.77,01:50:02.93,오히려!
01:50:18.04,01:50:29.31,내 마야 구라치지 마라!
01:50:29.34,01:50:29.52,뭘 구라치지 마!
01:50:29.53,01:50:29.80,누가 미간 찌그러뜨렸냐?
01:50:31.72,01:50:55.55,꼴의 입김은 크크크크.
01:50:55.57,01:50:56.19,그러니까 저걸 옛날에는 10만 원씩 받고 그렸다는 거지?
01:50:56.21,01:50:56.29,아니야.
01:50:56.31,01:50:56.64,영연대 떡인지 갬성 크크크크.
01:50:56.65,01:50:57.03,와 저런 걸 그리고 돈을 받았다니.
01:50:57.06,01:50:57.34,이거 완전 갈취 그만인가?
01:50:57.36,01:50:57.44,진짜로.
01:51:00.91,01:51:03.25,헐 헤스티아다!
01:51:03.49,01:51:03.67,와!
01:51:03.69,01:51:05.62,씨발 무서워!
01:51:05.90,01:51:10.74,이 새키 대가리 봐!
01:51:10.76,01:51:11.02,씨발!
01:51:11.44,01:51:11.68,아 무서워!
01:51:12.14,01:51:22.64,씨발!
01:51:22.66,01:51:28.45,이거 그냥 팔 두개만 그리고 입에 케첩소스만 뿌리면 못 벗겨 즉사해서 땅에 널부러진 장면이 나오네?
01:51:28.47,01:51:28.55,크크크!
01:51:28.57,01:51:28.77,나도 소름 돋았어!
01:51:28.79,01:51:29.11,아... 씨발... 아이...
01:51:36.58,01:52:00.78,다음 학시절엔 이런 그림 그리면서 레코단들한테 그림 잘 그린다는 소리 들었다는 거지?
01:52:00.80,01:52:01.32,레바야 역시 레바 생각하는 건 레코단밖에 없다.
01:52:01.34,01:52:01.60,아니... 노력하셨잖아!
01:52:01.62,01:52:02.20,입에 손가락 걸치는 거 왜 이렇게 좋아하냐 크크크크.
01:52:02.22,01:52:02.86,그림이 사람도 아닌데 저 그림들 보고 정지받았다는 말이지?
01:52:05.00,01:52:30.14,야 시바 과거에 나는 저런 그림을 보면서 우야 꼴린다 잘 쓸게요 이딴 소리를 했다니 진짜 과거에 나 새끼... 헐 이거는 리워크한 거 저장되어 있네?
01:52:30.16,01:52:31.38,이 헤스티아 개웃긴 게 저탱이의 기영이 머리 두 개 그린 거 저거 좀 노력이 들어간 느낌이라 좀 웃긴 크크 헐
01:52:33.43,01:52:50.94,그럴 수 있어.
01:52:50.96,01:52:53.08,이 새낀 그나마 다른 것보다 낫네.
01:53:02.21,01:53:15.78,그러니까 트위치 초창기 때는 저런 거 그리고 정지 먹었다는 거지?
01:53:15.80,01:53:16.34,트위치 관계자들 혹시 이상 성욕자임?
01:53:16.36,01:53:16.88,헤스티아 또 있다 이거 방금 거보단 나아졌는데?
01:53:16.90,01:53:17.06,이게 절망적이네
01:53:33.56,01:54:02.34,회작들 그만 보여주고 다음 피드백 진행해줘 내 그림 보고 나니까 피드백 할 의지가 꺾여버린 최근 페스티아꺼 보여줘 헐 메르시다 아니 ㅅㅂ 대가리 ㅈㄴ 아프네
01:54:12.98,01:54:38.50,그래도 노력을 하셨네 이건 뭐 오히려 이 그림체라서 잘 어울리는데
01:54:40.47,01:55:04.96,오~~
01:55:26.49,01:55:49.76,이때는 소녀전성 그림이 되게 지배적이네요 오히려 이런 그림은 이때 그림자가 더 잘 어울려 음
01:56:07.39,01:56:21.28,이거 두개가 대가리 존나 아프네 진짜 미치겠다
01:56:39.69,01:56:43.00,피드백 끝이냐고요?
01:56:43.02,01:56:44.68,아... 피드백할 의지가 꺾여버렸는데 어쩌지?
01:57:01.69,01:57:01.89,일단 좀 더 볼까?
01:57:01.91,01:57:02.83,"게이온, 극장판도 재개봉했던데 리메이크 한번 해줘, 형 팔 저길이면 똥도 못 닦겠다"
01:57:05.46,01:57:21.32,이때 턱에 삼각형을 그려주셨죠 제가 턱 깎아드렸던 그분이구나 3월 초 그림입니다 그림 좋은데?
01:57:21.34,01:57:34.77,많이 좋아졌다 캐릭터들 이름은 위에서부터 오르페블의 로즈킹덤 어드마이어 그로브 빅투아르피사입니다 땡큐
01:57:34.94,01:57:50.22,오오 아니 너무 그림 너무 좋아졌다 야 훌륭해요 만화 도입 후 콘티 피드백 해줘?
01:57:51.81,01:58:03.88,이겼다 환방진 놈들 나의 승리다 전투에 집중하느라 느끼지 못했던 상체의 후폭풍이
01:58:05.11,01:58:21.87,힐러 프리스트 누구라도 좋은 일 도와줘 지나가는 프리스트에게 도움받았다 땡땡땡 공구 레이 특징 동료 구하는 쪽 이왕 구하는 건 나만큼 초엘리트 동료와 함께하고 싶고
01:58:23.03,01:58:52.55,완벽한 3인조 명예 모험팟이 되는 것이다 모험단 창설및 구인센터 그냥 길드라고 해라 야 이 ㅅㅂ 야 이 ㅅㅂ야 이런 세계관 할 거면 그냥 그냥 뻔뻔하게 그냥 길드 이 ㅅㅂ 해놓고 써놔 그냥 뭐 개요를 설명하고 앉았어 황 안녕하십니까 파티 원고 나왔습니다 휑
01:58:53.86,01:59:00.23,파티가 없는게 말이 되냐고 이년아 이 몸과 함께 할 수 있다는데 파티는 많은데 당신을 받으러 데려갈 파티가 뭐?
01:59:05.20,01:59:22.56,왜에에엥 제목 그래도 나쁘지 않은데 도입부로 일단 도입부는 쇳바닥만 안 길어지면 돼요 한 달 반 만에 팬을 잡았습니다 방금 봤던 거잖아 씨발
01:59:26.38,01:59:36.25,그림 피드백 딸칵 머리카락 표현을 어떻게 할지 모르겠어요 더 야하게 그리고 싶어요 이미 충분히 그림 야한데?
01:59:36.35,01:59:42.92,아 근데 펜 선이 좀 더 진하면 좋겠다 이거 이미 너무 잘 그리는데?
01:59:57.94,02:00:24.40,이것도 데미 채소만 조절해줘도 되겠.. 아이 씨X 깜짝이야 방금 말달 그림 그렸던 감사자입니다 뭔가 재빨리 지나가버린 것 같긴 하지만 칭찬해주셔서 감사합니다 정진하겠습니다
02:00:37.93,02:01:01.92,팔뚝살을 좀 더 얇게만 해줘도 되게 더 여리여리한 느낌이 들어서 되게 더 예쁠 것 같아요 그리고 아가리가 너무 턱에 너무 가까이 있다 이런 그림체도 있긴 한데
02:01:11.95,02:01:15.79,입이 한 이 정도 있으면 좋겠어 올려볼까?
02:01:44.59,02:02:05.47,이정도 이정 방금 느낌도 괜찮긴 한데 일단 가슴 그림자를 되게 진하게 하니까 확실하게 더 볼륨감이 느껴져서
02:02:14.78,02:02:15.80,선탠한 것 같다고?
02:02:15.90,02:02:41.93,그러면 비율을 좀 조절해주면 돼요 그리고 이런 광런 그림자로 펜선을 좀 더 강화해주면 되게 좋을 것 같은데
02:03:00.36,02:03:06.35,그리고 목을 좀 더 이 정도까지는 당겨야 될 것 같아요 목이 너무 뒤에 있는 것 같기도 하죠
02:03:50.95,02:04:20.18,이런 느낌으로다가 목을 많이 땡겼고 입 올리고 채도 조절하고 머리카락 세밀 묘사를 조금 더 했습니다 이렇게 살 튀어나오게 그리는 것도 되게 잘했어요 음
02:04:21.26,02:04:43.84,좋습니다 되게 최소한의 터치로만 이렇게 손을 대는 게 좋네요 이제 피드백 한 4-5개 정도만 더 보도록 하겠습니다 페이드가 없어서 손그림만 올렸습니다
02:04:46.59,02:05:15.84,"그림을 배운 적이 없어 얼굴 부분이 형태감이나 굴곡진 부분, 신체 비율 등에서 어떻게 해야 될지 잘 모르겠습니다 그래도 나름 연습을 꾸준히 잘 하고 계신데 되게... 얼굴의 형태감은 어떻게 살려야 될지 모르겠습니다 너무 막연한데?"
02:05:15.85,02:05:15.93,음...
02:05:17.25,02:05:42.26,얼굴에 형태감이라고 하면 일단 뭘 예시로 들어야 되냐 역시 라인이죠 얼굴에 형태감이라고 한다면 이런 이목구비가 될 수도 있고 이런 이목구비가 될 수도 있고
02:05:46.85,02:06:12.79,그럼 좀 더 설렁설렁 하도록 하겠습니다 측면은 어떻게 될지 모르겠어요 그것도 자기 개성의 영역이라서 솔직히 뭐 이렇게 해라 차라리 옆모습을 그린 그림이 있으면
02:06:25.32,02:06:50.03,어떻게 고쳐드릴 텐데 일단 이거 드로잉을 좀 더 많이 해보셔야 될 것 같아요 이거 얼굴에 묘사 문제가 아니에요 가슴도 약간 지금 쇄골 바로 밑에 있어서 일단 사람 아니야 그래도 사람 중에선 사람인데 내가 그린 옛날 아지사보단 사람이거든요 이거 조금만 더 드로잉 연습하시면 훨씬 더 좋아지실 것 같아요
02:06:56.07,02:07:03.78,대작가 레바님 피드백 부탁드립니다.
02:07:03.80,02:07:07.60,사이버펑크 작품입니다.
02:07:07.62,02:07:24.49,음 이런 손악한지 졸작 캐릭터들 아 그래도 이 정도 스케치업으로 그래도 좀 눌렀네
02:07:25.02,02:07:47.94,누르지도 않았어요 진짜 화 존나 날 뻔 엘렌 오 이거 잘 그렸다 이것도 잘했는데요?
02:07:47.96,02:07:54.97,화려한 밤 붉은 예고장이 춤추듯 내린다 수많은 경비와 철통 보안에도 그녀는 항상 화려하게 나타나 목표를 손에 넣는다
02:07:55.38,02:08:03.77,괴도 레드의 밤이 지금 시작된다 예고짱 여긴 지휘조 보석은 무사한가?
02:08:03.79,02:08:09.35,보석 무사합니다 보석 씨발 좀 더 각지게 그리는 게 좋지 않겠니?
02:08:09.76,02:08:16.80,이런 텍스처를 쓸 거면?
02:08:16.82,02:08:24.43,예고 시간 됐다 사주 경계 확실히 하도록 쨍그랑
02:08:26.16,02:08:41.64,시츄레시마스 끼익 와우 911이잖아 궤도 레드 차가 빨간색 타고다녀서 레든가?
02:08:41.67,02:08:54.26,으악 내 눈 와아 거기서라 궤도 레드 되게 약간 씨발 되게 콩 약간 뭐냐 약간 뭐라고 해야되냐 이걸
02:08:59.83,02:09:11.18,진짜 약간 학습만화 연출 그림 감성 좋다네 입대 전 약 3년 전 피드백 받았던 그림?
02:09:11.68,02:09:29.77,그림 많이 좋아졌다 야 어 호두자다 구도를 잘 잡는다고 칭찬해주신 그림입니다 어 좀 더 어슬 코믹스화덴데
02:09:32.16,02:09:32.82,좋은데요?
02:09:33.22,02:09:58.19,뭔가 개성이 확실하게 생겼네요 이번엔 내외 집채공약 올렸다가 떨어진 작품입니다 휘전사극 로맨스입니다 야이 개자식아 공정군 이승권의 유배지 왕사남이잖아 개자식아
02:10:00.75,02:10:01.85,우리 아가씨 이름이 뭐야?
02:10:02.53,02:10:04.13,막내라 하옵니다.
02:10:04.15,02:10:05.35,막내라.
02:10:05.37,02:10:09.19,그럼 집에서 막내 소리를 자주 듣나?
02:10:09.22,02:10:09.60,차하하하.
02:10:09.62,02:10:09.72,야레야레.
02:10:10.04,02:10:12.84,아가씨가 아니니까 애기라고 불러야겠네.
02:10:12.86,02:10:13.06,막내니까.
02:10:13.98,02:10:16.00,차하하하.
02:10:16.02,02:10:17.64,정말 그딴 말을 말했다고?
02:10:17.66,02:10:17.80,네.
02:10:18.28,02:10:20.59,그 놓친 애가 드디어 미쳐버렸구만.
02:10:21.07,02:10:21.33,이래 어쩐담.
02:10:21.35,02:10:21.77,어쭈님이야?
02:10:22.15,02:10:22.21,씨발.
02:10:24.65,02:10:27.03,절벽 아래로 떨어뜨려 버릴까요?
02:10:27.05,02:10:27.69,됐어.
02:10:27.93,02:10:30.43,오히려 포상인이 어쩌냐 하면서 행복하게 죽을 거 아니야.
02:10:42.35,02:10:57.31,뭐 이 ㅅㅂ 이 ㅅㅂ 밴해야 될 것 같은데?
02:10:57.32,02:10:57.57,무젠!
02:10:57.59,02:11:11.85,팔이나 손 그리는 데 어려움을 겪고 있습니다 손 그리는 건 제가 종종 오늘 피드백하면서도 설명했었으니까 그림이 평면적으로 보입니다 그림자를 더 넣어야 되지 일단 생각보다
02:11:13.16,02:11:36.79,비율이나 드로잉 자체는 나쁘지 않아요 너무 평면적이라서 그렇지 이것도 그림자만 넣으면 되게 좋아질 것 같은데요 약간 그렇게 한 것처럼 그러게 손이 씨발 뭐야?
02:11:42.32,02:12:10.82,그러니까 이런걸 그리고 싶었던건지 이렇게 여기 가방끈 잡고 있고 이런 손을 뭐 희망한거 같은데 여기에 손가락만 좀 추가해줘도 되게 좋아질거 같은데요
02:12:11.93,02:12:30.97,하고
02:13:07.34,02:13:18.54,옷이 어디에서 끝나고 시작되고 그런 걸 좀 봐가면서 주름을 아래로 쏟아지게끔 그려주면 되게 훨씬 더 입체감 있고 좋아질 거예요
02:13:49.98,02:13:57.76,이거 약간 루즈핏으로다가 폼을 좀 크게 입혔으니까 좀 쭉쭉 내려오게
02:14:19.15,02:14:20.60,얼굴이 좀 늙어 보이는 거?
02:14:21.28,02:14:21.58,기분 탓이냐고?
02:14:21.86,02:14:25.88,약간 입꼬리를 이렇게 입주름처럼 그려서 그래요.
02:14:26.00,02:14:40.52,이것만 없애줘도 되게 그림 엄청 젊어 보일걸?
02:14:40.55,02:14:45.27,보조개를 그릴 거면 입꼬리만 살짝만 살짝 이렇게 이렇게 꺾어주는 게 좋을 것 같아요.
02:14:45.29,02:14:45.97,방금 것보다는
02:14:52.99,02:14:55.41,훨씬 그림이 입체감있어졌죠?
02:14:55.49,02:15:15.45,그림자만 추가해줘도 사실 그림 대부분의 완성은 그림자가 다 한다고 생각해서 음.. 옷주름만 자연스럽게 넣어줘도 아 그러게 꽃 그림자도 해주면 좋은데
02:15:35.18,02:15:56.63,이런 식으로 그래도 전반적으로 그 비율을 되게 잘 그리셨어요 그래서 그림자만 추가해도 어색하지 않는 거에요
02:16:06.23,02:16:31.31,아무튼 도움이 많이 되셨길 바랍니다 채식이 너무 촌스럽습니다 별로 안 촌스러운데?
02:16:32.35,02:16:59.86,근데 약간 밝은 느낌으로 했으면 더 잘 어울리겠다는 생각도 듭니다 이런 컬러면 약간 이렇게 밝은 부분을 좀 더 쨍하게 해주면 되게 좋을 것 같네요 별로 촌티 안 나는데요?
02:16:59.87,02:17:01.92,강동원님 채색이랑 명함 피드백 오네가이?
02:17:03.82,02:17:04.22,뭐야?
02:17:04.40,02:17:08.61,이 새끼?
02:17:08.63,02:17:22.45,이거 그 뭐냐 니 오토마타에 그 알몸으로 태어 알에서 태어나는 기계 로봇 외계인 새끼 아니야?
02:17:22.61,02:17:24.39,그 알몸 게이 형제
02:17:28.51,02:17:29.13,고3입니다.
02:17:29.23,02:17:41.71,어느정도 사람을 그릴 수 있게 되었는데 바지를 채색하면 무슨 비닐옷 마냥 된다는 듯이 너무 어색한 채색이였.. 어.. 첫번째 그림도 쫄아서 명암만 했는데 그마저도 어색한 느낌이 나고요.
02:17:41.73,02:17:48.12,애초에 아무것도 안 입혔는데 뭐 그림자를 넣.. 넣긴 한거니?
02:17:48.14,02:17:48.88,이 새X 뭐야!
02:18:03.47,02:18:12.07,원래 이런 비율을 좋아하나?
02:18:12.09,02:18:26.71,그리고 왜 바지가 비닐바지처럼 되냐면 당신이 비닐처럼 그리기 때문이야 어두운 톤만 깔라고 광은 왜 넣는 거야 이러니까 비닐바지가 되지
02:18:39.28,02:18:42.05,피드백 오네가이?
02:18:42.07,02:18:42.85,그래도 귀여운데?
02:18:42.87,02:19:05.08,너무 평면적이다 근데 그림 1년차 뉴비입니다 지난번에 레바님께서 레알 2천원짜리 피규어가 이거보다 오줌 많겠다 라고 한 뒤로 조금 연습했습니다 존나 잘했어요 훨씬 나아졌어 추가로 채색법도 공부했는데 어색한 부분이 있으면 말씀해주세요 아 이게 저번 그림인가?
02:19:05.10,02:19:05.14,맞네
02:19:06.94,02:19:31.63,그런 말 할 법 했네 존나 좋아졌네 K는 그래도 괜찮아 애초에 그림자가 들어갈 영역이 생각보다 적어서 이거는 ㅅㅂ 야 이건 ㅅㅂ 내 목각인형이야?
02:19:42.21,02:20:04.00,음 아무튼 그림자도 투톤으로 많이 시도도 해보고 되게 잘하고 있네요 어머어머어머 그림자로 옷주름을 넣고 싶은데 자꾸만 더러워 보입니다 어떡하면 좋을까요?
02:20:04.02,02:20:11.10,제 피부톤을 좀 까무잡잡하게 하네 우와 이거 진짜 몸 존나 너무 아쉬운데 잠깐만
02:20:17.11,02:20:20.96,얼굴이랑 대가리는 존나 잘해놓고
02:20:48.75,02:21:17.32,이 ㅅㄲ ㅅㅂ 승무원 ㅈㄷ 이거 ㅅㅂ 내가 손을 봐야겠다
02:21:18.25,02:21:33.82,단순히 이거 승무만 가려줘도 존나 그림 이뻐지구만
02:21:46.39,02:22:14.00,그리고 가슴이 좀 더 이쪽에서 시작이 돼야겠죠 팔뚝도 여리여리하게 좀 대신에 가슴은 좀 더 크게
02:22:55.38,02:22:57.59,이거 뭐임?
02:22:57.79,02:23:01.86,이걸 광이라고 넣었어?
02:23:30.60,02:23:53.79,그리고 배꼽 라인도 너무 일자다.
02:23:53.81,02:23:54.93,"야, 근데 저렇게 맘마 주머니를 두 개나 달고 있는데 승모가 저렇게 두껍게 발달하는 게 정상 아니냐?"
02:23:54.95,02:23:55.28,원본이 고증 잘 살린 거였네.
02:23:55.29,02:23:55.36,크크크
02:24:05.88,02:24:32.08,납득은 되긴 하네요 자 일단 승모 줄이고 일단 머리랑 옆태까진 너무 잘 그렸거든?
02:24:32.45,02:24:35.25,근데 ㅅㅂ 승모가 야 개자식아 어?
02:24:36.43,02:24:40.39,근데 오히려 약간 객모애로 작용할 수도 있어요.
02:24:41.53,02:24:49.32,막 잘못됐다 그러기보다는 일단 당신이 지향한 게 아닌 것 같아서 이렇게 얘기를 하는 거지.
02:24:49.34,02:24:53.99,그래서 승모를 좀 죽여서 좀 여리여리하게 몸을 만들었고요.
02:24:54.01,02:25:03.59,아 밥 먹고 술 먹다 개꿀잼 피드백 방송을 유유학과 개꿀잼 현실고증 만화는 보긴 했는데 다시 보기 봐야겠다.
02:25:03.61,02:25:03.77,아무튼 사랑해.
02:25:04.81,02:25:25.28,가슴도 좀 더 보완하고 배꼽 라인이 좀 더 들어가게 바꿨습니다 이거는 자유 그림이네요 그림 너무 예쁘다 레바님의 도움이 필요합니다
02:25:26.97,02:25:34.42,지금 그리는 중인 이상해씨인데 레바님이라면 좀 더 퀵한 대사를 쓸 수 있... 씨발 어딜 봐서 이상해씨야?
02:25:34.44,02:25:46.90,이상해씨를 연상시킬 만한 게 아 이거 촉수구나 음
02:25:58.39,02:26:16.72,글쎄요... 딱히 내 그림이 아니라서 대사를 이용하고 떠올리거나 그러지... 오오오오오오오오오오오오오오오오오오오오오오오오오오오오오오오오오오오오오오오오오오오오오오오오오오오오오오오오오오오오오오오오오오오오오오오오오오오오오오오오오오오오오오오오오오오오오오오오오오오오오오오오오오오오오오오오오오오오오오오오오오오오오오오오오오오오오오오오오오오오오오오오오오오오오오오오오오오오오오오오오오오오오오오오오오오오오오오오오오오오오오오오오오오오오오오오오오오오오오
02:26:21.45,02:26:43.90,쿨트로 채색 처음 해봐서 빠르게 그리는 방법도 알려주세요 빠르게 그리는 방법은 빠르게 그리는 방법밖에 없습니다 참 곤란하네요 근데 그림 너무 예쁘네요 아니 목길이 난 오히려 이렇게 시원하게 길쭉하게 그리는 건 좋다고 생각해
02:26:55.71,02:27:01.12,잘 그렸는데?
02:27:01.14,02:27:24.03,오히려 난 이 흑백 선화 느낌이 너무 좋네요 오히려 목이 긴 건 모르겠고 목이 약간 이 정도 두께면 어깨도 살짝만 좀 더 넓게 뽑았어도 괜찮았을 법한 느낌인데 하여튼 선화 느낌도 너무 좋고 그림이 너무 잘하는데요?
02:27:24.94,02:27:28.69,대학교 과제라고요?
02:27:28.71,02:27:32.21,제 20대 후반 그림 또 보실?
02:27:32.23,02:27:45.56,이런 사람들한테는 용기를 줘야 돼 감사합니다
02:27:56.63,02:28:04.42,잘 그렸는데?
02:28:04.44,02:28:17.34,선을 여러 번 따는 습관 때문에 평상시에 그림 하나를 그려도 지나치게 오래 걸립니다 아니요 당신의 방식이 정답이에요 그 방식이 이제 익숙해지면 속도도 자연스럽게 빨라지는 거지
02:28:24.29,02:28:48.39,퍼리를 잘 그리고 싶어요 레바님 보고 퍼리에 대해 친숙해졌고 결국 퍼리 그림도 그리기 시작했어요 내 탓하지마 너 원래 이런 거 좋아했잖아 강동원님 피드백 신청해보아요 트윈텔을 잘 그리는 방법이랑 투시랑
02:28:48.62,02:29:12.69,음영을 잘 그리고 싶다 라고 하셨는데 내가 이미 저번에 칭찬했던 그 친구 아닌가 이미 존나 잘 공부하고 있네 이대로만 해
02:29:16.65,02:29:24.42,최고예요 피드백 부탁합니다 뭐야 이거 뭐야 햄 휴머니에 올라탄 거야 이거?
02:29:24.44,02:29:42.09,이건 또 뭐야 이 새끼는 쇄골 대신에 가슴으로 시작하네 이 자세 얼마나 좋아하는 거야 다리 쪽발 자세를 대체 얼마나 좋아하길래 디지털로도 그리고 손그림으로도 그리는 거야 미친 거야?
02:29:57.51,02:30:24.00,선을 어디서 강하게 넣어야 되고 약하게 넣어야 될지 모르겠습니다 선 자체의 문제보다 일단 눈부터 그리는 법을 좀 다시 눈을 좀 줄여야겠는데 이런 그림체도 개성이 있긴 한데 일단 그림이 그림자가 너무 최소화되어 있어서 너무 평면적이네요 그림이
02:30:31.98,02:30:42.35,이거 좀 더 드로잉을 많이 해보셔야 될 것 같아요 이걸 가져와서 어떻게 픽셀 유동화로 고칠 수 있는 영역이 아닌 것 같아요 이 자세 레알 개 좋아하네?
02:30:42.47,02:30:59.15,근데 이렇게 확고한 취향이 있으면 빨리 늘어요 이렇게 같은 자세를 3개나 올리는 사람은... 나는 처음 봤네 피드백 요청합니다 흑백 그림자를 선호하여 연습해보고 있는 유비입니다
02:31:00.31,02:31:04.44,잘.. 어이 시X 깜짝이야 잘 그렸네 라고 하려고 했는데 시X 뭐야 이거
02:31:14.17,02:31:28.21,"흑백 연재를 하셨던 레바님께 목을 넣는 법이나 선화, 인체, 의복 그리는 법에서 궁금해서 여쭤봅니다 웹툰 중에서 흑백 연재에 대해 어떻게 생각하는지 견해를 여쭤보고 싶습니다 대중적으로 펄러가 대다수니 흑백 연재를 어지간해서 힘들까요?"
02:31:28.23,02:31:41.53,힘들 수도 있고 대박을 칠 수도 있죠 이거 사실 정답이 없어서 일단 재밌으면 봅니다 가린 레이놈
02:31:45.10,02:31:48.51,남캐인가?
02:31:48.53,02:31:48.56,어?
02:31:48.64,02:31:50.97,잘 그리는데?
02:31:50.99,02:31:57.80,막 그림을 못 그리거나 그러진 않는데?
02:31:57.82,02:31:58.20,아 역캐인가?
02:31:59.42,02:32:14.84,이거 뭔가의 또 양이었구나 동물을 되게 좋아하네 아무리 그래도 동물은 좋아해도 사람하고 합치지 말아다오 제발 여기까지는 아 역캐 너무 잘 그렸다 라고 했는데 씨발 바로 하반신에서 말 나오니까 씨발 미쳐버릴 것 같아요
02:32:30.46,02:32:59.40,이미 많은 말박이들이 댓글을 달아줬네 방송은 레순입니다 채색법 채색법보다는 그림자를 그림자 제발 이런 식으로 칠하지 말아다오 존나 지점토로 만든 곤약인간 같아요
02:33:00.72,02:33:24.30,채색을 떠나서 그림자를 너무 이렇게... 일단 그 그림자를 덩어리지게 셀식으로 많이 해본 다음에 그 다음에 이런 식으로 넘어오고 단계를 넘어오는 게 더 편리하실 것 같은데요?
02:33:24.32,02:33:28.66,이거는 그리다 망한 거네?
02:33:28.84,02:33:30.19,의외로 레젠은 되게...
02:33:32.36,02:33:51.68,체격이 되게 라스트 오브 어스 2에 나오는 애비 같네 근데 전반적인 비율 같은 거 잘 그렸어 아 근데 첫 그림 너무 이거 좀 더 일단 톤 부터를 좀 밝게 해주면 안 될까?
02:33:51.82,02:33:56.76,선화는 너무 얇은데 채색은 채색과 그림자가 너무 이렇게 흐리멍텅해서
02:34:04.17,02:34:21.65,그쵸 경계를 확실하게 줘야 되는 거죠 되게 지우개 같아 뭐야 이거 뭐야 이거 어느 방향으로 읽어야 돼 오른쪽이야?
02:34:37.80,02:35:02.77,오른쪽이네 왜 넣어 독학으로 그리고 있는 군대에 있는 07년생입니다 이미 자기 취향이 확고해서 잘하고 있는데?
02:35:02.87,02:35:05.11,그림자만 좀 더 진하게 넣으면 되겠다 야 너는
02:35:12.02,02:35:39.70,이야 개성 ㅈ되는데 어색한 거나 피드백 부탁합니다 아ㅏㅏㅏㅏㅏㅏㅏㅏㅏㅏㅏㅏㅏㅏㅏㅏㅏㅏㅏㅏㅏㅏㅏㅏㅏㅏㅏㅏㅏㅏㅏㅏㅏㅏㅏㅏㅏㅏㅏㅏㅏㅏㅏㅏㅏㅏㅏㅏㅏㅏㅏㅏㅏㅏㅏㅏㅏㅏㅏㅏㅏㅏㅏㅏㅏㅏㅏㅏㅏㅏㅏㅏㅏㅏㅏㅏㅏㅏㅏㅏㅏㅏㅏㅏㅏㅏㅏㅏㅏㅏㅏㅏㅏㅏㅏㅏㅏㅏㅏㅏㅏㅏ�
02:35:41.91,02:36:02.90,아 씨X 깜짝이야 머리를 키울까 몸을 줄일까 고민되네
02:36:47.89,02:37:13.71,좀 더 골반을 살짝 줄여줄 필요가 있겠는데 이거지 자 캐릭터 체격에 맞게 좀 줄였어요 이러니까 차이가 좀 확 나죠?
02:37:17.62,02:37:46.70,이 그림 너무 좋다 근데 첫 번째 그림이 너무 느낌이 좋아서 오히려 두 번째 그림이 더 아쉽게 느껴지는 그런 게 있네요 잘하셨습니다
02:37:48.79,02:37:54.78,피드백 부탁합니다.
02:37:54.80,02:37:56.14,손가락 자세를 되게 좋아하대.
02:37:59.33,02:38:06.62,잠깐만 웃으면 안 되는데 너무 웃기다 이거.
02:38:06.94,02:38:07.12,바닥귀신 같아요.
02:38:22.10,02:38:23.56,인체가 많이 부족한 것 같습니다?
02:38:23.76,02:38:24.95,당신이 아는 게 맞아요.
02:38:25.15,02:38:27.69,그래서 이건 드로잉 자체가 많이 부족해요.
02:38:27.73,02:38:39.27,이건 피드백보다는... 잠깐만... 이거 비웃는 거 아니에요.
02:38:39.57,02:38:49.34,아니 그냥 순수 체급이 되게 웃겨서... 아니...
02:38:54.17,02:39:23.88,오 잘 그렸다 오 하필 시발 하필 다음 그림이 시발 그림 그린지 3개월 정도 됐는데 감을 못 잡겠어서 질문드립니다 어 털 선 안 그리려고 노력했는데 어렵더라구요 어 이미 이 정도면 뭐 괜찮은데 살짝만 턱이 좀만 더 안에 들어가면 더 좋겠다 어
02:39:25.18,02:39:51.82,채색을 하면 다른 분들처럼 입체감이 잘 안 들어서 그건 약간 드로잉이나 그림자의 부재 때문에 그런데요 그리고 그림자를 너무 자신감 없이 넣으셨네 그림자가 있긴 한데 되게 약하게 넣으셔가지고 그림자만 좀 더 시게 넣어도 되게 입체감이 확 살 것 같습니다 웹툰의 그림 퀄리티 어디까지 올려야 될까요?
02:39:52.02,02:39:52.86,너 이렇게 그리면 죽어
02:40:05.65,02:40:24.87,항상 평면적으로 나오는 그림들이 아쉬워서 입체적으로 그리려고 이런 구도를 그려봤습니다 입체감은 구도보다는 그냥 기본기에서 나오는 거긴 한데 고쳐야 할 부분 웹 순자 없이 컬을 얼마나 올려야 할지 아니 그럼 웹 만화용 그림을 따로 올리던가 뭐 이퀄리티로 만화 연재하게?
02:40:24.88,02:40:25.55,혼자서?
02:40:35.77,02:40:58.64,아니 일단 해보는 게 좋아요 각자의 기량은 다른 편이니까 타이머 키고 한 편 만드는데 얼마나 걸리나 봐봐 객관적으로 저도 던수다 처음 연재할 때 가장 먼저 한 게 그 방 옛날 제 방송 보신 분 기억날 거예요 위에 타이머 띄워놓은 거 그 한 편 만드는데 며칠 몇 시간이나 걸리는지 한번 체크를 해봐야 되거든요
02:41:05.13,02:41:29.21,피드백 신청합니다 잘 그렸는데 선화 귀엽다 그림자만 되게 잘 들어가면 너무 이쁜 그림이 될 것 같은데 잘 그리네 너무 잘했어요 선화가 진짜 깔끔한데 비율이 너무 아쉽다
02:41:36.42,02:41:44.21,음... 라 공식 일러처럼 깔끔한 느낌을 살리고 싶습니다?
02:41:44.23,02:41:47.25,라 기어 너무 지향점이 다른데?
02:41:47.91,02:42:01.85,오씨 이 새끼 왜 이래 뭐야 뭐야 뭐야?
02:42:01.87,02:42:03.39,이거 말차 프라페 뭐 그런거야?
02:42:06.47,02:42:17.14,어우 ㅅㅂ 징그러워요 일단 입시 미술 배운 학생 같은데?
02:42:17.67,02:42:21.87,아니 K는 ㅅㅂ 왜 이렇게 하반신 쪽만 이렇게 붉어?
02:42:21.89,02:42:33.75,나 ㅅㅂ 얘 오줌 싸고 V 하는 줄 알고 깜짝 놀랐네 ㅅㅂ 이 옷 입기까지만 딱 봤을 때 ㅅㅂ 실금 더블피스인 줄 알았잖아 개자식아
02:42:45.32,02:42:46.96,얘 팔은 왜 이래?
02:42:50.12,02:43:14.75,잠깐만 야 이씨 빨래를 얼마나 잘못했길래 옷 주름이 이렇게 생겨 야 옷에 옷편에 힘 좀 빼라
02:43:16.34,02:43:21.14,미치겠다 일단 너는 단순화부터 해야될거 같은데?
02:43:21.82,02:43:21.88,오우!
02:43:22.08,02:43:25.49,C발!
02:43:25.77,02:43:34.88,그래 이런거 공부하고 살고 있으니까 어 그림은 취미가 되었고 디자이너로 살고 있습니다?
02:43:34.90,02:43:40.05,야 보석 잘 그린다 이거 너무 C발 무서워요 이거 딴 데 올리지 마라 아니 C
02:43:47.20,02:44:00.64,아니 보통 왕을 하반신에 포커싱을 준건 존나 이례적이네?
02:44:00.66,02:44:12.94,아하 애초에 또 보석을 주로 그리는 사람이다 보니까 조각을 되게 자기자기 잘 쪼갰네 신기하네요 이건 피드백보단 그냥 경악을 했습니다
02:44:14.55,02:44:20.48,색이 튀거나 안 맞는 부분이 있으면 아 그림 너무 이쁜데?
02:44:20.50,02:44:38.11,감성 줬대요 이건 터치를 하고 싶지 않아요 당신의 그림자에 터치를 하고 싶지 않아 이건 당신의 강력한 개성이야 좋아요
02:44:48.64,02:45:05.95,뭐야 어디까지 봤지?
02:45:05.97,02:45:11.80,저희 동아리 마스코트 피드백 부탁합니다 곤충 동아리?
02:45:11.82,02:45:12.96,곤충 동아리인데
02:45:15.03,02:45:17.46,공춘 동아리면 그냥 이거만 써도 되지 않을까?
02:45:17.54,02:45:34.92,굳이 이런 오타쿠적인 요소를 마스코트로 써야 될까요?
02:45:34.94,02:45:41.23,아니 마스코트 쓰려면 그냥 이거 뉴키 따가지고 만들어 그냥 이 이미지로
02:45:42.27,02:46:07.43,야 마스코트 이런 걸로 만들면 여기 니 동아리로 들어오는 사람은 애니도 애니랑 만화도 좋아야 되거든 곤충도 좋아야 되고 둘 다 좋아하는 사람 밖에 못 들어오잖아 캐디양 팬한테 피드백 부탁합니다
02:46:14.52,02:46:36.27,일단은 제 웹툰에 쓸 창작 캐릭터고 그 다음은 브루라카 펜아트입니다 스크린 톤으로 톤을 넣으시네 개성이 있네요
02:46:41.92,02:46:48.17,뭐 딱히 이렇게 개성이 강렬하면 딱히 터치를 하면 안될거 같은 느낌이 든다니까?
02:46:48.19,02:46:54.88,벤스가 느낌나게 그리는거 보면서 저도 그려봤는데 피드백 부탁해요?
02:46:54.90,02:47:08.70,야 이 자식아 이건 벤스가 아니라 쿠키런이야 야 이 새끼야 발만 씨발 떡볶이 다리 느낌나게 둥글게 마감하면 다 되는줄 알아?
02:47:08.84,02:47:10.68,이건 씨발 쿠키잖아
02:47:17.48,02:47:46.02,발이 좀 더 웃기네 여기까지는 흐음 했는데 발에서 터져버렸다 아 이럴거면 손도 코믹스처럼 만들든가 일단 다리만 봐도 알 수 있잖아 이거 닝닝이 다리잖아 씨발
02:47:58.50,02:48:02.23,피드백 요청?
02:48:02.25,02:48:24.63,컨셉은 대충 조폭이랑 일하는 의사가 살았나 죽었나 시전하는 겁니다 음 나 악화자인 줄 알았어 눈만 보고 음
02:48:24.86,02:48:47.71,배경은 아직 그리지 않았지만 어두컴컴한 실내를 어떻게 그리면 좋을지 일단 붉은기 있게 그렸으니까 배경도 약간 검붉게 그려야 될 것 같은데요?
02:48:47.73,02:48:50.50,사실 피드백은 필요 없고 그림 그림 보여주고 싶어서 올립니다
02:48:55.76,02:48:58.53,오케이.
02:48:58.54,02:48:58.91,피드백 오네가이.
02:48:58.93,02:48:59.91,눈을 잘 못 그리겠습니다.
02:49:00.03,02:49:00.83,플러스 머리카락도.
02:49:00.89,02:49:02.21,인체에 문제 있는지 봐주세요.
02:49:02.23,02:49:06.75,그냥 그냥 다 그냥 뭐 너도 머리 감겨달라고 하지 왜.
02:49:24.43,02:49:46.78,아 일단은 되게 드로잉이 부족해서 다 좀 삐걱삐걱거리고 있네요 애들이 그리고 좀 더 경험치를 많이 쌓으셔야겠습니다 오 얼굴 좋은데?
02:49:46.80,02:49:48.36,그림자 어떻게 넣는지 알려주세요
02:49:48.95,02:50:01.96,이건 그림자를 동시에 야 이 자식아 피드백 요청해놓고 우클릭 금지시켜놓지 말라고
02:50:22.82,02:50:31.53,이거는 인체 비율도 좀 만지는 게 좋을 것 같은데요 채색 그림자도 그림자인데 일단 상체가 되게 커가지고
02:50:51.96,02:51:16.35,살짝 줄여주고 올려주고 이렇게 하는 게 좀 더 인체에 비례적으로 시각이 맞죠?
02:51:16.69,02:51:21.68,그림자를 넣는다면 빛이 이쪽에서 온다고 쳐봅시다
02:51:34.57,02:51:59.36,머리카락 밑에랑 머리 뒤로 넘기는 영역들 이건 머리카락 볼륨 자체가 커가지고 그림자가 좀 시게 들어가도 될 것 같네요
02:52:04.23,02:52:30.64,여기 팔 밑이니까 당연히 그림자가 지겠죠?
02:52:30.66,02:52:30.78,여기 살짝만
02:52:34.70,02:52:38.38,옷의 질감 같은 거 생각하면서 그림자를 해줘도 좋아요
02:53:05.24,02:53:28.98,여기고 여기고 선호를 깔끔하게 따셔서 그림자 넣기 어렵지 않네요 아무래도 이거 치마인 것 같죠?
02:53:47.32,02:54:07.58,반바지 같은 계열 같은데 맞네 맞네 여기 비어있네 그리고 펜 선도 한번 뚜렷하게 잡아주면 되게 좋아질 것 같아요
02:54:14.27,02:54:42.93,자 인체 비율 좀 수정했고 선화랑 그림자 좀 추가했습니다 도움이 되셨길 바래요 보정 관련 피드백 요청드립니다
02:54:46.30,02:55:13.17,취미로 그리는 19살 학생입니다 제일 최신 그림입니다 별이 은은하게 빛나는 그림으로 그리고 싶은데 보정하는 법이 감이 안 잡힙니다 보정 이전에 이미 그림이 완성도가 낮아서 여기서 보정해봤자 그냥 화려한... 화려해지기만 하지 약간 변화가 크게 없을 것 같아요 음... 어...
02:55:17.27,02:55:44.09,약간 이쁜 쓰레기가 될 수도 있어요 진짜 자칫 보정부터 배우면 일단은 이게 나쁜 말로 들을 수 있으니까 이 삼촌이 스무 살 후가 때 그린 그림을 보자 너는 정말 잘 그리는 친구야 오케이
02:55:57.26,02:56:14.02,피드백 신청합니다 존나 크네 비율 좋은데?
02:56:16.08,02:56:16.84,이것도 괜찮은데?
02:56:19.62,02:56:20.24,별전의 날.
02:56:20.86,02:56:23.57,기나긴 싸움 끝에 우리는 검은 마법사를 봉인한 데 성공했다.
02:56:23.61,02:56:28.93,하지만 나를 제외한 친구들은 저주에 의해 얼어붙고 말았다.
02:56:28.95,02:56:29.67,아프리엔.
02:56:32.26,02:56:33.04,드래곤마스터인 나.
02:56:33.06,02:56:36.42,프리드는 아프리엔의 희생 덕에 저주를 피할 수 있었다.
02:56:36.44,02:56:40.51,모든 싸움은 끝나고 내게 남은 건 겨우 영웅이라는 친구뿐이었다.
02:56:40.53,02:56:40.59,저법.
02:56:40.61,02:56:40.67,저법.
02:56:42.59,02:56:56.77,여기는 빅토리아 아일랜드 중심이자 메이플 월드의 중앙 슬리피우드 메이플이네 그녀라면 분명 이곳에 유적 내부는 결계로 막혀있군 번쩍 응?
02:56:56.79,02:56:56.87,코코아?
02:56:56.88,02:57:03.63,일부러 열어줬군 내가 올 걸 알고 있었나?
02:57:04.23,02:57:05.79,응?
02:57:05.81,02:57:11.80,이 자식 환대 행님 만화 좋아하는구나 식자 쓰는 방식이 보니까 아무리 봐도 환대 행님 스타일이네
02:57:29.45,02:57:33.37,이쁘게 생겼는데?
02:57:33.39,02:57:55.90,아 근데 폰트 좀 제발 바꿔나오 이렇게 싹싹 빈다 폰트 좀 글씨가 두꺼운 걸로 좀 바꿔라 너무 얇기도 하다 야
02:57:59.08,02:57:59.50,렛!
02:57:59.52,02:57:59.56,환!
02:58:00.16,02:58:00.20,쇼!
02:58:00.46,02:58:00.54,환!
02:58:00.93,02:58:00.96,렛!
02:58:00.99,02:58:01.03,흰!
02:58:01.17,02:58:16.35,흰!
02:58:16.49,02:58:16.79,흰!
02:58:16.81,02:58:17.65,흰!
02:58:17.87,02:58:18.15,흰!
02:58:18.29,02:58:18.33,흰!
02:58:18.43,02:58:18.47,흰!
02:58:18.49,02:58:18.53,흰!
02:58:18.55,02:58:18.65,흰!
02:58:21.49,02:58:21.53,흰!
02:58:21.55,02:58:21.59,흰!
02:58:21.61,02:58:21.65,흰!
02:58:21.67,02:58:21.71,흰!
02:58:21.73,02:58:21.77,흰!
02:58:21.79,02:58:21.83,흰!
02:58:21.85,02:58:21.89,흰!
02:58:21.91,02:58:21.95,흰!
02:58:21.97,02:58:22.01,흰!
02:58:22.03,02:58:22.07,흰!
02:58:22.09,02:58:22.13,흰!
02:58:22.15,02:58:22.19,흰!
02:58:22.21,02:58:22.25,흰!
02:58:22.27,02:58:22.31,흰!
02:58:22.33,02:58:22.37,흰!
02:58:22.39,02:58:22.43,흰!
02:58:22.45,02:58:22.49,흰!
02:58:22.51,02:58:22.55,흰!
02:58:22.57,02:58:22.61,흰!
02:58:22.63,02:58:22.67,흰!
02:58:22.69,02:58:22.73,흰!
02:58:22.75,02:58:22.79,흰!
02:58:22.81,02:58:22.86,흰!
02:58:22.87,02:58:22.92,흰!
02:58:22.94,02:58:22.97,흰!
02:58:23.00,02:58:23.04,흰!
02:58:23.05,02:58:23.10,흰!
02:58:23.12,02:58:23.15,흰!
02:58:23.18,02:58:23.21,흰!
02:58:23.23,02:58:23.28,흰!
02:58:23.29,02:58:23.34,흰!
02:58:23.36,02:58:23.39,흰!
02:58:23.42,02:58:23.45,흰!
02:58:23.47,02:58:23.52,흰!
02:58:23.54,02:58:23.58,흰!
02:58:23.60,02:58:23.64,흰!
02:58:23.66,02:58:23.70,흰!
02:58:23.72,02:58:23.76,흰!
02:58:23.78,02:58:24.02,흰!
02:58:24.04,02:58:24.08,흰!
02:58:24.10,02:58:24.14,흰!
02:58:24.18,02:58:24.22,흰!
02:58:24.24,02:58:24.28,흰!
02:58:24.30,02:58:24.34,흰!
02:58:24.36,02:58:24.40,흰!
02:58:24.42,02:58:24.46,흰!
02:58:24.48,02:58:24.52,흰!
02:58:24.54,02:58:24.58,흰!
02:58:24.60,02:58:24.64,흰!
02:58:24.66,02:58:24.70,흰!
02:58:24.72,02:58:24.76,흰!
02:58:24.78,02:58:24.82,흰!
02:58:24.84,02:58:24.88,흰!
02:58:24.90,02:58:25.08,흰!
02:58:25.10,02:58:25.14,흰!
02:58:25.16,02:58:25.20,흰!
02:58:25.22,02:58:25.26,흰!
02:58:25.28,02:58:25.32,흰!
02:58:25.34,02:58:25.38,흰!
02:58:25.40,02:58:25.44,흰!
02:58:25.46,02:58:25.48,�
02:58:30.02,02:58:31.08,아 근데 잘하는데?
02:58:31.44,02:58:37.02,식자 잘 넣는다.
02:58:37.12,02:58:44.11,이 만화도 환댕님이 보면 이거 공중재비 돌겠는데?
02:58:44.13,02:58:51.86,아 근데 생각보다 만화 좀 잘 치네.
02:58:51.88,02:58:52.66,오 잠깐 X나 길어.
02:58:53.04,02:58:54.06,잠깐 너무 길어.
02:59:02.18,02:59:18.66,메이플 만화를 이렇게나 장편 연재한거야?
02:59:18.98,02:59:29.23,존나 길다 근데 이렇게 뚜렷한 목표가 있는 학생은 아주 빠르게 성장할 겁니다 환댕이님한테 링크 보내주고 싶네
02:59:30.93,02:59:37.96,처음으로 피드백 신청해 봅니다 잘 그리는데?
02:59:38.04,02:59:43.15,잘 그리는데?
02:59:43.61,02:59:53.55,이마무라 료님처럼 그림을 쫀득하고 야하게 그리는 법이 궁금합니다 그럼 너는 감귤방송으로 가거라 내게선 너가 원하는 정답은 없다
03:00:08.14,03:00:34.05,2개월 뒤 입대하는 21살 만화가 지망생입니다 입시 때는 속도랑 퀄리티가 너무 부족해서 고생을 많이 했는데 마음처럼 되지 않아서 고민입니다 그림자를 안 넣느니 못하는 것처럼 선화를 이 정도까지 할 거면 그림자를 안 넣어도 돼
03:00:41.74,03:00:49.61,곧 군대에 가는데 군대에서 그림 그릴 시간이 많으니 걱정하지 말라는 지인분이 얘기해준데 지금 이 실력으로 군대 가서 그림을 그려도 성장할 수 있을까요?
03:00:49.63,03:00:53.50,존나 성장하지.
03:00:53.52,03:01:04.57,거기 가면 이제 유일한 낙이 그림 그리는 것밖에 없을 텐데.
03:01:04.59,03:01:05.61,피드백 신청합니다.
03:01:05.63,03:01:08.37,창작해는 아니지만 가장 최근에 그린 키사키 그림으로 그려먹는다.
03:01:09.15,03:01:29.48,머리 채색과 피부 채색에 대한 팁을 듣고 싶습니다 넌 채색이 문제가 아니야 친구야 일단 대가리부터 어떻게 좀 하는게 좋겠는데 이 새끼 키사키인 척하는 정신병자 같은데 얼굴이
03:01:42.07,03:01:45.60,그 정도냐고?
03:01:45.62,03:01:54.13,머리만 손봐 볼까?
03:01:54.15,03:01:57.07,몸은 그래도 잘했어요 머리 때문에 오히려
03:02:54.09,03:03:11.76,일단 몸은 되게 여리여리한데 머리만 됐다시마가 크게 묘사가 돼가지고 어색한 게 되게 컸었거든요 여기서 이제 전반적인
03:03:32.01,03:03:59.99,음 좀 차이가 그래도 좀 느껴지나요 이 몸을 이정도 할거면 머리 크기가 이정도는 맞죠 살짝만 수정했습니다 수영복 아츠코 피드백 받았던 사람입니다
03:04:05.49,03:04:13.50,잘 그렸는데?
03:04:13.52,03:04:16.22,"큰 가슴, 작은 가슴 그리는 팁?"
03:04:21.19,03:04:21.99,명암이나 주름?
03:04:22.01,03:04:32.43,명암 같은 거는 이런 거 보면 되고 작은 가슴은 이렇게 그리면 되고 큰 가슴은 이렇게 그리면 되고 그림자는 이런 식으로
03:04:34.16,03:04:57.85,대체로 다 물어보는 게 비슷해서 피부톤 딱 이 정도가 난 좋은 것 같아 이거는 취향에 따라 다를 수 있는데 난 약간 좀 선이 얇은 것으로 진한 느낌을 좋아하거든?
03:04:57.87,03:05:02.92,이 새끼는 피드팩 할 가치가 없어요 근데 훗날 모르죠 성장할지도
03:05:13.36,03:05:39.34,피드백 신청해봤던 고3입니다 야 이 자식아 고3이 지금 뭐하고 있는거야 공부해 공부 하지만 그래도 욕망이 느껴집니다 음
03:05:44.70,03:05:52.93,이거 드로잉 자체를 많이 안해봐서 지금 스스로도 좀 그래도 만족하면서 그릴 것 같은데 가슴 그리는 법?
03:05:52.95,03:06:00.27,가슴 뭐 이 정도면 뭐 이상하거나 그러진 않은데요?
03:06:00.53,03:06:14.48,펜을 어디서 두껍게 써야 되는지 궁금해요 아니요 펜 선은 오히려 초부터 끝까지 일정해야지 이뻐요 오작은 많이 해봤지만 창작을 못합니다
03:06:15.21,03:06:27.75,이야 개 잘 그렸다 이게 창작이야?
03:06:27.77,03:06:32.32,갭 차이가 많이 나긴 하네 근데 어우 개 잘 그렸다
03:06:41.90,03:07:06.58,근데 이렇게 모자를 잘하면 창작도 어느정도 손을 물고 트이면 되게 슈르륵 잘 나올거에요 금방 이해가 되실겁니다 오 비율 좋은데?
03:07:06.60,03:07:08.72,인체 중심이나 라인을 잡는게 어렵습니다
03:07:09.65,03:07:35.07,라인보다는 이거 약간 머리카락 볼륨감을 좀 더 신경 써야 될 것 같은데 특히 이 그림 이건 덜 그린 것 같은데 그림을 골반 하체를 너무 잘 못 잡는데 피드백 부탁드립니다 아니 골반을 제일 잘 그렸는데?
03:07:35.09,03:07:35.53,잘했는데요?
03:07:35.55,03:07:37.17,그림 피드백 아이 귀여워라
03:07:41.03,03:07:48.69,학원 같은 건 안 다니고 그림을 따서 그린 지 두 달 넘었습니다.
03:07:48.70,03:08:03.04,친구들한테 보여주니 여자 캐릭터는 몸매나 형체가 남자 같다고 하고 그린 거 균형이 안 맞다고 합니다.
03:08:03.06,03:08:08.49,균형의 문제가 아니고 애초에 지금 이 그림 박쥐한테 들고 가면 너 바로 딱이 맞을걸?
03:08:09.45,03:08:29.13,일단 선이 익숙치 않아서 털선으로 그림을 그리는데 넌 박쥐한테 가라 환대 형님한테 보내고 박쥐한테 보내고 감귤한테 보내고
03:08:35.66,03:08:37.34,그림을 그리는 시간이 너무 오래 걸려요?
03:08:38.48,03:08:51.67,우와 이 새끼 뭐야 여장 변태잖아 다들 오냐오냐만 해줘서 제 그림을 객관적으로 볼 수가 없음?
03:08:51.69,03:08:54.28,어떤 새끼야 어떤 새끼야 너 그림 예쁘다고 했어
03:09:04.99,03:09:13.16,제가 보기에 그림마다 그림체가 너무 달라지는 것 같아서 그림체를 고정하는지도 궁금해요 그거는 당신이 정해야 되는데?
03:09:13.18,03:09:31.72,야 이 새끼 너 도라에몽 보고 그림 배웠어 얼굴?
03:09:31.74,03:09:33.04,7시간 8시간 걸렸다고?
03:09:38.72,03:09:40.24,오히려 잘 그렸는데 얘는?
03:09:40.54,03:09:46.79,그래도 좀 그나마 나은데?
03:09:46.81,03:09:56.57,2시간 시간 정해놓고 그린 그림?
03:09:57.01,03:09:59.03,일단 얘가 너무 충격적이야.
03:09:59.05,03:10:01.50,코랑 입 일부러 이렇게 그린 거야?
03:10:01.52,03:10:01.98,진짜로?
03:10:03.84,03:10:04.76,이거 진짜예요?
03:10:11.53,03:10:14.31,이 그림이 너무 충격적이라 할 말이 없는데?
03:10:21.23,03:10:21.31,아니요.
03:10:22.12,03:10:33.37,코랑 입을 씌워 너무 돌아해본 그림자잖아.
03:10:33.39,03:10:35.49,이 자식 좀 웃길 줄 아는데.
03:10:36.53,03:10:38.07,난 당신 같은 사람이 마음에 들어.
03:10:42.90,03:11:09.24,아니 딴 캐릭터면 넘어갔는데 럭키스타라서 못 넘어가겠다 이거 누가 이런 이딴 애교살 넣으라고 했어 금지야 금지
03:11:21.37,03:11:25.32,코나타 아버지가 호수하신 듯
03:11:56.27,03:12:20.64,눈가 이거 주름이 아니라 눈꺼풀을 그린 것 같은데 눈꺼풀이 너무 세겹으로 되어있어서 무섭네.
03:12:20.66,03:12:21.94,이 새끼 몸을 어떻게 조이지?
03:12:22.50,03:12:22.90,잠깐만.
03:12:25.48,03:12:28.00,옆에 이거 확대 왜 해놨어
03:12:58.03,03:13:21.12,칠카사 캐릭터 송들어야지
03:13:43.73,03:14:02.77,제발 살아라 제발 살아라 선대도 안 살아날 것 같아서 무서워 제발 살아라
03:14:20.31,03:14:45.63,달리기 존나 어렵네 시원.. 아니.. 야 이 개사식아..
03:14:50.00,03:15:07.38,다음 영상에서 만나요.
03:16:20.70,03:16:41.30,됐다.
03:16:41.52,03:16:46.07,그나마 이게 최선이다.
03:16:48.47,03:16:48.61,안되겠다.
03:16:49.85,03:16:49.91,칠카사
03:16:50.48,03:17:13.66,죽고 싶지 않다면 치카소 다시 그려 오십시오.
03:17:13.72,03:17:14.08,아 잠시만 진짜 미치겠네?
03:17:24.18,03:17:31.98,다들 오냐오냐만 해줘서 제 그림을 객관적으로 볼 수가 없음 남이 객관적으로 봤을 때 어디가 문제인지 어색한지 궁금합니다 진짜 모르겠어?
03:17:32.51,03:17:33.67,진짜 미치겠네?
03:18:02.74,03:18:09.30,만화 피드백 원해가이 종이 만화를 웹툰식으로 바꾼 건데 웹툰식으로 보기에 그 외에 연출적으로 아쉬운 부분이 있을까요?
03:18:09.32,03:18:20.67,그림 잘 그린다 잘했는데?
03:18:55.66,03:19:19.53,식자도 이 정도면 괜찮고 충분히 웹툰식으로 잘 꾸몄는데요 잘 그린다
03:19:32.23,03:19:52.82,약간 음영이나 포인트 컬러 정도는 있어도 되게 좋을 것 같은데 인물에 되게 길다 이게 1화에요?
03:19:52.84,03:19:58.31,아 단면만한가 애초에?
03:19:58.33,03:20:00.43,이미 너무 잘하시는 분이라서 할 말이 없네요
03:20:02.17,03:20:03.17,피드백 부탁합니다.
03:20:03.21,03:20:17.69,이거 내가 술 먹고 그린 윤이잖아.
03:20:17.71,03:20:18.45,피드백 요청합니다.
03:20:19.10,03:20:26.73,요즘 이렇게 뒤에 음영... 어?
03:20:26.75,03:20:28.95,유물무기 이펙트 이거 유행이야?
03:20:40.46,03:21:08.00,아까 메이플 만화 그린 사람입니다 실수로 5천원 채팅없이 보냈어요 예상했던 피드백은 아니었지만 재밌게 봐주셔서 감사했습니다 환댕님꺼 예능 잠블 다 소장하고 있어요 아 역시 좋아하실 줄 알았어요 보컬로이드 아카미네 렌을 그려봤습니다 인체 얼굴 명암인 묘사 근데 막 이상하거나 그러진 않아요
03:21:09.92,03:21:29.95,막 틀어지거나 그러진 않은데?
03:21:30.39,03:21:32.77,야 묘하게 최애아이 남주인공 닮았네?
03:21:42.27,03:21:47.48,그림 괜찮다고 생각해요.
03:21:48.04,03:21:51.76,앞으로 경험치만 더 쌓이면 훨씬 더 잘 그리실 것 같은데요.
03:21:51.78,03:21:57.73,여기서 어디 막 이걸 고쳐주고 싶다 그런 건 딱히 안 떠오르네요.
03:21:57.75,03:22:04.10,첫 스크롤 웹툰 완성자.
03:22:04.12,03:22:07.01,평화로운 원시지대.
03:22:07.03,03:22:09.31,관장이다 관장.
03:22:09.33,03:22:09.39,뭐지?
03:22:13.02,03:22:40.71,샤랄라 이미 쓴 거야?
03:22:52.28,03:23:17.58,으 드러워 여기다 개그마나인거 같은데 개그마나 치고는 좀 더 약간 일상 개그마나에 어울리는 그림체인데 음 일단 소재가 드럽네요
03:23:24.16,03:23:51.13,피드백 부탁해 첫번째 그림은 좋아하는 작가 그림책 따라해본건데 이런식으로 연습해도 될지 모르겠어 모작을 할거면 똑바로 모작해 이거 잘 그렸다 잘 그렸네?
03:23:54.05,03:23:59.68,대체로 이제 다 슬슬 비틱하려고 오는 친구들 밖에 없는 것 같은데?
03:23:59.70,03:24:02.30,중국산 아리스라고 조리돌림 받았던 사람입니다.
03:24:02.32,03:24:10.28,인체가 잘 맞는지 비율이 맞는지 봐주시면 감사하겠습니다.
03:24:10.30,03:24:11.60,예전에 피드백 해줬던 그림?
03:24:12.40,03:24:14.59,야 이 그림 실력 존나 많이 늘었네.
03:24:19.17,03:24:33.35,그런 말 할 법했네 개자식아 그동안 많이 노력을 많이 하셨군요 봐봐 충격요법으로 그림실력이 떡상한다니까요
03:24:43.98,03:24:46.04,너무 잘 그렸어요.
03:24:46.42,03:24:52.15,이것도 구도 나름 귀엽고 구도도 괜찮아.
03:24:52.17,03:24:57.60,이거는 개자식아.
03:24:57.62,03:24:58.00,아무튼 고마워요.
03:24:58.04,03:25:02.62,전투신 콘팅 피드백 부탁합니다.
03:25:02.88,03:25:03.70,이 사람 좀 잘 그리는 사람 같은데?
03:25:04.44,03:25:05.79,손만 봐도 느껴진다.
03:25:20.73,03:25:43.26,잘하는데?
03:25:44.21,03:25:45.95,환대행님 취향이네 너도
03:26:07.07,03:26:36.25,잘했다 웹툰을 하기에 괜찮은 그림체인데도 아주 충분해요 그림도 잘 그리고
03:26:37.58,03:26:44.53,미래가 기대되는 친구군요.
03:26:44.61,03:26:57.35,키드백 받은 거 첫 번째 그림이야?
03:26:57.37,03:26:57.51,뭐야 이건?
03:26:57.53,03:27:03.74,근육이 붙은 캐릭터들은 근육을 좀... 이 ㅆㅂ 약간... 비유를 이렇게 그려놓고 여기에 근육을 붙이고 싶어?
03:27:12.04,03:27:26.12,뼈랑 근육 신경쓰는 게 그리는 게 더 어려울 것 같아서 근육질 캐릭터를 그리고 싶으면 일단 비율부터 좀 더 손을 봐야 되지 않을까?
03:27:26.32,03:27:38.05,일단 전신으로 한 번 그려보세요 이건 딱히 저기서 뭔가 추가해 줄 수가 없네 웹툰 프롤로그 콘티입니다 나는 그저 18개월 군생활 우와 18개월?
03:27:38.07,03:27:39.63,18개월밖에 안 돼?
03:27:40.88,03:27:41.98,이것도 좀비물인가 봐?
03:27:42.34,03:28:09.22,만원 후원 고맙습니다 잘자요 말년에 좀비에게 물렸다 X됐다 아이고 어떡해 흐르르르 도운다 다들 준비해 저것들 때문이야 너도 나 같은 손글씨 타입 콘티라서
03:28:09.38,03:28:39.30,상대방에게 보여주기 어려운 그림이구나 이건 혼지죠 대충 말년 병장이 좀비 물렸더니 좀비로 안 변하고 초능력... 초육체적 기술이 생긴 그런 느낌이네요
03:28:42.79,03:29:00.47,음 일단은 한번 저대로 완성을 한번 시켜서 다른 사람들에게 보여주는 게 좀 더 좋을 것 같아요 일단 전달력이 있어야지 다른 사람들한테 아 뭐야 이거 본 거잖아
03:29:10.65,03:29:12.46,선이 단조로워서 고민입니다.
03:29:12.54,03:29:15.02,선이 문제가 아닌 것 같은데?
03:29:15.04,03:29:18.64,존나 윤태 같잖아.
03:29:18.66,03:29:26.03,배경이랑 효과 넣으면 볼만한데 선을 얇게 써서 그런지 임팩트가 없어 보입니다.
03:29:26.05,03:29:30.74,선을 얇게 쓰는 것도 제주야.
03:29:30.76,03:29:32.28,아 이거 그렸던 친구구나.
03:29:32.50,03:29:35.90,너도 실력이 너무 머리가 너무 작지 않니?
03:29:44.68,03:30:06.55,중3 피드백 와구리 양이잖아 중3이면 공부해 공부 예전에 그렸던 미카 만화입니다 저번에 미카 만화 그렸던 사람인가?
03:30:11.52,03:30:39.84,건강해진 미카공주의 매력 알아주셨으면 좋겠네요 감사합니다 뭔소리야 미카는 언제 터질지 모르는 내면의 어둠이 매력인데 이건 뭐야 설정집이야?
03:30:42.25,03:31:08.39,이 자식 공부 안 하고 이 자식이 낙서만 하고 말이야 내 옛날 생각나는구만 공부해 공부 이 새끼 뭐야 헐 나 옛날에 이지툰 하던 시절 생각나 그대의 어시가 되고 싶소?
03:31:17.08,03:31:21.83,러쉬 경험은 있니?
03:31:21.85,03:31:43.92,선화는 깔끔하구나 친구야 이건 뭐야 메이플 만화인가?
03:31:45.65,03:31:58.41,이제 슬슬 피드백 시간 끝나가는 듯 진짜 잘 그렸는데?
03:31:58.43,03:32:02.66,수상한 걸 취미로 그리는 사람입니다?
03:32:02.68,03:32:04.12,잘 그리는데?
03:32:04.14,03:32:11.07,오히려 이렇게 당신도 에어브러쉬만 안 쓰면 더 좋을 것 같아요 선에 꼴림이 부족해요?
03:32:16.58,03:32:18.71,개성이 있는데 그래도?
03:32:18.73,03:32:25.20,선화 되게 뚜렷하게 잘 쓰네.
03:32:25.42,03:32:27.12,용망에 그렇게 관심이 크게 없는데?
03:32:27.18,03:32:35.87,생각보다?
03:32:36.01,03:32:41.82,담백하게 일상 느낌으로 내는데?
03:32:41.84,03:32:42.24,형 혹시 슬슬 끝나자면 10시 22분
03:32:43.92,03:32:46.28,야 이 자식아 그렇게 따지면 시발 어?
03:32:46.98,03:32:59.08,누군 봐주고 누군 안 봐주고 그러냐?
03:32:59.10,03:33:03.02,흑백 외길 인생?
03:33:03.04,03:33:12.51,이런 식으로 선을 파는구나 너는 한 그림만 묶잡고 선 긋느라 그림의 형태가 많이 문화적인 것 같습니다
03:33:18.48,03:33:23.63,자기 취향이 확고해서 괜찮은데 이 정도면?
03:33:23.75,03:33:46.31,흑백 일러스트는 이런 맛이 나름 제 맛이죠 그림도 귀엽구만 모자 이거 되게 잘했네요 그리고 잘한 건 둘째치고 힘들었겠다 이런 거 그냥 순수하게 순수 노동이 많이 들어가서 그냥 힘든 그림이에요
03:33:48.94,03:33:55.69,손목 건강 유의하시고요.
03:33:55.71,03:33:57.34,하반신 마비 그동안 뭐 하셨어요?
03:33:57.94,03:34:02.99,기대돼.
03:34:03.81,03:34:10.04,그래도 그림 되게 늘긴 늘었네요.
03:34:18.45,03:34:35.97,아 약간 이목구비는 지금도 약간 아쉽다 야 근데 인체는 진짜 많이 좋아졌어 얘는 그냥 서있질 못하는 느낌이었.. 절대 다시 걸을 수 없을 것 같은 느낌이었는데 지금은 애들이 건강해 보여요 활력이 돌아
03:34:46.25,03:34:47.69,레바님의 최애 아이가 되고 싶다고?
03:34:48.01,03:35:03.73,뭔 소리야 아 이거 방금 처음 피드백 받았던 사람이잖아 이런 방향으로 그려면 어 잘 그리는데?
03:35:03.75,03:35:05.25,뭐야 디지털 그림 시작한 지 7개월 차입니다?
03:35:05.71,03:35:08.59,비트기잖아 여기서 내 20대 그림 보고 갈래?
03:35:19.98,03:35:27.73,아지사가 ㅈㄴ 히트네 ㅅㅂ 아이고 참... 아무리 봐도 아지사가 히트여
03:35:46.80,03:35:48.04,내 봐야 안 쪽팔리냐?
03:35:48.30,03:36:10.49,뭔 소리야 이때 내가 있었기 때문에 지금의 나도 있는 거야 개자식아 받아들여라 하여튼 피드백은 오늘 여기까지입니다 본사대로 한번 볼까?
03:36:11.80,03:36:39.94,자 이거는 다리가 너무 길어서 다리 길이를 조절해서 피드백 했고요 이거는 가슴골 그림자만 추가해서 딱히 크게 달라진 건 없어요 원래부터 되게 그림 발전이 눈부시게 발전하신 분이라서
03:36:47.33,03:37:10.46,이거는 자세를 어떻게 해야 될지 모르겠다고 하셔가지고 구도만 잡아 드렸죠 이거는 색이 애매하다고 하셔서 채도만 좀 더 짙게 바꿔드렸습니다 원래 그러면 너무 약간 휘어물거나 느낌이 들었어가지고
03:37:14.38,03:37:33.82,이거는 묘하게 어색하다고 하길래 바닥에 쭈그려 있는 느낌을 좀 더 강조해서 그림자랑 머리카락을 좀 더 바닥에 흩뿌려 놓았습니다 이건 첫 번째 피드백 그림이네요
03:37:42.44,03:38:10.52,이거는 사실 그림을 손봤다기보다는 보정만 약간 해드린 건데 얼굴 그림자 좀 추가하고 광 같은 것만 좀 더 추가했습니다 이거는 옆태가 약간 뚱한 느낌이었는데 이런 느낌도 나쁘진 않은데 좀 더 제 취향으로 바꿨거든요 얼굴을 이거는 뭐 개인 취향 차이라서
03:38:14.52,03:38:44.24,얼굴 차이밖에 없습니다 이거는 뭐 머리카락 그리는 법 알려 달라고 해서 가볍게 해 드렸고 이거는 볼 필요 없고 이것도 색이 되게 희엄을 꺼내서 진하게 할 부분은 진하게 하고 광 줄 부분은 광 넣고
03:38:45.11,03:39:06.43,일단 목 그려 드렸습니다 목이 처음에 너무 뒤로 가 있어 가지고 거의 안 보였는데 목을 좀 추가하고 쇄골 넣고 음영을 좀 더 진하게 해서
03:39:11.62,03:39:40.84,이거는 너무 그림이 평면스럽다고 하길래 그림자를 추가해 드렸습니다 이런 느낌이죠 원래부터가 이거 그림이 좀 진짜 말씀하신 대로 평면적이어서 그렇지 그림을 못 그린 그림이 아니에요 비율이랑 되게 그런 게 약간 크로키 수준으로 잘 그리셔가지고
03:39:41.90,03:39:51.27,그나마 그림자를 넣어도 이렇게 어색하지 않게 잘 들어갔어요.
03:39:51.29,03:39:52.61,진실의 방에 넣는 기준이 있냐고?
03:39:53.19,03:39:57.62,알아서 잘 할 것 같은 친구들은 보통 말로만 피드백하고 넘어가죠.
03:39:57.63,03:40:05.32,근데 이건 고쳐주고 싶다 하는 것들은 대체로 데려와서 손을 보는 편입니다.
03:40:06.59,03:40:34.86,이거는 승모가 처음에 너무 커가지고 승모근 좀 죽이고 볼륨감 키우고 광 바꾸고 뱃살 안으로 넣고 좀 더 여리여리한 피부로 바꿨습니다 여리여리한 체형으로 그리고 이거는
03:40:35.49,03:41:03.58,얼굴에 맞는 체형으로 제가 수정을 했고요 이것도 살짝 골반이 큰 편이긴 해요 딱 이정도 원래 체형이 너무 컸었는데 좀 더 줄여서 형도 통나무집 굴려고 하는데 왜?
03:41:03.60,03:41:05.15,수정전이 현실적이라고?
03:41:06.46,03:41:32.69,현실 따지고 앉았어 버티버 그렸는데 그리고 그림자 어떻게 넣었는지 모르겠다고 하셔서 대략적으로나마 잡아 드렸죠 그리고 펜 선화를 좀 더 진하게 잡아 드렸습니다
03:41:40.06,03:42:02.65,이거는 머리가 너무 좌우로 너무 시발 그 크레이지 아케이드에 나오는 새끼 같아서 좌우로 폭 좀 줄이고 얼굴 좀 작게 만들었습니다.
03:42:02.67,03:42:05.90,그리고 이거는 스스물가인 치카사인데요.
03:42:08.73,03:42:26.91,일단 얼굴만으로... 얼굴만은 수정... 했는데 ㅅㅂ... 너무... 파괴적이라서 할 말이었네?
03:42:26.93,03:42:27.01,음...
03:42:30.95,03:43:00.59,일단 수정하려고 최대한 손은 많이 봤는데 이게 이건 실패작이라고 할 수도 있습니다 이 새끼가 고트네 이 새끼 거의 오르치마루야 몸이
03:43:17.53,03:43:31.88,아무튼 피드백은 여기까지입니다 3부는 뭐냐고?
03:43:32.22,03:43:44.44,3부 시발?
03:43:44.46,03:43:46.20,와 오늘 쉬고 싶은데?
03:43:48.49,03:44:10.30,아 쩌쩌쩌쩌쩌쩌 쩌쩌쩌쩌쩌 쩌쩌쩌쩌쩌 쩌쩌쩌쩌쩌쩌쩌쩌쩌쩌쩌쩌쩌쩌쩌쩌쩌쩌쩌쩌쩌쩌쩌쩌쩌쩌쩌쩌쩌쩌쩌쩌쩌쩌쩌쩌쩌쩌쩌쩌쩌쩌쩌쩌쩌쩌쩌쩌쩌쩌쩌쩌쩌쩌쩌쩌쩌쩌�
03:44:10.85,03:44:40.69,아주 쉽게 되었습니다 그래도 가능한 시간 내에서는 최대한 많이 해드린 것 같아요 아무튼 내일은 아마 그림을 그릴 것 같고요 내일은 아마 저녁에 올 것 같습니다 오늘은 낮방부터 시작해서 이렇게 두 번 정도 방송했는데 아무튼 내일은 저녁에 아마 올 것 같습니다 니에이 아무튼 이번 주말이니까 다들 푹 쉬시고요 좋은 밤 되시기 바랍니다 짠내
