시작 시간,종료 시간,내용,live_id
00:00:00.03,00:00:29.73,한글 자막 제공 및 자막 제공 및 광고를 포함하고 있습니다.,18553062
00:00:47.21,00:01:09.25,목적 밖으로 쫓겨나고 중요한 것들이 가슴이 날리고 오늘의 리스타트 세상은 사랑에 빠져있어 빛의 약물을 씻어,
00:01:29.18,00:01:56.04,다음 영상에서 만나요,
00:02:08.60,00:02:11.92,자막 제공 배달의민족,
00:02:44.78,00:02:58.28,일로와 오늘은 집이 살짝 어둡죠?,
00:02:58.82,00:03:12.67,커튼을 좀 쳤더니 집안이 딱 이정도 느낌 있더라고 그보다 저 속상하고 서운하고 억울해요,
00:03:13.72,00:03:37.06,유튜브 댓글을 보니까 뭐 내가 배그하는 게 너무 의도가 투명해 보여서 역겹다 정떨어진다 이 지랄하고 있는 거야 나 진짜 나 억울해서 뒤질 것 같아요 롤 할 때는 스텔 4전 끼고 싶어서 롤 하는 거냐고 지랄하다가 이제 배그 하니까 또 배그대로 지랄하고 존나 서러워요,
00:03:42.89,00:03:47.24,"흘린 말 하나 없네, 이 지랄.",
00:03:47.26,00:03:50.30,"억울해, 씨발.",
00:03:50.32,00:03:50.59,왜 아닌 척 하냐고?,
00:03:51.31,00:03:55.37,"아니니까, 개자식아.",
00:03:55.39,00:03:55.81,나 뭔 게임을 해서 지랄이야.,
00:03:56.15,00:04:00.82,다음은 오버워치인 거지?,
00:04:00.84,00:04:01.48,"남다른 게임 못 하겠네, 씨발.",
00:04:01.50,00:04:08.45,저 통단이 그럴 때는 신경도 안 쓰더니 빨통단이 그러니 서운했구나.,
00:04:08.47,00:04:08.97,둘 다 서운해요.,
00:04:08.99,00:04:11.21,맞는 말 하니깐 쳐 우는 거 꼴보기 싫네.,
00:04:11.23,00:04:12.71,이 새끼 아가리 여물어라.,
00:04:14.21,00:04:17.04,저 새끼 배내주세요.,
00:04:17.06,00:04:19.59,근데 정 떨어져도 우린 레바를 응원한다고.,
00:04:20.35,00:04:20.89,레바형 사랑해.,
00:04:25.01,00:04:25.15,고마워요.,
00:04:25.17,00:04:27.62,하이퍼즈 영상 올렸으면 그런 말 나왔을까?,
00:04:28.68,00:04:30.36,이거 뭐 게임 잘못이네.,
00:04:32.24,00:04:32.82,아니 시발.,
00:04:32.84,00:04:36.01,아니 사이퍼든 하고 배그도 했는데 배그 영상만 올라가서 이 새끼.,
00:04:37.09,00:04:49.81,스텔 라이브랑 배그하고 싶어서 이 XXXXXXXXXXXXXXXXXXXXXXXXXXXXXXXXXXXXXXXXXXXXXXXXXXXXXXXXXXXXXXXXXXXXXXXXXXXXXXXXXXXXXXXXXXXXXXXXXXXXXXXXXXXXXXXXXXXXXXXXXXXXXXXXXXXXXXXXXXXXXXXXXXXXXXXXXXXXXXXXXXXXXXXXXXXXXXXXXX,
00:04:50.06,00:04:53.78,뭔 소리야 나같이 투명한 사람이 어딨다고.,
00:04:53.80,00:04:59.59,좀 있으면 버트고랑 합방하려고 그림 방송 시작했냐는 말 나온다 각오하라고 크크크.,
00:04:59.61,00:05:01.65,신경 쓰면 지는 거라고?,
00:05:02.55,00:05:03.37,아니 시X야 억울한데 어떡해.,
00:05:03.51,00:05:09.38,이럴 거면 그냥 종겜 스트리머로 전향하자 뭘 고민해.,
00:05:09.40,00:05:09.54,아 나 진짜.,
00:05:09.56,00:05:14.63,근데 사실이 아니라고 해도 너가 지금껏 태움 행실에 업고라고 생각해야 하는 거 아님?,
00:05:15.73,00:05:15.91,내가 뭘 했는데?,
00:05:18.27,00:05:21.58,근데 오늘도 크림 방송 끝나면 배그할 거지.,
00:05:22.02,00:05:25.43,형 실력 느는 거 보면 재밌더라.,
00:05:25.67,00:05:30.79,또 배그하면 또 염병할 거지.,
00:05:30.81,00:05:37.02,그러면 블루님이 합방 멤버로 버튜버 데려오면 흥 내가 버튜버랑 합방하기 위해서 배그한 줄 알아?,
00:05:37.25,00:05:38.19,하면서 합방 차버리죠.,
00:05:39.79,00:06:06.57,근데 솔직하게 이제는 좀 억가같긴 한데 어쩔 수 없음 형이 처음에 버튜버가 뭐야 하면서 버튜버 슬레이어 포지션을 잡다가 갑자기 버육수 돼서 더 그런 듯 그니까 페코라랑 키리누키가 그 원인이다,
00:06:08.36,00:06:23.57,레바야 사실 넉다운 맞아 근데 좀 하게 해주라 이게 개꿀잼이라고 크크크 존나 서러운 넷이야 우연하게도 레바가 배그하고 나서 버튜버분들이 배그 합방하는 경우 꽤 있더라?,
00:06:23.59,00:06:31.24,원래 많았어요 아냐 니 배그하는 거 요즘에 재밌어 죽을 때마다 앙탈레바 개웃김 크크크,
00:06:33.38,00:06:43.96,이 버튜버랑 합방하려고 배그 연습했다는 게 트루인 진짜 보육수 미쳤네 존나 역겹노.,
00:06:44.44,00:06:45.92,이 새끼 씨앗 맥락 상관없이 지랄하네 갑자기.,
00:06:45.94,00:06:46.96,근데 진짜 배그 자주 해주면 안 돼?,
00:06:46.98,00:06:53.43,형 배그하는 거 볼 때마다 개웃기고 재밌어서 행복해즘.,
00:06:53.75,00:06:57.76,저런 말 하는 거에 대해서 문제 삼아서 얘기를 하고 있다가 바로 피가 나오네.,
00:06:57.78,00:07:01.38,블루가 잡아준 버튜버 합방 거절하면 남자라 거절했다고 음해 당할 듯 크크 음해가 아니란 말은 노노?,
00:07:05.04,00:07:29.08,왜 이대로 그림이 너무 이상해지는데 정중히 거절하는 방향도 생각해봐야 될 듯 너희 새끼 방금 버튜버 방송인들이 원래 배그 많이 한다는 거 다 알고 있었다는 거 무의식적으로 실토를 한 거냐 역시 투명 어휘 그래도 좋은 거 아니야?,
00:07:29.10,00:07:32.36,과염병으로 유입도 생기고 버튜버랑 합방도 하고 차하하,
00:07:34.42,00:07:58.72,아무튼 존나 속상해요 저 ㅅㅂ,
00:08:00.95,00:08:26.62,근데 에바 입장에선 어쩔 수 없음 해그 하고 싶은 것도 맞고 청자들이 버튜버 합방 업가하지만 속으론 해보고 싶기도 하고 이해한다 뭘 이해해 ㅅㅂ 업가에서 미안해 블루님하고 해그 합방해줘 WWE라면 즐길 것이고 UFC라면 조만간 통발 발언 통제 들어갈 듯 흐흐,
00:08:29.09,00:08:30.32,뭘 해도 지랄할 거잖아.,
00:08:31.04,00:08:47.56,사실 형 우린 합방이고 나발이고 형이 배그한다고 방송 자주 켜주니깐 우린 너무 좋아서 꼬투리를 이상한 걸 잡아서 그렇지 형 배그 재능은 없어도 방송 자주 보는 게 우리 낙이라고 뭔 말할 배그 재능 없어?,
00:08:47.58,00:08:49.99,근데 나도 그렇게 생각해.,
00:08:50.19,00:08:53.95,배그처럼 여러 명이서 하는 인싸 개마니까 그런 듯 혼자서 할 수 있는 스타크래프트이나 하죠.,
00:08:57.87,00:09:05.48,레바야 어차피 합방해도 육 먹고 합방 안 해도 육 먹는데 이런 이렇게 된 거 합방하고 육 먹는 게 어떠냐?,
00:09:10.29,00:09:11.54,육을 안 먹는 선택지는 없는 거야.,
00:09:11.56,00:09:15.92,몸 좋은 남자랑 합방하고 싶어 할 텐데 버튜버 같고 음해하는 거 너무 심함.,
00:09:19.37,00:09:20.31,뭐지?,
00:09:20.93,00:09:22.23,왜 게임을 하지?,
00:09:22.99,00:09:26.22,버튜버랑 합방하려는 건가?,
00:09:26.24,00:09:26.30,뭐지?,
00:09:27.02,00:09:29.33,왜 그림을 그리지?,
00:09:29.35,00:09:31.27,버튜버 축전인가?,
00:09:31.29,00:09:31.61,뭐지?,
00:09:32.41,00:09:34.01,왜 연재를 하지?,
00:09:34.96,00:09:39.14,버튜버 공식 만화를 그리고 싶다는 건가?,
00:09:39.12,00:10:02.77,흐흐 그니까 거의 지금 거의 사람들이 그런 사고방식이라 진짜?,
00:10:07.88,00:10:08.00,뭐하는 거야,
00:10:08.57,00:10:32.69,니들이 아직 모르는 거다 배그 버튜버 합방은 그냥 함정이고 얘가 진짜 좋아하는 건 스텔라라고 어떻게 딱 스텔라 이벤트 할 때 들어가니 근데 합방 놀이고 개그 시작한 게 아니라고 해도 블루님이 합방 잡아본다니까 입꼬리 실룩실룩하고 가슴 콩닥콩닥하고 음흐흐음흐흐 콧소리 나왔을 거잖아 아니,
00:10:34.32,00:10:40.07,나만 하면 좋고 안 해도 어쩔 수 없다는 입장이야.,
00:10:40.09,00:10:45.24,진짜 서럽다.,
00:10:45.26,00:10:48.06,감독이에요.,
00:10:48.08,00:11:00.80,당신 같은 사람들을 덕분에 제가 내일을 살아갈 수 있게 되었어요.,
00:11:01.88,00:11:23.04,몇 개월 모지래 봐 왜 숨을 쉬지 버튜버를 보기 위해 사는 건가 거의 그 정도 레바식 던파에서는 총 준례 잘 쏴서 소폐왕까지 찍었었는데 배그에서는 준례 쳐맞는 거 보면 마음 아파서 안 해줬으면 하는 마음이 있음 그걸 보기엔 우리 마음이 너무 약함,
00:11:26.21,00:11:54.52,형 담주에 이원 출시하면 거추버들 많이 할 거 같은데 형 이원하면 이 새끼 또 또 또 거추버 합방 노린다라고 말 나올 거임 내가 지금까지 봤는데 청자가 통발 드립 칠 때마다 우쌍 깨진 적 없음 사실 내봐도 무의식적으로 좋아하는 게 틀림없어 아님 말고 정색하면 또 이 새끼 찔리니까 또 정색하는 거 봐 이 지랄할 거면서 개자식아,
00:11:54.85,00:12:12.91,나 살쪘어 딱 봐도 좀 살찌지 않았어요?,
00:12:17.02,00:12:28.74,뭐 사실 이렇게 업가에도 목적이 뭐든 형이 하는 게임 늘어나는 건 정말 공우적인 일인 맨날 던파 사포만 하는 거 솔직히 꼴받았어.,
00:12:28.76,00:12:33.74,배그 치킨 먹기 미션에 10만원 넣고 이번 반복하니까 응원금 때문에 5만원이 사라져버렸어.,
00:12:33.76,00:12:35.87,미션 성공해서 좀 먹어라.,
00:12:44.22,00:12:44.32,고마워요.,
00:12:46.56,00:12:50.90,4년 전 형 유튜브 보면 확실히 살찐 것 티남.,
00:12:50.92,00:12:51.92,왜 4년이나 지나야 돼?,
00:12:56.89,00:13:06.15,내가 옛날 영상 보면 좀 나 예전에 볼살이 좀 이렇게 들어가 있었는데 요즘 볼살이 좀 차오른 듯?,
00:13:06.17,00:13:11.42,그런 느낌이 있잖아요?,
00:13:13.37,00:13:14.75,나잇살은 어쩔 수 없지.,
00:13:22.76,00:13:23.22,고마워요.,
00:13:23.25,00:13:26.43,늙으면 살 안 빠지더라?,
00:13:26.45,00:13:26.53,그래요?,
00:13:26.91,00:13:31.30,"난 연재 들어가면, 만화 연재 들어가면 살 귀신같이 빠져.",
00:13:31.40,00:13:34.64,ㅈㄴ 안 먹거든.,
00:13:34.66,00:13:36.90,평도 마운자로 투여해볼래.,
00:13:37.02,00:13:39.63,효과 짱이더라.,
00:13:39.81,00:13:40.61,그 정도로 살을 빼야 돼?,
00:13:43.73,00:13:48.26,예전 같으면 방송이고 유튜브고 지랄하든 말든 이 씨발!,
00:13:48.28,00:13:52.29,내가 내 삶을 즐기겠다는데 뭔 상관이야!,
00:13:52.31,00:13:57.74,할 텐데 억울하다 울분투하는 거 보면 성격 참 많이 변했다 유유!,
00:13:57.76,00:14:02.97,아니 그 정도로 억울해 보인다라고 판단해주면 안 돼?,
00:14:05.51,00:14:14.81,저는 래바님이 버튜버를 그리셔도 즐겁고 버튜버랑 합방을 해도 즐겁고 게이밀을 해도 즐겁고 저체스 해도 즐겁고 뭐가 됐든 래바님이 행복하면 저도 행복해요.,
00:14:14.83,00:14:30.51,저를 위해 행복하게 살아주세요.,
00:14:30.53,00:14:30.63,고마워요.,
00:14:30.65,00:14:30.87,정말 좋은 말이네요.,
00:14:30.89,00:14:32.42,송프리를 하나 더 그리고 이제 추천을 받았거나,
00:14:33.78,00:14:44.38,오늘 왜 이렇게 목이 좀 잠긴 것 같지?,
00:14:44.78,00:14:51.13,일어난지 꽤 됐는데 그건 그렇죠,
00:14:53.61,00:15:10.59,레바 형 오늘 유튜브 봤는데 썸네일에 배그 합방 멤버 힌트가 있는 것 같은데 그 DM 공격은 더 이상 안 하면 좋을 것 같다고 소공지 많이 올라오던데 그러다가 형 골로가 진심으로... 씨발... 저런 걱정이나 듣고 앉아있는 내 인생이 매션드... 왜 투표를 받지?,
00:15:10.61,00:15:15.91,버튜버를 추천하라는 건가?,
00:15:15.93,00:15:19.94,현실에서 저렇게 좋은 말만 늘어놓는 애들이 제일 위험하더라 형 조심해,
00:15:25.64,00:15:48.39,솔직하게 말하면 버튜버랑 합방만 해도 되고 게임만 해도 되니까 평일에 좀 더 방송 켜주면 좋겠어 나는 형만 봐도 좋아 라이 고마워요 오늘 올라온 영상에도 블루님이 댓글 남기셨더라 미래를 위해 의전 대접해드려요,
00:15:50.27,00:16:12.28,아 한참 롤할 때도 자나 때 제이 들어왔었는데 그거 거절했었다고 그거 받았으면 또 이 새끼 또 멤버 중에 버티고 있는 거 보고 무조건 신청했네 그럴까봐 씨발,
00:16:13.95,00:16:26.38,근데 역으로 합방하라고 칼 들고 협박하면서 왜 우리 누구님이랑은 합방 안 해주냐 차별하냐 야랄 떨면 이쪽도 어지러울 거 같은데 이쪽으로 방향 틀어줄까?,
00:16:26.40,00:16:40.53,둘 다 싫어 오케이 자식아 당연하지 렛바형 형이 버튜버 합방하고 싶다는 사실을 그냥 인정하고 담담하게 넘기면 이런 음회도내나 댓글이 사라지지 않을까?,
00:16:40.55,00:16:43.20,형이 발작하니까 레꼬단들이 더 놀리는 거 같아,
00:16:43.94,00:16:49.24,아니 난 작가들하고 좀 더 다양한 컨텐츠를 하고 싶은 심정이 더 크거든?,
00:16:49.99,00:17:13.86,솔직히 말하면 근데 웹툰 작가 새끼들은 너무 바쁘고 시간도 안 되고 하고 싶어하는 새끼가 없어 음...,
00:17:20.52,00:17:41.64,아 진짜 아무튼 결론 씨발 뭘 해도 질환에선 서럽다,
00:17:50.02,00:18:09.70,우리도 결론 뭔가 야란할 건 덕지가 절대 안 사라져서 늘 즐겁다 개자식아,
00:18:12.13,00:18:36.54,근데 음회를 겁나해서 허투버 게이트 이전의 레바 합방은 레바가 일 때문에 합방 잘 안 하는 거 같았는데 지금 레바는 어떻게든 합방 각 잡으려고 온몸 비트는 모습임 그건 아닌데 그거에 비해 그런 거에 비해서 합방을 너무 안 하지 않나요 제가?,
00:18:36.56,00:18:41.84,근데 이래도 지랄 저래도 지랄 성향이 있긴 해 그래도 뭐래도 다들 재밌게 보긴 할 듯 난 그럼 힘내 형,
00:18:42.43,00:18:49.80,아이 고마워요 거참 진짜 세상 각박하다 그치?,
00:18:50.46,00:19:05.32,남자가 걍 자나태고 합방이고 할 수 있는 거지 걍 강행 돌파해 버튜버랑 커플링 생기면 쩔쑤지 뭐 평소 형처럼 강행 돌파하뎅,
00:19:09.50,00:19:16.25,레바야 32살인데 모솔리야 이번 생에는 연애고 결혼이고 포기하는 게 맞겠지?,
00:19:16.27,00:19:31.51,스스로를 그렇게 꽉 재단하지 마세요 김블루베그 합방 때 여자 버튜브 없으면 노슈얼 레바면 개추 자주 합방하던 작가들이 결혼해버려서 못 부르는 거잖아 이해해주자,
00:19:32.69,00:19:38.82,버티버 있는 스쿼드인데 합방 거절하면 이 새끼 원하는 멤버 아니라서 거절했는데 이 지랄하겠다.,
00:19:38.84,00:19:39.76,"벌써 2개월이야, 자기야.",
00:19:40.00,00:19:48.37,"뱀 해야겠는데, 이 지랄하는 새끼들.",
00:19:48.39,00:19:49.83,너무 서럽고 끔찍해요.,
00:19:51.62,00:19:59.91,살쪘다는 채팅 보니까 든 생각인데 확실히 예전에는 개웃기는 만화 그리는 존잘 남편은 배덕감과 정복감이 있었는데 지금은 좀 친숙해졌음.,
00:20:00.23,00:20:06.91,걍 좀 생긴 중년 느낌 빨리 연재해서 살 빼라.,
00:20:06.95,00:20:09.22,고마워요.,
00:20:09.24,00:20:12.24,아니 살... 살... 그 정도로 살쪘나?,
00:20:12.44,00:20:20.06,인상이 달라질 정도로?,
00:20:20.08,00:20:20.13,응?,
00:20:27.89,00:20:44.85,지금이 딱 좋다고?,
00:20:45.19,00:20:45.33,그래?,
00:20:51.04,00:20:51.48,그럼 다행이고.,
00:20:51.50,00:20:55.65,근데 형 살쪄도 못생겼다거나 인상 바뀐 생각은 안 드는데 신기하네.,
00:20:56.84,00:21:20.69,아니 뭐 내가 뭐 수십 킬로씩 찐 것도 아니기도 하고 뭐 아니 고마워요 요새 원고뱅 왜 안 켜져 하루종일 원고뱅 기다리는데 원고방 원고를 안 했으니까 아직 멀었다 살 좀 더 쪄라 내 봐도 몸무게 세 자릿수 되면 너랑 좀 더 친하게 지내고 싶어질 것 같아,
00:21:24.64,00:21:34.91,그래도 조까라 하고 그냥 막 합방할 수도 있는데 내심 우리 의견을 생각해주고 있는 것 같아서 감동이야 형떼하음.,
00:21:34.93,00:21:35.05,고맙습니다.,
00:21:35.07,00:21:37.44,레바야 여론 잠재우는 법 알려준다.,
00:21:37.62,00:21:39.40,냉장고에 캐나 무거라.,
00:21:39.42,00:21:41.00,꺼내서 악력으로 찌그러뜨려라.,
00:21:41.22,00:21:44.95,그럼 헉하고 조용해진다.,
00:21:46.91,00:21:47.47,별로?,
00:21:47.49,00:21:48.96,조용해지려면 시발 부검하고 벤 남발하면 되는데?,
00:21:53.17,00:22:18.10,나는 랩아형 커뮤니티 늘어나면 좋다고 생각해 요즘 작가님들도 다 결혼하시고 랩아형 살짝 쓸쓸해질 수도 있는데 유튜브에서 마크 가든 거에서 사람들 깔깔 내는 거에 형도 있음 좋을 것 같아 파이팅 음 그런 의견도 있군요 하지만 그런 쪽으론 걱정하지 마십시오 내가 외로움을 타는 인간 아니거든 적어도,
00:22:18.50,00:22:23.87,레바야 누군가 너를 아무 이유 없이 싫어한다면 그 이유를 만들어 주라 나는 격언이 있다.,
00:22:23.89,00:22:26.10,무슨 말을 하고 싶은지 알겠지?,
00:22:26.12,00:22:32.07,뻔뻔해지고 행복해지자.,
00:22:46.45,00:23:15.22,레바야 빨리 배그가서 꼴덕거리자 난 너의 그 꼴덕거리는 치같음이 너무 좋아 내가 언제 꼴덕거렸냐고 샹라는 레바 보고싶어도 운이 없어서 못보는데 졸라 슬프네 하여튼 존나 서럽다 이말이에요,
00:23:18.96,00:23:35.67,솔비 나이 36 먹고서 이제 결혼은 물 건너간 지 오래니까 버튜버한테 껄떡대는 노청각 이미지가 강한 걸지더라고 논리적으로 생각해봄 그건 아닌 것 같은데?,
00:23:35.69,00:23:48.78,넌 벤이나 먹어라 그리고 35이야 개자식아 어디보자,
00:23:53.81,00:23:56.39,그래도 이게 다 WWE라서 다행이지.,
00:23:56.41,00:24:00.42,UFC로 꿀 부러지니 뭐니 하는 사람은 안 나와서 다행인 것 같아.,
00:24:00.44,00:24:03.99,꿀 부러진단 말이 뭔 말이야?,
00:24:04.01,00:24:12.58,그래도 우리 방장 사랑하면 걔 주위 일단 나부터 크크.,
00:24:12.60,00:24:18.87,살고 싶으면 얼른 강동원을 외쳐.,
00:24:18.97,00:24:19.85,아직 투표 안 받는데요?,
00:24:30.56,00:24:36.03,제가 투표 받을 땐 투표 받는다고 얘기를 할게요.,
00:24:36.05,00:24:36.65,안녕하세요.,
00:24:36.97,00:24:40.82,신인 레꼬단입니다.,
00:24:44.46,00:24:44.86,반가워요.,
00:24:44.88,00:24:47.08,랩바님 강동원 닮았어요.,
00:24:47.10,00:24:47.54,아 오해를 하셨군요.,
00:24:47.82,00:24:50.05,저는 강동원이 아니라 이승권입니다.,
00:24:50.07,00:24:55.77,하지만 왜 그런 오해를 하시는지는 알겠네요.,
00:24:55.79,00:24:55.85,뭐지?,
00:24:55.87,00:24:56.23,이 새끼 나 대신 방송하고 있어.,
00:25:04.01,00:25:09.09,강동원은 좌우 얼굴 분위기 다르다던데 형도 그래.,
00:25:09.11,00:25:11.24,그거는 스스로가 자각하기 어렵지 않나요?,
00:25:11.46,00:25:13.24,형 저녁 먹었어?,
00:25:13.26,00:25:16.68,난 부대 볶음 시켰어.,
00:25:16.70,00:25:19.85,저는 제 오늘 저녁은 메가 커피 한 잔입니다.,
00:25:19.87,00:25:33.36,음...,
00:25:37.32,00:25:43.21,몸 상한다 너?,
00:25:43.23,00:25:58.52,괜찮아 나 생각보다 몸 굴리는 거에 비해서는 인자강인 것 같아 나도 좌우 분위기 다른데 색다르게 못생겼음 크크,
00:25:59.19,00:26:03.12,"오호, 스스로를 그렇게 깎아내리지 말아요.",
00:26:03.14,00:26:05.16,나 요즘 무서운 게 뭔지 아냐?,
00:26:05.18,00:26:06.02,레바가 갑자기 뭐지?,
00:26:06.56,00:26:12.10,이 새끼 이거부터 말하면 절반 이상이 벤 때리는 거라 입을 탁 틀어마금.,
00:26:12.27,00:26:15.63,"그런 말 안 하면 되잖아, 씨X놈아.",
00:26:15.65,00:26:15.97,"아, 아니다.",
00:26:15.99,00:26:21.55,넌 살려줄게.,
00:26:22.20,00:26:23.06,어이없네.,
00:26:23.08,00:26:24.34,"이 씨X, 내가 잘못한 거야?",
00:26:25.85,00:26:38.25,형 나 이번에 검진 받았는데 간이 포항을 하래 근데 레바야 슬슬 청자들이 너 패턴 모든 걸 알고 있는 거 무섭지 않냐?,
00:26:38.27,00:26:45.16,조만간 진짜 레바 AI 나오고 너 대신 방송하는 거 아니냐?,
00:26:45.18,00:26:54.26,그럼 좀 편할지도 우린 건강검진 가다가 지하철에서 쓰러지는 인간보고 인자강이라고 하진 않아요 음... 그것도 맞는 말이긴 해,
00:26:58.90,00:27:03.46,"레바 형, 나 최근에 두 여자를 사랑하게 돼버렸는데 어쩌면 좋을까?",
00:27:03.48,00:27:06.59,원넨 노아를 좋아했는데 최근엔 미카가 너무 좋아져버렸어.,
00:27:06.97,00:27:18.05,두 여자를 좋아하는 나 나쁜 남자일까?,
00:27:18.07,00:27:18.27,"아니, 정상이에요.",
00:27:22.25,00:27:29.16,형 솔직히 WWE이긴 한데 형이 우리 때문에 자나태제에 들어온 거 거절했다는 이야기 들으니까 찐으로 좀 미안해.,
00:27:29.18,00:27:31.15,그냥 좋은 제에 들어오면 좋게 고려해줘.,
00:27:31.17,00:27:34.42,우리도 재미있게 즐기고 싶어.,
00:27:35.04,00:27:35.14,고마워요.,
00:27:35.16,00:27:37.02,100% 그런 이유는 아니었어.,
00:27:37.04,00:27:39.99,요즘에 땡땡을 변기에 넣고 내려라는 말이 유행인데?,
00:27:40.01,00:27:42.45,이건 대체 무슨 의미냐?,
00:27:42.47,00:27:42.57,뭔가...,
00:27:44.42,00:28:09.89,그런거 하면 그 시간 딱딱 맞춰서 그 팀끼리 연습도 막 몇줄씩 하고 그러잖아 나 그런거 제대로 딱 지킬 자신이 없어서 반쯤 부담감 때문에 거절하기로 했죠,
00:28:13.23,00:28:34.16,맞아 나는 좀 내일보단 오늘이 더 중요한 사람이라서 뭔 소리야?,
00:28:47.93,00:29:09.18,그럼 센초가 내일 식사 같이 하시죠 이러면 난 내일이 오늘이 중요해서 고맨 이럴 거냐고?,
00:29:10.30,00:29:14.51,참 나 이 새끼 맥락을 이야기 맥락을 전혀 이해를 못하잖아,
00:29:21.24,00:29:48.36,흐흐흐흐흐흐흐흐흐흐흐흐,
00:29:51.85,00:30:00.18,형!,
00:30:00.56,00:30:07.79,나 여자 꼬시는 법 좀 알려줘!,
00:30:08.25,00:30:13.16,그때 호쇼가 제안한 걸 내가 봐가 거절하면 호쇼 시청자들이 내가 뭐 킹업 아티스트냐?,
00:30:13.30,00:30:14.92,이러면서 침공할 듯.,
00:30:18.90,00:30:38.53,참나 그런 소리 할 거면 아까 억울하다 뭐하다는 왜 울분포한 거냐 너 진짜 한결같은 놈 크크크크 그건 억울한 게 맞잖아 개자식아 레바야 오늘 부사관 만기전이었겠는데 왜 아직도 레바툰 시즌2 안 나왔냐 아 고마워요 고생 많이 하셨네요,
00:30:44.29,00:31:06.83,어디보자 이제 슬슬 그림 추첨을 받아볼까요 채팅을 아무거나 치시면 추첨에 들어갈 수 있답니다,
00:31:15.73,00:31:26.71,"130, 150에서 커트하겠습니다.",
00:31:26.73,00:31:26.81,추첨!,
00:31:26.83,00:31:37.07,사천당가당 소손님.,
00:31:37.09,00:31:38.45,"집이 은근히 딥다, 또.",
00:31:50.07,00:32:18.02,니케 릴리스 어디 보자 니케 릴리스 얘 말하는 건가 아 라피엘님,
00:32:27.67,00:32:34.28,어떤 그림을 원하시나요?,
00:32:51.40,00:32:52.48,순여 캐릭터인가요?,
00:32:57.98,00:33:14.79,어떤거 원하시나요?,
00:33:14.81,00:33:17.78,2011 프로야구 알아그려주세요 감사합니다,
00:33:24.79,00:33:35.32,절 살다살다 이런 캐릭터 추천을 받아보네.,
00:33:35.66,00:33:36.67,아 청은설님.,
00:33:42.15,00:33:47.66,무엇?,
00:33:47.68,00:33:47.75,물음표.,
00:33:47.77,00:33:49.58,우왕.,
00:33:49.60,00:33:49.70,축하해요.,
00:33:49.72,00:33:50.60,어떤 걸 원하시나요?,
00:34:01.19,00:34:29.83,젠제로 뱀 시렌 시시야 되나영 시시야 난 어제 스타레일 음랑 뽑았는데 아 복불... 복불 석포지털님 닉네임이 뭐가 이러냐?,
00:34:35.33,00:34:57.39,안녕하세요 원신 클로린드 부탁드립니다 원신 클로린드,
00:35:06.19,00:35:32.86,약간 3번이랑 비슷한 관상이네요 아 타만봇디님 병남항로 키사라기 유치원보 병남항로 키사라기 유치원,
00:35:34.02,00:35:52.01,"저번에도 항목이 올라왔던 애잖아 1, 2, 3, 4, 5, 6 구독자 추첨 오리 꾀 꽝님",
00:36:03.08,00:36:03.60,어떤 걸 원하시나요?,
00:36:23.50,00:36:24.02,패스할게요.,
00:36:24.08,00:36:30.53,자주 갈려서.,
00:36:30.55,00:36:31.07,OK.,
00:36:31.09,00:36:32.19,AL님.,
00:36:45.37,00:36:46.45,어떤 걸 원하시나요?,
00:36:47.11,00:37:14.09,알케이드 브륜스터드요 알케이드 브륜스터드 아 바른정님,
00:37:16.32,00:37:43.64,아 나도 이 캐릭터 좋아해요 예전에 낙서할 때 잠깐 그려봤었죠?,
00:37:49.80,00:38:14.97,"1, 2, 3, 4, 5, 6, 7, 8 타이머 150초 나도!",
00:38:14.99,00:38:17.07,얼마만에 펄이도 브라도 없는 시작이냐,
00:38:20.54,00:38:41.07,자 지금 균등하게 올라가고 있는데 5번 인기 씨발 뭐야 8번 제갈 공명이랑 춤추는 애 아니냐 밥상이 좀 슴슴하네,
00:39:05.72,00:39:30.61,불도 털도 없다니 유유에잇 농이나 먹어라 6번은 뽑은거지 그리는건 레바잖아 배도는 레바다,
00:39:34.63,00:40:02.49,레바 첫 배그 영상 봤는데 화염병 투시 날고 보니 사는 거더라 근데 뛰어내려가 낙사더라 안 뛰어내렸으면 살았는데요.,
00:40:12.21,00:40:19.01,6번 뽑히면 뽑은 놈들 박재정요?,
00:40:19.03,00:40:19.07,왜?,
00:40:19.09,00:40:31.14,아... 6번 그릴 생각에 신난 랩 하면 개추 크크 별로 안 신났는데?,
00:40:31.16,00:40:40.71,자 20초 10초 9 8 7 6 5 4 3 2 1,
00:40:41.99,00:41:11.32,6번~~ 애새끼를 골라주신 많은 여러분 복실복실했다니까님 조조님 가능성 탐구자님 코아루 정수리할끼님 베란 유도제님 아루의 비밀 정원님 봇불 속 호지털님 열리지 않은 거대 돈통님,
00:41:12.55,00:41:32.08,강민철의 창파분석님 구독자 비율이 높네요 얘 이름이 뭐였더라?,
00:41:32.10,00:41:42.15,경남항로 캐릭터잖아 레바 안보이는 팔이 무의식적으로 폰을 뜰 뻔했으면 레바는 개추 크크,
00:41:48.82,00:41:55.06,이런 그림자도 되게 클래식하다고 볼 수 있는데 얘도 평소처럼 그리는 거지?,
00:41:55.78,00:42:00.41,차리기만 해봐라 뒤진다 너 뭐 돼 개자식아?,
00:42:07.98,00:42:15.82,이 새끼 당혹스럽네 궁금한 게 처음에 투표 참여 안 하면 이후에는 참여가 안 되나요?,
00:42:15.84,00:42:15.90,아니요,
00:42:25.82,00:42:33.40,레바님의 그림 철학에 따라 허리를 잇는 힘껏 꺾어주세요.,
00:42:33.42,00:42:37.96,제 성인 모습으로 ㅈㄴ 빵빵하게 그려주면 안 됨?,
00:42:37.98,00:42:49.82,그러면 이거 뽑은 놈이 지랄할 텐데?,
00:42:49.84,00:42:49.92,음...,
00:43:03.18,00:43:26.20,저거 눈동자가 되게 진짜 클래식한 눈이네,
00:43:41.34,00:44:07.55,큰 내를 어린이로 만들어주세요는 수요가 있던데 반대는 수요가 상대적으로 적긴 하더라.,
00:44:07.57,00:44:11.06,솔직히 농농단에 비하면 털이나 맷돌단은 정상성 6인듯,
00:44:14.53,00:44:22.16,그게 그건데?,
00:44:22.18,00:44:42.50,원하시는 거 그리도록 하세요 눈동자가 되게 하이라이트가 많은 스타일이네요,
00:44:44.48,00:44:49.29,이번 그림에도 니지카랑 보치 엄마처럼 스토리텔링 넣어줄 거지?,
00:44:50.47,00:45:00.59,진짜 너만 믿고 있다 레바야?,
00:45:00.61,00:45:00.97,안 넣을 건데?,
00:45:00.99,00:45:09.58,채소랑 과일을 아삭아삭하고 신선할 때 먹어야 맛있지 왜 굳이 물렁하게 만들어서 식감을 조져놓은 놈이란 그런 거다 미식을 즐겨라 떼끼 이놈들,
00:45:16.70,00:45:24.82,이렇게 하고 형 혹시 쓰시는 이어폰 제품 이름 알 수 있을까요?,
00:45:24.84,00:45:35.30,3만원짜리 그냥 쿠팡에서 순위권 높은 거 샀는데 이름 몰라요 그냥 덜 익은 거잖아 덜 익은 거 먹으면 배탈나요?,
00:45:46.03,00:45:48.15,이게 남자를 미치게 하는 몸매지.,
00:45:48.69,00:45:50.15,정말 고맙다.,
00:45:50.17,00:45:55.60,너는 내 은인이다 이승권.,
00:45:55.62,00:45:55.92,아직 몸 그리지도 않았는데?,
00:45:55.94,00:46:01.35,너넨 풋사과도 모르냐?,
00:46:01.73,00:46:05.92,얘 터치하면 키사라기는 맛없으니까 먹지 말아주세요.,
00:46:05.94,00:46:07.48,회사 나온다 고증 좀.,
00:46:15.95,00:46:38.95,아니 어떤 새끼가 군함에 이런 애새끼를 태워서 전쟁터로 보내 얘 관리하는 담당관 누구냐 함장실로 데려와라 금마 옷을 다 벗기가 바다에 던져야겠다 가운데 그림보다 오른쪽 아래 힌너 캐릭터가 더 꼴리게 생김 그건 캐릭터가 아니에요 인격체랍니다,
00:46:55.01,00:47:22.94,어쨌든 로봇이잖아 괜찮아 아리스도 깡통이잖아 괜찮아 프레그마타 다이애나 추천하려다가 생각 접었다 고맙다 레꼬단들아,
00:47:29.49,00:47:54.11,인격체라고 그럼 니지카는 왜 그렇게 했고 미카는 왜 그렇게 조져놨고 마리는 왜 어쩌구 저쩌구 이에는 마리아비가 다르다 어쩌구 저쩌구 난 캐릭터성을 살리는데 노력한 것 뿐이야 그거는 괜찮다고 생각하는 자기합리화를 멈춰주세요 이 농뿌크 농노루 농농농 단들아,
00:47:59.32,00:48:06.04,귀가 튀어나와 있네요.,
00:48:13.76,00:48:17.26,모자를 그리고 오른쪽 아래 버튜버 띄워둔 거인 판떼기 개잘나왔는데,
00:48:24.47,00:48:41.78,형 그래도 착하다 난 당연히 걔네가 인격체야 할 줄 알았는데 누군가의 세계를 지켜주는구나 전 모든 걸 존중해요 보치케에는 항상 반윤리적 스토리텔링 집어넣고선 캐릭터성 이러고 있네 그럴만해 걔네들은,
00:48:56.23,00:49:02.96,리카 그거 세이아 죽인 년이 뭐가 좋다고?,
00:49:02.98,00:49:24.09,안 죽었잖아 채영은 개폐도인데 나이는 500살 이상 vs 나이는 7살인데 채영은 글래머너스 성인 뭐가 더 나아 이렇게 하고 여기에 리본으로 묶은 머리가 있네요,
00:49:33.65,00:49:51.68,야호~~~,
00:50:11.52,00:50:28.10,무라사키 귀엽네 형 나 의자 새로 사려고 하는데 추천 좀 해줘 컴퓨터에 장시간 앉는 직업이야 CDG 쪽에서 알아보는 게 가장 만만할 것 같네요,
00:50:31.45,00:50:37.82,나도 작업용 의자는 허머밀러 쓰는데 평상시에는 시리즈가 좀 더 편하게 돼요.,
00:50:39.00,00:50:45.41,허머밀러는 너무 진짜 빡진용 의자라서 힘들어.,
00:50:45.43,00:50:59.77,앉아 있는데도 체력이 소모돼.,
00:51:22.63,00:51:37.42,묘하게 시굴의 우이처럼 그려졌는데?,
00:51:37.44,00:51:37.64,기분 탓인가?,
00:51:38.12,00:51:39.89,또 동말이 있지라!,
00:51:40.03,00:51:45.32,말 자체를 안 해야겠다.,
00:51:46.07,00:52:11.89,그런 의도로 얘기한 게 아닙니다,
00:52:16.41,00:52:24.28,숨 쉬듯이 버트버 이야기 꺼내는 놈이 오늘 방송 초반 1시간동안 억울하다고 열변한거임?,
00:52:24.30,00:52:37.06,아니.. 씨발 말도 못해 내가 뭐 아 내가 아 이 그림 시그레우이 닮게 그려졌네 아 시그레우이랑 합방하고싶다 막 이렇게 지X했으면 여러분도 염병할 건덕지가 되는데 그냥 이름만 어?,
00:52:37.50,00:52:42.84,그렇게 말했는데 이 질환하는건 개자식아 진짜 개 아 이 씨발놈아,
00:52:46.59,00:53:02.86,수류탄 빔 뽑았으면 가고는 해야지!,
00:53:02.88,00:53:03.88,딜교 개선해보았네!,
00:53:04.18,00:53:13.45,크크!,
00:53:18.45,00:53:21.13,여기 이렇게 욕설이 심한 방이었나요?,
00:53:21.15,00:53:28.69,유유 팬티색 물어보고 가슴 크게 그려달라는 건전 방인 줄 알았는데 건전했던 적이 없는데요 죄송하지만,
00:53:49.73,00:53:57.80,레바엔이가 허허벌판 허벌남 드립친거 이번에 내 친구들한테 했는데 개빡이더라 내가 미친거냐 얘네들이 미친거냐?,
00:54:00.23,00:54:00.45,둘 다 아니야?,
00:54:00.47,00:54:14.49,그 웃은 친구들 다 우리 방송으로 초대해,
00:54:18.45,00:54:27.89,근데 솔직히 우리가 가끔 진짜 가끔가끔 억가하긴 하는데 대부분 랩바님이 욕먹을 짓을 골라서 하고 맞는 거임.,
00:54:28.23,00:54:38.29,뭐지?,
00:54:38.31,00:54:38.49,해보자는 것인가?,
00:54:40.17,00:54:48.64,항상 같이 하하호호 하면서 재밌게 놀던 WW 하는 건데 너 혼자 왜 이렇게 흥분했냐?,
00:54:48.66,00:54:53.15,진정해 레바야?,
00:54:53.17,00:55:07.24,아니 ㅅㅂ 내가 연병하면 ㅅㅂ 나만 또 이상한 새끼 만드네.,
00:55:08.24,00:55:08.86,에그 방송도 좀 줄여야겠다.,
00:55:10.58,00:55:12.98,음회 당하는 것도 전부 에바가 자초한 거 아님?,
00:55:13.18,00:55:34.71,아예 버츄얼 키고 여목내면서 다른 버튜버들이랑 합방했으면 에겟남이네 영서티네 같은 음회도 안 들었을 듯.,
00:55:34.73,00:55:35.26,이렇게 하고 여기 중앙에 뭔가 장신구가 있네요.,
00:55:39.18,00:56:04.30,오늘도 다정한 그림 방송이군요 이제 다음 투표에서도 가이드 컵 나오면 시청자들끼리 서로 죽이는 건가요?,
00:56:05.98,00:56:06.12,아이 고마워요,
00:56:08.70,00:56:33.00,이런 거 그릴 때마다 긁는 거 꽤 심한데 빵으로 만들어서 기강 한 번 잡자 내 생각엔 네가 버튜버 본다는 걸 밝혔을 때 과정이 잘못됐다 그때 크로마키 키고 정장 입고 고개 숙이고 저 버튜버 봅니다 하면 힘내라 그럴 수 있다 응원해 주는데 대역죄야 개자식아,
00:56:41.37,00:56:55.96,아 안 돼 아까도 말했지만 배그를 하든 합방을 하든 저챗을 하든 걍 방송 많이 켜주니까 우리는 뭐든 좋다고 여유 방송 줄이는 건 이어다 방금 왔는데 외동을 그리고 있나요?,
00:56:55.98,00:57:02.85,잘 그린 거 보면 아 아닙니다 고마워요 어쨌든 잘 그렸던 거지,
00:57:22.07,00:57:30.79,대역죄 막힌 함 전엔 나 버튜버 본다고 하니까 니 앞날이 그런 가상방송보다 어두우니까 그거라도 보는 건가요?,
00:57:31.15,00:57:42.41,라고 했던 거 아직도 마음의 상처가 남아있음 이렇게 제일 밝고 명랑해 보이는 표지가 제일 심연이더라,
00:57:46.59,00:58:11.25,아 여러분 저 버트버 봅니다 뭔가 괘씸함 크로마키 정장 입고 여러분 제가 버트버에 빠져서 보내도 하고 폭발도 던지고 합방 꺼드럭도 했습니다 죄송합니다 애전해서 응몽함 전혀 안 그럴 거잖아 버트버 보는 게 문제가 아니라 허육수인 게 문제임 아니 보는 거랑 그건 또 별개야 씨발,
00:58:19.53,00:58:36.76,우리 천원펀치가 모여서 버튜버 치즈로 돌아간 거야?,
00:58:40.84,00:58:52.07,솔직히 근원으로 거슬러 올라가면 레버 없고긴 하지 안에 사람 있다면서 다 쳐내놓고는 여러분 저 버튜버 봐요 차하아크하고 그때부터 미쳐사는데 배신감 안 느껴지겠냐?,
00:58:52.09,00:58:56.28,크크 배신감을 느낄 정도인가 그게?,
00:58:56.40,00:59:03.88,정보넷반은 버튜버한테 후원하기 전까진 돈에 쏘는 사람들 이해 못했다고 한다 아니?,
00:59:03.90,00:59:04.16,그렇게 말한 적 없는데?,
00:59:04.18,00:59:04.50,누가 그렇게 얘기를 해?,
00:59:04.60,00:59:09.89,솔직히 가장 큰 원죄는 버튜버 겁나 까다가 손바닥 뒤집듯이 버튜버 슬레이브 된 거지 이응이응,
00:59:17.70,00:59:20.96,버튜버 보는 시청자들한테는 야 이새끼 인생 어떡하냐?,
00:59:20.98,00:59:29.56,진짜 쯧쯧 이라는 얄돌림 해놓고는 정작지가 본다고 하니까 중립적인 성향에 나도 좀 많이 실망했었음.,
00:59:29.58,00:59:31.24,언제 그랬다고 다들 염려 이렇게 떠는 거야?,
00:59:31.26,00:59:36.45,근데 진짜 에바 처음에는 버튜버 본다니까 진짜 인간 말종 취급했었음.,
00:59:37.07,00:59:37.99,진짜임.,
00:59:38.01,00:59:42.54,ㄹㅇ 피해자가 수십 명임.,
00:59:42.56,00:59:42.64,누군데?,
00:59:43.82,00:59:46.96,우리 조상님들은 버튜버 없이 어떻게 살았을까?,
00:59:46.98,01:00:12.39,너도 그렇게 생각하지 레바야 야 이놈들아 레바는 잘못된 거 없어 잘못된 건 과거의 레바야 현재 레바는 잘못한 거 없단 말이다 이렇게 하고 허벅지 살을 오동통하게,
01:00:13.54,01:00:16.80,버밍아웃 할 때 여러분 저 사과드릴게 있어요.,
01:00:17.48,01:00:20.47,버튜버 보시는 분들 고해성사 때 심한 말에서 죄송합니다.,
01:00:20.49,01:00:22.37,사실 저도 요즘 봅니다.,
01:00:22.39,01:00:23.37,좀 귀엽더라구요.,
01:00:23.39,01:00:25.17,꾸벅 했으면 다 용서드려줬을걸?,
01:00:29.58,01:00:29.64,아니?,
01:00:29.66,01:00:42.38,아직도 기억난다 트위치 때 누가 5만원 보내 하면서 크로니 그려주세요 하니깐 아이 버튜버는 안그려 저 새끼 밴 해주세요 한거 보고 나도 이분 화를 부르는 구멍이라고 생각했다.,
01:00:45.03,01:00:53.34,좀 뜬금없긴 한데 뒤에 항상 있던 허추님 인형은 어디감?,
01:00:53.36,01:00:53.58,이사를 했는데 아예?,
01:00:53.60,01:01:09.09,진짜 넌 트위치 클리반 살아있는 거에 감사함을 느껴라 진심 트위치였으면 넌 이미 너의 발언들 다 우르르륵 올라왔다 이 말이야 레발린 치고 멸망할 때 방송 키고 바닥 딸 친다는 거 아직 유효한가요?,
01:01:13.17,01:01:34.15,고해성사에서 버튜버 본다고 하니까 시청자 나갈 정도의 인신공격하고 시청자들이 페코라는 인정인대라고 하니까 뭘 그걸 또 공감하고 있어 개새이드라라고 했다 음 그건 나도 기억나 심지어 이새끼 범인 아웃한 것도 다른 겜 광고하면서 해서 광고도 창내고 시청자 속도 터지고 난리도 아니었음 아주 극악무도한 놈임,
01:01:40.05,01:01:50.96,그래도 레바가 밝힌 게 나는 다행이라고 본다 방정우 헉헉 오늘도 버튜버 보는 거 안 들켰어 심장 쫄려 항상 이러다 나중에 심정지사 하는 거보단 낫잖아,
01:01:55.09,01:02:23.07,하긴 버츄버보는 시청자들 고르시안 했으면 시청자들도 웃으면서 WWE 했을텐데 그때 레바가 비정상인들 취급하니깐 상처받은 애들이 포밍아웃날 오늘 한번 뒤져보자 하고 물어뜯음 크크 이렇게 하고 붉은 리본도 칠해주고 이런 혼란한 와중에 그림을 완성시켜가는 나 정말 대단해,
01:02:23.98,01:02:33.60,레바 유로트럭 할 때 버튜버 용도우니까 으 저게 뭐임 저런거 봄 이런 리액션 하는거 기억난다 예?,
01:02:34.10,01:02:39.29,속바지 입었나요?,
01:02:39.31,01:02:43.15,여러분 그 와중에 우리 논벅지가 아주 훌륭하게 그려졌어요,
01:02:46.81,01:02:52.68,증언과 목격담이 이렇게 쏟아져 나오는데 아직도 아니라고 발뺌할 셈입니까 피고인?,
01:02:52.70,01:02:55.65,어디 자기 변호 해보세요 아닌 건 아닌 거야!,
01:02:55.93,01:02:59.70,납득 시켜보세요!,
01:03:00.00,01:03:04.26,납득... 절대 안 할 거면서...,
01:03:08.41,01:03:28.04,반에서 인기 많은 어떤 여자의 취향 아니라고 못살게 굴던 친구가 갑자기 사실 저 여자의 좋아해 범인 아웃한 걸 들은 그 여자의 좋아하던 애들 심정이 우리란 거야 이 나쁜 놈아 전혀 예상이 안 되는데 무슨 심정이냐 그게 기습 승대 역책이 보로리,
01:03:32.39,01:03:48.74,솔직히 버튜버 사변 때 버튜버 본 것 같고 화난 게 아니라 버튜버한테 익명으로 1만 원씩 쏘는데 다른 사람이 5만 원 쓰는 거 보고 내 금액이 적은 건가 하면서 10만 원씩 쐈다는 거였음.,
01:03:54.01,01:03:54.37,그건 여러분이 충격 먹을 만하네.,
01:03:54.39,01:03:57.17,원래 레바는 이런 내로남뿌리 매력임.,
01:03:57.19,01:03:58.55,앞으로도 소신 지켜.,
01:04:04.10,01:04:16.82,근데 버밍아웃 스스로 밝히길 잘 한 거임 뒤에서만 봤으면 비밀인 거 몰랐던 지인들이 방송 나왔다 말해버려서 아웃팅 당했음.,
01:04:16.84,01:04:27.46,여러분 레바가 주식 종목이었다면 버튜버 본다고 버밍아웃 했을 때 하락장이었겠죠?,
01:04:27.48,01:04:32.18,레바야 그냥 빈말로라도 예전에 버튜버 관련해서 했던 모든 발언을 사과드립니다라고 하면 안 될까?,
01:04:32.57,01:04:39.36,나 아직도 내가 좋아하는 버튜버 용도 보고 너가 으윽 징그러워 으윽 하던 게 잊혀지지 않아?,
01:04:39.68,01:04:41.67,카페에 올려보세요.,
01:04:41.69,01:04:41.85,내가 그랬는지.,
01:04:42.17,01:04:44.07,이제 게이밍 아웃하자.,
01:04:44.09,01:04:44.69,레바야.,
01:04:44.71,01:04:50.93,버튜버 떡밥 다 돌았다.,
01:04:50.95,01:04:52.33,그럼 남은 시간 다 버튜버나 그릴까?,
01:04:58.83,01:05:09.68,랩바는 매니저들한테도 구독권 안 주고 자기 돈으로 구독하라는 사람인데 버튜버방에서는 구독권 펑펑 쏘더라.,
01:05:09.70,01:05:10.30,이런 거밖에 없는걸?,
01:05:10.32,01:05:14.91,내 바에 다들 너가 버튜버랑 합방하고 결혼 각보니까 부러워서 질투하는 거다.,
01:05:14.93,01:05:20.99,소신을 가지고 밀어붙여라.,
01:05:21.01,01:05:23.74,방송에서 내 와이프나 그릴까라는 말은 좀 그런데요?,
01:05:27.92,01:05:50.92,난 솔직히 트위치기 존나게 아쉽다 트위치는 레바 지금 방송 보고 있는지 실시간으로 고루씨 할 수 있었는데 치지직은 이런게 없더라구 레코단들 다 버튜버 그리는거 좋으면서 치는거 좀 꼴받는다 그죠 야 이 존만한 새끼야 이제 본색을 드러내냐,
01:05:51.51,01:06:06.17,이거 봐 이 바보 뭐 시발 뭘 해도 넌 도저히 못 참겠다 월요일에 레진 본사 가서 화장실 변기 다 막아버릴 거다 이걸 정면돌파한다고?,
01:06:07.02,01:06:09.08,형 너무 상남자다 난 응원할게,
01:06:13.23,01:06:16.39,레바야 그거 너무 안 좋은 선택이다.,
01:06:17.61,01:06:17.88,버튜버만 그린다.,
01:06:18.09,01:06:21.52,방골기질 선택한다는데 우리도 방골기질 있다는 거.,
01:06:21.54,01:06:25.47,랄고 있어죠.,
01:06:25.73,01:06:25.87,뭔 소리야.,
01:06:26.57,01:06:28.43,하고 싶은 말 다 하고 살면서 개자식아.,
01:06:28.45,01:06:33.10,게이라고 한참 놀렸을 때는 게이 그림만 그려야지 라고 안 했잖아.,
01:06:33.16,01:06:37.50,희사라기 최애 게이 서야까지 해줬는데 그려주셔서 감사합니다.,
01:06:38.71,01:06:41.41,아이고 만원명 고맙습니다.,
01:06:41.71,01:06:42.93,자 이쁘게 마무리해볼게요.,
01:06:57.05,01:07:20.63,레바야 어디 버트버들 지은 미운 그려봐라 우리가 통발 그물 지은 미운 뿌려주고 올게 기슭 항상 달달 고소한 냄새가 날 것 같네 헤이 날 레바바론 이후로 팬카페 새로 고침 계속하고 있다 기대된다,
01:07:24.30,01:07:27.03,니들은 그래도 레바한테 고마워해라.,
01:07:27.05,01:07:29.57,레바가 보츠 좋아해서 그리는 거 아닌 게 어디냐?,
01:07:29.59,01:07:37.50,설마 그리긴 하겠어?,
01:07:37.52,01:07:44.46,버츄버 그린다니까 물어보는 건데 나코코님 합방제에 온 거 영상 봤어?,
01:07:45.36,01:07:48.71,정보 명단에선 캐릭터들한테 결혼 반지를 주고 서약을 할 수 있다.,
01:07:49.27,01:07:52.27,물론 지금 그리는 키사라기한테도 반지 줄 수 있다.,
01:07:56.10,01:08:05.57,승권아 요즘 들어 버튜버 회사들 고소 공지가 엄청 많이 올라오던데 너가 원인이었지?,
01:08:05.59,01:08:05.83,근데 내가 뭐 했다고?,
01:08:05.85,01:08:16.60,형 그그 우리가 왜 이러냐면 형은 예전에 버튜버를 보추급으로 취급했었는데 갑자기 형이 나 보추바요 이러면 우리가 쌍욕 박을 거 다 알잖아 똑같은 맥락임 그 정도까지는 아니잖아 그래도,
01:08:18.44,01:08:24.77,나 방금 카페에 증거영상 올렸는데 3연속 칼삭 당하고 지금 카페에 밴 당했다.,
01:08:24.99,01:08:37.32,세상이 미... 기날 하지마.,
01:08:37.34,01:08:45.05,버튜버들한테 레바 뺏겼다고 생각하니까 진짜 요즘 손발이 덜덜 떨리면서 바비 안 넘어가면 내가 먼저 좋아했는데.,
01:08:45.07,01:08:45.17,시원...,
01:08:48.29,01:09:11.14,아니다 자 이제 볼터치를 그려볼까요 지우개로 살살,
01:09:18.50,01:09:21.06,레바야 이런 생각도 해봤냐?,
01:09:21.08,01:09:45.89,알고 보니 우리 시청자들이 네가 합방한 분들이라면 모자 쪽에도 그림자를 조금만 줘도록 합시다 근데 얘는 귀가 4개인데 귀 속말 어디다 해줘야 하는 건가요?,
01:09:47.44,01:09:48.34,알아 먹지 않을까요?,
01:09:54.73,01:10:13.23,이제 살 쪽에도 그림자를 살짝 해주면,
01:10:24.02,01:10:51.62,무릎을 부드럽게 깎아 줍시다 증거 영상 하나 제출했다 어디 볼까 한쪽 허벅지가 되게 얇게 그려졌죠 이쪽 허벅지를 줄이는 게 좀 더 간단하겠는데,
01:10:56.85,01:11:19.19,휩쓸고 있는 버티버니까 한번 그리고 넘어갈까요?,
01:11:19.21,01:11:19.37,버티버는 그래.,
01:11:19.39,01:11:20.35,왜?,
01:11:20.37,01:11:23.31,나름 존재하는 인간이잖아.,
01:11:23.78,01:11:24.06,버티버도 실존인물 취급해?,
01:11:24.08,01:11:24.14,그치!,
01:11:27.31,01:11:31.49,대체 몇 년 전이야?,
01:11:31.51,01:11:51.15,알 수 없는 존재가 숨... 4년 전이잖아 야 이 자식아 4년이면 금수강산이 바뀌고 사람의 사고가 바뀔 수 있는 충분한 시간이네 개자식아 음...,
01:11:57.16,01:12:24.01,증거자료는 난 변해 4년 안에 바뀐 금수강산 위치 알려줘 그럼 납득함 니도 변명하고 있지만 말문이 막히지 근데 저건 저때고 어 그동안 많은 어 개자식아 조용히 해,
01:12:24.65,01:12:34.18,꼬라지 보니 이새끼 장례식장 가서 고오스 드립친 거 한 거 맞는 듯.,
01:12:34.54,01:12:36.79,이걸 세삼스럽게 이지랄 해야 돼?,
01:12:36.97,01:12:40.51,금수강사는 변하고 레바는 금수가 되어버렸네.,
01:12:44.39,01:12:50.16,그럼 4년 전에 레바랑 지금 내 앞에 레바는 다른 존재란 말이냐?,
01:12:50.18,01:12:53.24,사과는 절대 안 하는 거 봐?,
01:12:56.37,01:13:07.56,오케이 사과 드리겠습니다 저 이승권은 과거 버트버는 나름 실존하는 인물이라고 안그렸지만 지금은 생각이 바뀌었습니다 지금은 하나의 캐릭터로서 시급을 하고 있고요 인식 또한 많이 바뀌었습니다,
01:13:13.64,01:13:16.76,진짜 어디 시장 자리 노리는 게 맞다니까.,
01:13:16.78,01:13:22.73,입만 벌리면 쿠바 지리요.,
01:13:22.75,01:13:22.99,정장 어디가 미X랄.,
01:13:23.01,01:13:26.49,어쩌라고 늦었어.,
01:13:26.85,01:13:27.83,뭐 어쩌라는 거야 그러면 개XX다.,
01:13:27.97,01:13:32.86,그래 그래 드디어 인정하는구나.,
01:13:32.88,01:13:38.81,결론 지으시오.,
01:13:38.85,01:13:41.85,오케이 이런 식으로 고출한 게이도 몇 년 뒤면 해금 된다는 거네요.,
01:13:44.40,01:14:10.81,자 이렇게 하고 우리가 뭘 말하는지 진짜 모르겠어 사과하는데 왜 정장 안 입고 크로마키도 안함 던파 법교 먹튀할 땐 크로마키에 정장 입고 긴급사과 방송하더니 이건 그 정도가 아니라는 거 치,
01:14:13.12,01:14:30.35,근데 생각해보니까 상관없는 거 아님 레코단들이 뭘 할 수 있는데 그냥 이대로 막 나가자 ㅇㅇ 그동안 너한테 음해당한 시청자의 시간과 피와 눈물은 뭐로 보상해 주냐?,
01:14:33.82,01:14:36.67,승냥이 같은 것들이 어디서 감히 나를 추구게?,
01:14:37.29,01:14:39.93,누구도 날 막을 수 없어.,
01:14:39.95,01:14:43.16,내 놈이건 구독자건 그 누구도.,
01:14:43.18,01:14:50.81,버튜버를 가질 수 없다면 차라리 잿더미로 만들어버릴 테다.,
01:14:52.51,01:14:52.57,됐다.,
01:14:52.59,01:14:52.89,방금 봤냐?,
01:14:52.91,01:14:56.03,사과한 순간 채팅에 클린 못한 7개 채팅 돌아간 거.,
01:14:59.96,01:15:07.89,안타깝게도 늦었어 좀 더 일찍 했어야 했어 지금 사과하는 건 마지못해 사과하는 느낌이 되어버림 진정성이라는 거 없달까?,
01:15:10.60,01:15:16.91,시발 배난다 가방에서 분홍색 선 하나만 그려줄 수 있나요?,
01:15:16.93,01:15:17.01,가방?,
01:15:17.03,01:15:25.54,왜들 그러냐 정화조에서 서핑 즐기던 놈이 바다 가서 수영 좀 할 수 있지?,
01:15:25.56,01:15:29.89,이렇게 개지랄하면 봉보기로 몇 명 죽일만도 한데 내가 진짜 착하긴 함,
01:15:31.11,01:15:34.04,나도 그렇게 생각함.,
01:15:34.06,01:15:35.38,사과를 받아들입니다.,
01:15:35.40,01:15:36.82,인정하니 좋네요.,
01:15:36.84,01:15:44.13,저는 앞으로 버튜버로 뭔 짓을 하든 아무런 말도 않겠습니다.,
01:15:44.15,01:15:50.94,그래도 몇 년 만에라도 사과해주셨으니 버튜버 영도 보고 으... 이건 좀... 그래요.,
01:15:50.96,01:15:53.61,으... 하던 영상은 하드에서 안 꺼내겠습니다.,
01:15:54.17,01:15:55.79,"그런 거 없었잖아, 개자식아.",
01:16:02.97,01:16:18.97,눈을 좀 더 똘망똘망하게 그릴 걸 그랬나?,
01:16:18.99,01:16:30.82,저게 바로 노아의 방주지 존나 부럽다!,
01:16:30.85,01:16:31.02,음... 자...,
01:16:32.54,01:17:02.36,남은 시간 버튜버나 가득하게 요즘 들어서 김블루님 너무 불쌍하단 생각이 든다 랩아 평상시에 블루님한테 연락 한 번 안 하다가 버튜버랑 합방하고 싶으니까 블루님 보고 합방하자고 한 거잖아 뭔 말이야 아 아니 저때는 과거의 이승권이잖아요 저때는 금수강산 저거 4년 전 음 야 이 개자식아 조용히 해,
01:17:06.07,01:17:08.81,뭐지 난리쳐 달라는 것인가?,
01:17:08.84,01:17:13.90,소순이 잘못됐어요 난리치니까 내가 이러는 거임 나락!,
01:17:14.20,01:17:28.79,"전 다 여기 지랄하네 알았어요 그림투표 진행하나 해보죠 장수가 어쩌고 저쩌고 3, 5 제외",
01:17:30.34,01:17:44.59,너 이 새끼 설마 여태까지 WWE 밑밥 깔고 버튜버 게이트 빌드업 쌓은 게 버튜버 올스타즈 하고 싶어서 그랬던 거냐?,
01:17:44.61,01:17:59.03,여러분 샌드박스 버튜버 목록 보고 왔습니다 이 레바색 진심 범위 6 다 됐구나 진짜 와 충격이다 어쩐지 배그 재활 치료하고 블루님이 진짜 너무 착하시다 나였으면 진짜 울었을 때 뭔 소리야 저건 또 씨발 개 패고 싶게,
01:18:03.07,01:18:26.05,난 게이다님 이런 세상에서 이렇게 자신을 떳떳하게 드러내는 건 멋있다고 생각하거든요 던파의 안경캐 던파의 안경캐는 뭐야?,
01:18:26.07,01:18:28.64,로페즈바라는 것인가?,
01:18:28.66,01:18:29.32,가능한가요?,
01:18:37.64,01:18:48.79,로페즈는 최근에 그렸는데?,
01:18:49.75,01:19:05.58,"헐, 빠꾸먹은 시안이다.",
01:19:09.98,01:19:33.22,이것도 빠꾸 먹었고.,
01:19:33.24,01:19:36.45,이것도 빠꾸 먹었고.,
01:19:38.76,01:20:01.29,이윤리웅 다 접었네 크크크크크 아 이거는 통과할 줄 알았는데 이건 은근히 의미심장해서 이건 통과할 줄 알았는데 이거 약간 게임이 어려워서 접게 만들어주겠다 약간 그런 뉘앙스로 해서 통과할 줄 알았는데,
01:20:10.09,01:20:16.26,너 왜 외적 콘티로 시위하고 있었냐?,
01:20:16.64,01:20:38.02,오피셜로 분탕 치는 거 재밌겠다 야크크 아무튼 다 빻고 먹고 정상화됨 담당자들 지금 시즌 초 장사 안 돼서 똥줄 타고 있는데 저거 보니까 야마돌았을 듯,
01:20:40.28,01:21:06.46,이건 이건 기각 됐고 결국에 이거는 이거랑 이게 아 그 그랬죠 음,
01:21:10.88,01:21:18.83,아무튼 로페즈는 많이 그렸으니까 다른 걸로 추천하시죠.,
01:21:18.85,01:21:22.97,어제 머리 마음에 들었는데 왜 안 하셨어요?,
01:21:22.99,01:21:33.51,그건 머리를 안 감은 거예요.,
01:21:33.53,01:21:33.65,패스할게요.,
01:21:33.67,01:21:33.93,오케이.,
01:21:33.95,01:21:35.73,미래에서 온 레바 부인님.,
01:21:37.68,01:21:37.80,하하하하하하,
01:21:48.95,01:22:17.52,고토 히토리 동생 안녕이야 와 형수님이 직접 오셨네 잘 썼어요 건방진 새끼님 전에 구호 안하고 겁나 욕먹고나서 이제 안하는거 좀 웃기네 ㅋㅋ 고마워요,
01:22:20.57,01:22:33.12,하다하다 보치 동생까지 건드리네 무한대 타피 무한대 타피?,
01:22:33.44,01:22:45.17,무한대 타피?,
01:22:45.65,01:22:46.60,토끼 캐릭터네요 행신 빠삐코님,
01:22:52.28,01:23:17.10,오우 은랑 999 랩 해주세요 은랑 999 야 아이쿠,
01:23:17.46,01:23:37.89,아이콘만 보면 누가 은랑구구구인지 전 다 헷갈려 나 그냥 은랑이랑 은랑구구구구 둘 다 있는데 너무 차이가 없어서 인게임에서 찾기 힘든,
01:23:53.30,01:24:16.37,자 타이머 150초 스타더 아니 약간 그 그림 방송에 약간 관성이 있는 것 같아 첫 그림으로 약간 애새끼 걸리면 그 다음에도 애새끼 걸리고 동물 걸리면 그 다음에도 동물 걸리고 약간 관성이 있어,
01:24:17.41,01:24:21.72,6번 몸매가 드러나는 사진으로 바꿔주실 수 있나요?,
01:24:21.82,01:24:28.72,신중하게 투표하고 싶거든요.,
01:24:28.75,01:24:46.90,하고 싶은 말 있으니까 화장실 좀 다녀오세요.,
01:24:46.93,01:24:46.98,그래?,
01:24:47.01,01:24:47.06,씨발.,
01:24:48.99,01:25:01.24,어린이날 때 그림방송하면 존나 위험할거같아요 은낭그거 어차피 브로냐 카피아닌,
01:25:16.07,01:25:45.28,시청해주셔서 감사합니다.,
01:25:53.45,01:26:12.36,나왔다리 20초 남았습니다 뭐야 슬슬 날파리니까?,
01:26:12.38,01:26:14.66,방장 없어서 하는 말인데 어제 머리 좋았음,
01:26:22.14,01:26:22.96,청소 좀 해라.,
01:26:23.02,01:26:26.94,우리 집 쓰레기 하나도 없는데.,
01:26:26.96,01:26:45.49,5번 고치 동생이 뽑았어요.,
01:26:45.51,01:26:46.38,얘까지 음해할 거냐고?,
01:26:47.14,01:26:48.28,아니요.,
01:26:48.30,01:26:48.60,그냥 이쁘장하게 그릴 건데.,
01:26:53.88,01:27:18.01,엄마랑 나란히 그려줘 형 실망이다 이 지랄하네 두번 연속 농토표한 분들은 진짜 중에 진짜겠지 이쯤되면 시험해보는거다 유독 보치 캐릭터한테만 박한 레바 어디까지 추락할 것인가,
01:27:20.12,01:27:29.97,얘는 귀 맞고 옷 다 젖혀서 비치는 거 보여주세요.,
01:27:29.99,01:27:30.05,뭐지?,
01:27:30.25,01:27:30.31,뒤져.,
01:27:30.33,01:27:37.36,아니지 저번에 그린 엄마 배 만지는 걸로 해줘.,
01:27:37.70,01:27:39.50,뭐여 시벌 저거 보치 동생이었어?,
01:27:40.04,01:27:43.96,아냐인 줄 알고 골랐는데 안경을 바꾸던가 해야지.,
01:27:43.98,01:27:46.35,근데 아냐보다 좋아질 것 같기도 하다.,
01:27:50.36,01:27:54.68,이제 저번에 풍선 안에 우유 가득 들어찬 그림이랑 스토리 이어지는 거죠.,
01:27:54.70,01:27:55.81,나 기대한다.,
01:27:55.82,01:28:00.15,우리 스토리텔러 이승권이가 개노잼으로 그릴 리가 없을 거야.,
01:28:03.40,01:28:04.26,"뭐래, 씨발.",
01:28:04.28,01:28:09.30,오늘은 웬일로 버튜버한테 잘 보이려고 배그 연습 안 하고 계시네요?,
01:28:09.68,01:28:13.01,"진짜 미치겠다, 진짜.",
01:28:13.21,01:28:13.97,이런 애들 안 미쳐?,
01:28:20.48,01:28:28.71,진짜 진짜 X발 진짜 제 정신을 유지하는 것만으로 나 스스로가 기특해서 버틴다.,
01:28:28.73,01:28:35.10,니지카에게 사회교육 받는 거 그려주세요.,
01:28:35.12,01:28:41.79,후탈이 젊었을 적에 남자들 열어 돌렸을 듯.,
01:28:41.81,01:28:45.96,와 근데 사람들 겁나 웃긴 게 음해하면 음해한다고 겁나 욕하다가 음해 안 한다니까?,
01:28:46.22,01:28:49.00,또 겁나 아쉬워하면서 디스하네 크크크.,
01:28:49.15,01:28:50.15,그니까요.,
01:29:11.30,01:29:11.58,미쳐버려.,
01:29:11.74,01:29:16.61,제정신이었구나.,
01:29:16.63,01:29:17.05,"어우, X발.",
01:29:20.82,01:29:38.68,우리 보자 초코만 원했더니 딸기 맛 주고 그래서 그럼 그냥 딸기 맛 주랬더니 바나나 맛을 주는데 우리가 화가 났나?,
01:29:38.71,01:29:48.44,솔직히 배그 버튜버로 우매하는 거 근본적인 원인은 너의 실력이다 네가 압도적 실력을 가졌으면 놀리려는 채팅 멈추고 다들 패배 위로 하러 갔음,
01:29:51.28,01:30:12.10,네바야 너 진짜 통발드립에 스트레스 받는 거 보니까 목이 슬프다 시청자 개인은 한 번 말하겠지만 듣는 네바는 수십 번 듣는 건데 흑흑 힘내라 아 고마워요 그래도 종종 저렇게 절 이해해주는 사람들이 있기에 오늘 하루도 버틸 수 있는 거랍니다,
01:30:26.11,01:30:32.71,근데 통발드립으로 치부하기엔 잡힌 고기가 좀 있던데요?,
01:30:32.72,01:30:53.34,자기야 오늘은 좀 더 아름다운 밤이야 아 고 고 고 고 고 고 고 고 고 고 고 고 고 고 고 고 고 고 고 고 고 고 고 고 고 고 고 고 고 고 고 고 고 고 고 고 고 고 고 고 고 고 고 고 고 고 고 고 고 고 고 고 고 고 고 고 고 고 고 고 고 고 고 고 고 고 고 고 고 고 고 고 고 고 고 고 고 고 고 고 고 고 고 고 고 고 고 고 고 고 고 고 고 고 고 고 고 고 고 고 고 고 고 고 고 고 고 고 고 고 고 고 고 고 고 고 고 고 고 고 고 고 고 고 고 고 고 고 고 고 고 고 고 고 고 고 고 고 고 고 고 고 고 고 고 고 고 고 고 고 고 고 고 고 고 고 고 고 고 고 고 고 고 고 고 고 고 고 고 고 고 고 고 고 고 고 고 고 고 고 고 고 고 고 고 고 고 고 고,
01:30:56.00,01:31:08.75,저런 칭찬 격려 없으면 형 이미 망가져서 안 돼.,
01:31:08.77,01:31:21.60,그러니 시청자들끼리 밸런스 게임하는 거야.,
01:31:22.21,01:31:23.31,지들 혼자 60초 게임하고 있어.,
01:31:25.16,01:31:47.07,개자식들아 레꼬단들을 위해 바쁜데도 주의 꼬박꼬박 방송해주는 우리 레바 욕하지 마라 레바 졸라 불쌍하네 그냥 하도 음해 당해서 그냥 아무데나 통발버린 건데 그냥 거기에 물고기들이 들어온 건데 슬퍼?,
01:31:47.10,01:31:47.14,여보,
01:31:56.55,01:32:24.85,레바영 배그영상 보고 10년만에 다시 보는데 배그는 언제해?,
01:32:27.31,01:32:33.10,10년 만에 내가 방송을 10년을 안 했는데?,
01:32:33.12,01:32:51.03,내가 버튜버였으면 주 7일 그림 방송해주는 레바한테 반할 듯 유유.,
01:32:51.53,01:32:55.19,레바 비셜 고치 그림체는 내 옛날 그림체밖에 못 따라온다.,
01:32:56.40,01:33:12.08,뭔 소리야 이것도 후타리가 양반이면 후타나리라고 불러야 한다,
01:33:29.95,01:33:37.35,멀쩡한 애한테 왜 그럼?,
01:33:42.51,01:34:10.79,근데 형 버츄버들이 롤하니까 롤하고 배그하니까 배그하고 누가봐도 콩발각을 잡는게 보이는데 차라리 당당하게 말해 예비신부 탐방중이라고 하하... 어이 시발 뭐그러는게 시발 뭘 해도 지랄이야 레바님 정말이지 이런 캐릭터는 그만 그려주세요 농농단이 뽑은 이런 캐릭터는 저를 너무 힘들게 해요 방송에 집중을 할 수가 없어 으악 못참겠다,
01:34:16.24,01:34:41.77,이제 슬슬 빨아야 돼 이 지랄 야 이 개자식아 뭐 프린세스 메이커 아냐?,
01:34:44.99,01:35:03.00,드래곤볼 원피스 던전 속 사정 래바야 사람들이 이래도 뭐라 하고 저래도 뭐라 하는데 차라리 배그 방송 월 1회로 줄이거나 뒷배그만 하는 거 긍정적으로 검토하는 거 어떠냐?,
01:35:08.80,01:35:09.04,뒷배그는 맨날 하는데?,
01:35:09.06,01:35:13.03,왜 이렇게 호탈이 얼굴 윤곽이랑 볼격 보면 나중에 호탈이 모습 같냐 호탈이 저렇게 나이 먹지 않았는데 왜 늦게 그려 나 너무 슬퍼 래바야,
01:35:15.20,01:35:24.53,솔직히 뭘 해도 야라랄 권덕질을 갖고 오는 우리가 내심 대단하다고 생각하지 않음 크크크.,
01:35:24.55,01:35:24.87,왜?,
01:35:24.89,01:35:25.99,렛바님 그림 너무 잘 그려요.,
01:35:26.01,01:35:33.10,어떻게 이렇게 예쁘고 아름다운 그림을 그릴 수 있을까요?,
01:35:33.12,01:35:37.29,방송 시작한 거 후회되는 렛바님 개추.,
01:35:38.43,01:35:38.83,후회하기에 너무 멀리 오지 않았니?,
01:35:42.79,01:36:06.25,솔직히 그스그청 아닐까?,
01:36:07.95,01:36:20.03,지X 모든 초식 다 나오네?,
01:36:22.06,01:36:28.71,전통이긴 한데 개자식아 너무 장기화되면 그것도 문제야,
01:36:34.83,01:36:52.67,레바야 뒷배그 할 때 버츄버랑 할 거면 꼭 2개로 해라 닥치지의 닉네임 치면 누구랑 언제 했는지 다 나온다 꿀팁이야 저장해놔 뭘 저장해,
01:37:06.96,01:37:26.04,그림을 좀 그려서 전신으로 그릴까?,
01:37:26.06,01:37:26.14,고마워요,
01:37:27.23,01:37:30.19,정자특 버튜버 보면서 오늘도 수고하셨어요.,
01:37:30.57,01:37:31.85,내일 컨텐츠 기대돼요.,
01:37:31.87,01:37:32.65,다음에 봐요.,
01:37:32.68,01:37:34.10,하고 레바방 오늘에 봐.,
01:37:34.30,01:37:36.02,이 새끼 또 이상한 거 그리네.,
01:37:36.14,01:37:42.18,추작하지 마라.,
01:37:45.93,01:37:46.29,아니 그런 사람들 실적은 있겠죠.,
01:37:46.31,01:37:49.85,근데 이렇게 스트레스 주고 한 두세 번 강동원 닮았어요.,
01:37:50.39,01:37:52.19,하면 레바 스트레스 다 풀림.,
01:37:54.26,01:37:54.34,아닌데?,
01:37:56.78,01:37:57.66,고해성사합니다.,
01:37:57.74,01:38:07.89,사실 레바형 잘생겨서 추악한 마음을 가지고 조 먹갓천원 펀치 날릴 때가 가끔 가끔 가끔 진짜 가끔 있습니다.,
01:38:08.57,01:38:08.77,나 뭔 잘못이야.,
01:38:08.79,01:38:13.10,근데 솔직히 농 캐릭터 걸리니깐 우리가 뭐 할 수가 없잖아.,
01:38:13.12,01:38:19.26,그러면 방송 보면서 뭐 하냐 너 패는 거 말고 할 수 있는 게 없어.,
01:38:20.46,01:38:20.80,그럼 버티버 그릴 때랑 똑같네.,
01:38:20.82,01:38:21.93,그럼 버티버 그리는 게 낫지 않아?,
01:38:34.27,01:38:56.00,리을리은 강동원작 잘 해놔야함 강동원작 안하면 레바 빡쳐서 칼질함 이가 그래서 맞는 거야 하지만 이런 것도 다 방송을 재밌게 하기 위해서 어쩔 수 없이 하는 거라 매일 밤 베개에 얼굴 파묻고 안안안 우는 내 청자면 개추유유,
01:39:01.49,01:39:23.32,아니 버튜버 그리면 성칭찬을 못한다고 1 얘도 못하잖아 아는데 이 X발 자랑이다 해줄까?,
01:39:30.30,01:39:38.85,이럴 땐 독재 정권 3S 정책처럼 블락 캐릭 그리면 알아서 여론 돌릴 수 있음.,
01:39:38.87,01:39:54.20,저 신선하고 치즈 냄새 날 것 같은 부드럽고 새하얀 몸 말랑말랑.,
01:39:54.22,01:39:54.32,여보...,
01:39:55.80,01:39:59.68,눈을 더 키우면 됐을 거네?,
01:39:59.70,01:40:00.22,으!,
01:40:00.24,01:40:18.02,It's so disgusting!,
01:40:21.85,01:40:32.22,솔직히 우리가 너 방송이 연봉기 아닌데 어린 애라고 심한 말 못할 것 같다고 생각하는 게 오히려 구나달까나.,
01:40:32.25,01:40:41.04,지금 나오는 BGM은 디발디 형님의 사계 겨울 2악장 바이올린 복주곡입니다.,
01:40:41.06,01:40:51.75,아 카프카 노래다.,
01:40:51.77,01:40:51.81,여보,
01:40:53.97,01:41:13.61,아니요 커트가 PV인데요?,
01:41:20.98,01:41:21.04,별로?,
01:41:27.51,01:41:53.96,평소에 우리 방송 같은데 되게 오랜만에 보는 건전한 그림 같다 와... 화장실 갔다 왔는데 아직도 그리고 있네 진짜 정말이지 날 너무 힘들게 해 못 참겠다,
01:41:57.33,01:42:19.75,노노 우리방 분위기를 살릴라면 프로스트펑크 9번 트랙 들어야함 크크크 자 재색을 해봅시다 요래하고 살색은 좀 더 뽀얗게,
01:42:29.22,01:42:46.23,아픈 거 아픈 거 다 날아가라.,
01:42:46.25,01:42:47.87,밑에 축구봉 하나 그려주자.,
01:42:48.07,01:42:49.31,얼마나 건전하냐.,
01:42:59.36,01:43:28.54,5 5,
01:43:31.81,01:43:56.74,오늘 피곤해 보인다고?,
01:43:56.76,01:43:58.26,그래요?,
01:43:58.78,01:43:59.88,오늘 컨디션 나쁘지 않은데?,
01:44:07.00,01:44:16.96,사람들이랑 버티버로 또 다퉈서 그런가?,
01:44:16.98,01:44:19.88,늙어서 그럼?,
01:44:19.90,01:44:26.90,와 그렇군요 자 눈도 칠해줍시다,
01:44:40.83,01:44:52.51,그래서 버튜버 언제 그림?,
01:44:53.09,01:44:58.38,나 그것만 기다리고 있는데 그럴까?,
01:44:58.40,01:45:05.83,아 그래도 오늘 LCK 내가 응원하는 팀이 이겨서 좀 덜 표독해져서 레바형 업가 안하게 되네?,
01:45:07.28,01:45:36.69,우리가 언제 다퉜어 그냥 과거사 추억 꺼내면서 이야기한 것 뿐이잖아 과거사 추억이래 씨발 레바야 조금만 기다려라 늙었다는 도발 10년 후엔 너도 우리한테 너도 늙었잖아 라고 반박할 수 있다 북의 익명 도내 좀 하지 마라 승권아 그렇게까지 도내하면서 버티고 그리고 싶은 거야 무슨 수로 그렇게 하는데,
01:45:39.14,01:46:03.84,홍조해주고 이게 녹방일 수도 있잖아.,
01:46:04.64,01:46:04.93,이너 컬러도 칠해주고요.,
01:46:10.52,01:46:33.11,그리고 사이얼스의 그림자도 가볍게,
01:47:09.96,01:47:38.51,자 고 다른 의도는 없는데 어린이날에 크림방송 할거인,
01:47:42.36,01:47:54.74,뭔가 드립 잘못 치면 사람으로서 탈락할 것 같아서 못 치겠네.,
01:47:54.76,01:48:02.99,자... 기업장 하게 됐죠.,
01:48:03.01,01:48:08.80,음... 오늘은 애 새끼의 날이 나나?,
01:48:08.82,01:48:09.06,애들만 돈을 끌었네요.,
01:48:21.78,01:48:22.58,이게 끝인가요?,
01:48:23.38,01:48:36.57,아씨 일단 알겠습니다 그냥 오늘 미리 어린이날 특집으로 가죠 이제 버티버 그릴까?,
01:48:36.59,01:48:36.69,어때?,
01:48:36.71,01:48:41.76,안그려도 뭐라고 하니까 존나 반골 귀실때문에 그리고 뭐라고 듣는게 낫겠다는 생각이 들어,
01:48:42.96,01:49:02.67,솔직히 여름이 선풍기 앞에서 치마자락 두 손으로 올리고 바람 쐬면서 헤헤 시원하다 하는 후탈이 상상했는데 좀 아쉽다 승권아?,
01:49:02.69,01:49:09.76,나락 님도 투표로 뽑히면 넣으셈 자큐 버튼도 하나 만들란 거야?,
01:49:12.49,01:49:20.20,형 안쪽 머리 겹치는 부분 채색 안 됐어 머리 겹치는 부분?,
01:49:20.22,01:49:25.55,그려라 아주 실컷 그려라 백지 터지게 그려라 뭐 이 정도만 됐어요?,
01:49:25.57,01:49:39.35,이 새끼도 가불기 쓰는 게 우리가 뭐라 하면 반굴기질이고 뭐라 안 하면 그냥 그림이... 버투버 그릴 거면 차라리 배그를 해라 미신하라 보고 싶어?,
01:49:39.37,01:49:39.41,흐흐,
01:49:40.79,01:49:54.05,일단 불판에 갑시다.,
01:49:54.06,01:49:56.89,그러면... 아니다.,
01:49:56.91,01:49:58.89,진짜 끔찍한 생각 할 뻔했어.,
01:49:58.91,01:50:04.60,각 소속사별로 한 명씩 항목 올리고 그림 투표 받는 상상함.,
01:50:10.30,01:50:37.68,주차 초거대 대두님,
01:50:42.75,01:51:00.78,웹툰 캐릭터라는 이왕이면 다른걸로 추천해주시는게 좋습니다,
01:51:12.69,01:51:30.29,카푸카요 카푸카 붕스 붕스 카푸카 하여코님,
01:51:42.88,01:51:45.46,드레스 카요코.,
01:51:57.64,01:51:57.80,드레스 카요코.,
01:51:57.82,01:51:58.02,해추유키님.,
01:51:58.04,01:52:07.08,왓.,
01:52:17.84,01:52:19.02,리제로 에밀리아.,
01:52:19.94,01:52:24.31,리제로 에밀리아.,
01:52:24.41,01:52:27.53,4키 전신타이즈 버전으로.,
01:52:27.56,01:52:35.93,버튜버 추천 안나와서 슬픈 앱 빠른 개추.,
01:52:35.95,01:52:46.68,안전한 도론님.,
01:52:46.96,01:52:47.34,제트팩 캣.,
01:52:48.52,01:53:16.69,제트 팻캣 이러면 제트 팻캣이 걸릴 것 같은데요 노란 레몽청님,
01:53:22.22,01:53:25.76,스테인디 왜 안 쳐냄?,
01:53:27.37,01:53:51.64,오케이 오늘 오버워치 쳐낼게 다음 검은 개미님 더 피자,
01:54:02.60,01:54:31.56,루시오 연전연승 더러운 피를 흘리는 자 렌바스님 브라 와일드 헌트 아키라 그려저임 와일드 헌트 아키라?,
01:54:41.01,01:55:07.00,"옛날에 한 번 그려봤던 것 같은데 L4, 3, 4, 5 이거 아니라고?",
01:55:07.02,01:55:08.72,데레로시 마샤 부탁함둥,
01:55:10.14,01:55:28.50,"테레로시 마샤 1,2,3,4,5,6 구독자 초청!",
01:55:32.61,01:55:32.67,에넨님,
01:55:40.06,01:55:56.18,라티아스 라티아스?,
01:55:56.20,01:56:05.46,진짜 복슬복슬 했다니까님 오우,
01:56:11.06,01:56:37.42,키크리 많이 그렸잖아 딴 거 추천해 보츠 캐릭터들 웬만해서도 다 그려봤죠,
01:56:42.95,01:57:08.53,건방진 새끼님 당신 뽑혔으니까 다른 사람의 다음 성큰 터듬기 장인님 키키키키키키키키키키키 아이돌 복합기념 아이돌 앵자,
01:57:14.52,01:57:15.91,아쿠아쿠,
01:57:33.14,01:57:50.37,1... 2... 3... 4... 자,
01:57:54.47,01:58:23.76,특정 사람만 기억 남아서 그런 걸 수도 있어요 사람은 다양하게 뽑혀 내가 방송 투표를 하는 입장으로서 다양하게 사람은 뽑혀 대신에 구독자 투표할 때는 구독자 한정에서만 뽑으니까 뽑힌 사람이 뽑힌 그런 경우가 종종 나와서 으으으으으으,
01:58:25.13,01:58:41.30,그리고 채팅을 한 번이라도 쳐야지 추천 포함이 됩니다 7번 뽑아주면 구독권 뿌림 지금 2년 7개월째 안 뽑힘,
01:58:53.26,01:59:00.33,메이플처럼 확률몰림이 있는 게 분명하다.,
01:59:00.83,01:59:17.87,나 오늘 처음 뽑혀봤어.,
01:59:17.89,01:59:18.15,ㅇ,
01:59:18.40,01:59:20.14,"예, 앵자.",
01:59:20.17,01:59:21.73,나 당신을 뽑았어.,
01:59:21.99,01:59:29.37,얼른 두 번째로 예쁘게 그려다오 고고당하지나 말고.,
01:59:29.39,01:59:29.45,앵자.,
01:59:29.97,01:59:32.90,그대가 참 보고 싶소.,
01:59:32.92,01:59:33.38,사랑하오.,
01:59:34.26,01:59:35.78,앵자.,
01:59:35.80,01:59:35.84,앵.,
01:59:35.86,01:59:35.90,앵.,
01:59:38.33,01:59:58.09,시청해주셔서 감사합니다.,
01:59:58.07,02:00:25.58,다다다다단,
02:00:26.59,02:00:51.50,5초 4초 3초 2초 1초 아니 의자 저렇게 있으니까 계속 거부 같아서 흠칫하게 되네 엥자 처음 뽑으러 나온 수녀랑 많이 닮았는데 흠 가족같은 귀엽 스텔라론 헌터의 마망 카프카,
02:00:53.46,02:01:23.09,아이고 침대사랑꾼님 구독권 4개 후원 고맙습니다 받은 분도 축하해요 뭐라고?,
02:01:25.15,02:01:50.16,오케이 후보 당선 완료율 한 판 조지고 올게요 바닥 다치러 갈 테니 그림 다 그려지면 연락 주라 그거 다시 놓지 말게 이 자식아,
02:01:54.58,02:02:14.70,근데 궁금한 거 있는데 투표할 때 투표 읽고 패야됨 아니면 투표 읽고 패야됨 둘 다 되나?,
02:02:14.80,02:02:20.87,포켓몬 교수 레바님 라티아스는 공중에 떠있는 포켓몬인데 야스도 공중에서 하는 건가요?,
02:02:22.49,02:02:23.37,몰라 미친놈아,
02:02:24.67,02:02:36.82,부정선거 선거법 위반 해명해라 해명해라 구독권 비리 해명해라 그건 너희들끼리 해결해 개샤식아 아니 여러분이 뽑았잖아요,
02:02:54.57,02:03:15.46,농농 포켓몬이라니 오늘 꼴리는 거밖에 안 그리네 참고로 난 레바의 모험 0.1 버전 나올 때부터 한 레바 골수패님 공중에서 도킹하고 날아다니면서 야스한다고 생각하는데 레바님의 생각은 어떠신가요?,
02:03:19.41,02:03:29.67,라티아스 보니까 에타 짤로 남친 노트북에 라티아스 라티오스 근친동인지 있었다는 짤 생각난다 크크.,
02:03:29.69,02:03:35.12,여러분 늘 말하지만 레바형은 그냥 뽑힌 걸 열심히 그려주는 것뿐인 거 이제 알잖아요?,
02:03:35.14,02:03:39.02,꼬우면 투표를 잘하셨어야죠 안 그래요?,
02:03:40.35,02:03:43.02,우우우우!,
02:03:44.90,02:03:45.20,탄핵해라!,
02:03:47.24,02:03:51.21,주 3일 그림 방송을 보장해라!,
02:03:51.23,02:03:51.65,푸딩을 두 개를 지급할 것을 보장해라!,
02:03:51.67,02:03:52.27,그 밖에도 이것저것 보장해라!,
02:03:52.29,02:04:09.73,내 아내임 미안해 빵빵단 집합 내가 한 번 사이 너희 지금 호박이들한테 진거냐 중대장은 너희에게 실망했다 나는 구한 거다 그림 방송을,
02:04:10.20,02:04:18.73,그림 방송 3년이면 뭘 내보내면 뽑힐지 보이게 되는 저주에 걸린다.,
02:04:18.75,02:04:35.53,레바형 방송 보면 미주주의 투표 제도가 얼마나 하자가 많은지 알 수 있음 젠장.,
02:04:35.55,02:04:38.81,시발 나 구독 안 하는데 구독권 준다잖아 이걸 어떻게 참아.,
02:04:42.67,02:05:08.49,큰 맘 먹고 오늘 먹을 밥 한 박 압수로 구워냈는데 포켓몬이 나와버렸어 와 엉덩이 진짜 못 참겠네 크크 와 시바 빵댕이 봐라 빵빵 뿌왕 골사이에 당수치기 마렵네 크크크 귀엽고,
02:05:09.55,02:05:12.46,얘는 콩중금리와 배곧나요?,
02:05:12.48,02:05:13.10,뒤에곧나요?,
02:05:17.42,02:05:37.67,얘도 티팬티 입히자 그게 꿀릴 듯 요즘 전쟁 때문에 방공무기 자산 재고 없다고 플라잉 포켓몬 그린의 치밀한 새끼 빵댐이 존나 크네 골반도 존나 커서 알존나 찰나켔다,
02:05:39.18,02:05:50.02,색깔 배색은 간단해서 좋네요,
02:06:08.80,02:06:22.85,자기 지휘시켜서 이것 뽑아놓곤 구독권에 매수당한 척 즉 얘는 남매 포켓몬인데 번식을 억해하나요?,
02:06:22.88,02:06:24.60,수컷이라곤 지효오빠뿐인데,
02:06:32.70,02:06:59.13,그림자도 그려주고 저런 디자인의 포켓몬은 뭐랄까 포장마차 불량식품 같은 거란 말이야 건강엔 안 좋지만 빨리 나오고 맛도 좋고 말이야,
02:07:03.10,02:07:08.11,원판은 골 없을 텐데 일부터 골 받으라고 골 그려놓은 거는 진짜 욕먹고 싶어서 그러는 거지?,
02:07:08.73,02:07:18.80,요즘 수명이 부족해 골 있던데?,
02:07:18.82,02:07:21.53,이거 엉덩이 골 아님?,
02:07:21.97,02:07:31.56,맞잖아 양날개 이렇게 있고,
02:07:33.11,02:07:35.69,와!,
02:07:35.71,02:07:35.85,엉덩이 봐라!,
02:07:35.87,02:07:49.31,진짜 저 엉덩이에 깔리면 램수면 24시간 확장이다!,
02:07:49.53,02:07:57.64,날아다니면서 저 큰 엉덩이로 짓눌러버릴 사냥감 찾을 관상처럼 생겼네!,
02:07:57.84,02:08:01.04,으으으으으으으으으으으으으으으으으으으으으으으으으으으으으으으으으으으으으으으으으으으으으으으으으으으으으으으으으으으으으으으으으으으으으으으으으으으으으으으으으으으으으으으으으으으으으으으으으으으으으으으으으으으으으으으으으으으으으으으으으으으으으으으으으으으으으으으으으으으으으으으으으으으으으으으으으으으으으으으으,
02:08:02.91,02:08:06.28,근데 왜 봐야 포박이랑 털박이랑은 다른 거냐?,
02:08:06.30,02:08:15.53,아니면 같은 취급인 거냐?,
02:08:15.79,02:08:15.89,뭐 어때?,
02:08:16.13,02:08:27.75,플라잉 엉덩이 존나 유쾌하자노 한자네 크크크 가짜 광끼와 시발 개꼴리네 헉헉헉 진짜 광끼여 이거 엉덩이 아니었어,
02:08:31.31,02:09:01.01,근데 레바형은 포켓몬을 그릴 때마다 제일 그리기 시간 없던 거랑 형이 딴 마음 품었을 정도로 제일 이쁘게 나왔던 게 뭐였어 야 솔직히 포박이 아니어도 라티아스는 10가는 아니냐 얘 인간 봉도 따로 있는데 저 앞에 두 개는 가슴인 시바 저 정도 크기면 불안은 해야겠는데에에에 존나 크네에에,
02:09:04.82,02:09:09.29,레바야 난 오늘도 너의 생방에서 자신감을 찾아간다.,
02:09:09.31,02:09:10.27,고마워 정말로.,
02:09:15.38,02:09:18.40,얘는 왜 페이몬한테 그런 것처럼 플라잉 오나오리라고 안 함?,
02:09:18.54,02:09:27.49,실망이야 형.,
02:09:27.51,02:09:27.69,저거...,
02:09:30.19,02:09:42.45,라티아스 뒷모습 찾는 방법은 의외로 간단한데 그냥 인겜 내서 자기가 꺼낸 짤을 찾으면 된다.,
02:09:42.47,02:09:43.13,이 쉬운걸.,
02:09:43.15,02:09:43.27,고백합니다.,
02:09:43.29,02:09:45.61,토박이 된 계기가 저 라티베카입니다.,
02:09:45.63,02:09:48.27,토박이 된 계기가 저 라티아스였어요.,
02:09:48.29,02:09:52.56,극장판에서 사람으로 변신해서 지우한테 키스하는 거 보고 진심캬.,
02:09:52.58,02:09:53.54,그 뒤로 픽시브를 봤죠.,
02:09:54.26,02:09:55.39,얘 그런 새끼야?,
02:09:57.24,02:10:05.71,랩바 아무리 당첨돼도 이 나쁜 새키야 포켓몬 광택내는데만 2시간 10분이나 하냐?,
02:10:16.24,02:10:26.05,진짜 엉덩이만 볼랑 올라와 있는게 진짜 뻘하게 웃기네 크크크하 캔맥주 맛이 좋다,
02:10:39.10,02:11:01.65,순산형 엉덩이 뭐야 해도 메타몽처럼 사람으로 변신해 그럼 좀 상황이 달라지는데 이거,
02:11:07.67,02:11:33.78,보치 동생 그릴 때는 어린이라서 쌉소리 안 하니까 레바도 이내 심심해져서 일부러 엉덩이로 그렸을 거라는 거임 이야 경치 좋네,
02:11:35.38,02:11:37.90,레바가 포켓몬 그림 좋아하는 이유.,
02:11:39.81,02:11:41.11,일 그림이 개빨리 끝난.,
02:11:41.13,02:11:45.71,이 그 짧은 시간 동안 다른 그림보다 천원 번치가 많음.,
02:11:45.73,02:11:51.80,상대 중 엉덩이 그려주면 다들 만족함.,
02:11:54.40,02:11:56.58,너 진짜 진심 이런 게 꼴리냐?,
02:11:57.75,02:12:00.65,그냥 씨발.,
02:12:00.67,02:12:02.69,장르는 아웃도어인가요?,
02:12:06.69,02:12:30.48,사랑해 승권아 너의 뽀야 너 얼굴이 좋아 너의 머리 스타일이 좋아 강동원도 유네즈 켄시도 닮은 내가 좋아 시청자들이 아무리 억까해도 예쁜 그림을 끝내 그려내는 내가 좋아 엉덩이 실룩실룩 표현과 끼잉끼잉 대사 추가해주세요,
02:12:32.42,02:12:45.81,나 오늘 기분 좋아서 나쁜 말 안 하려고 했는데 시바루 못 참겠다 야바루 새끼야 그려줘도 난리야?,
02:12:48.38,02:13:00.37,대사라도 넣어줘 이 ㅈㄹㅇ 얘가 얘 낑낑하고 울겠지?,
02:13:00.39,02:13:01.81,농크크한 그림에 만족스러워져서 대패 삼겹살 굽고 남은 기름에 김치까지 볶아서 가져왔는데 왜 또 시발 포켓몬을 그리고 있는 거냐?,
02:13:01.83,02:13:02.39,레바도 레바지만 왜 저게 투표수 1위를 찍은 건데?,
02:13:03.52,02:13:19.42,천원펀치로 3번 정도 패면 귀신같이 펠라도네온의 어디 프로그램 돌림?,
02:13:19.44,02:13:22.78,레바님 버튜버 그려주신다면서요 왜 안 그려주세요?,
02:13:22.80,02:13:30.17,참고로 레바 부캐 아님 아니야 실룩실룩은 좀 뻔해 음... 그거나 써야겠다,
02:13:31.10,02:13:44.07,오늘도 랩바 방송을 보면서 자존심을 올리는 중인데 그림이 너무 개꼴려서 굳이 자존심을 올려야 되나 생각이 드는 밤이네요.,
02:13:44.09,02:13:47.28,진짜 수줍은 한 명의 소녀 같다.,
02:13:47.30,02:13:57.63,뭔가 좋아하는 이웃집 포켓몬 오빠 짝사랑하고 있을 상임.,
02:13:57.65,02:13:58.97,아휴... 씨발... 내 인생...,
02:14:00.91,02:14:15.47,시발뿌자 들어가길래 뿌직이라 적는 줄 알고 개놀랬네 다행이다 레바야 했냐?,
02:14:15.49,02:14:15.57,했냐고!,
02:14:15.59,02:14:28.30,시이팔사드랑 패트리어트 재고만 있었어도 포켓몬 그리면 레바가 지은 이은 좋다고 훈탕친 레바도 포켓몬 좋아하는 거 맞음,
02:14:30.16,02:14:30.46,완벽하네.,
02:14:32.30,02:14:35.90,나 가슴에서 울화가 터지는 느낌이 뭔지 지금 제대로 느끼고 있어.,
02:14:36.14,02:14:40.93,그게 화나네 진짜.,
02:14:40.95,02:14:42.01,더근하다고?,
02:14:42.03,02:14:43.61,벌써 허리가 나갔다고요?,
02:14:43.63,02:14:58.07,행위는 아 아닙니다.,
02:14:58.09,02:14:58.31,아무튼 다 그렸고요.,
02:14:59.69,02:15:29.24,형 항상 예쁜 그림 그려줘서 고마워 1번 2번이 인기가 너무 없네요 뭘 자꾸 불판을 갈지 일단은 저는 한 판 한 다음에 다 투표수가 너무 저조한 것만 빼고 다시 그 아래서 재투표를 합니다 보통,
02:15:33.47,02:15:33.97,추첨!,
02:15:37.48,02:15:38.88,아그레스 타키오님!,
02:15:40.46,02:15:51.45,제발 걸려라 제발 축하해요 형 경주마 신청 가능해?,
02:15:51.47,02:15:59.11,진짜 말을 그려달란 거야?,
02:15:59.14,02:16:00.90,나 말 못 그려 이왕이면 사람으로 해주세요,
02:16:03.04,02:16:29.97,안되면 바스트 83D 컵 수영복 다키온 해줘 진짜임 다키온 우진마 츠치아님 오메데토 오,
02:16:32.94,02:16:36.69,걸렸다 드디어 유 어떤 걸 원하세요?,
02:16:37.07,02:17:02.22,사쿠라이 미역 얘도 꽤 그리긴 했지만 뭐 그러달라면 또 추가해 줘야지 호시농농농농님,
02:17:11.36,02:17:36.04,오우 안돼 역변 퍼진다 하이미야 선배 기기 하이미야 선배 그림체가 딱 봐도 백합인데?,
02:17:36.10,02:17:36.56,아닌가?,
02:17:39.58,02:17:50.97,약간 공격수 쪽 백합 인물 느낌인데 백합 아니야?,
02:17:50.99,02:17:51.05,그래?,
02:17:51.07,02:18:05.89,레바야 투표 때 화장실 가봐 나도 할 말이 있어 크크크크크크 구독자 전용이 매일 묻히니 슬프다 유유 원하네?,
02:18:06.68,02:18:17.44,오바데이터 신도라에몽 13기 12화 A파트 늑대인간 크리... 감사합니다 어떻게 알아 내가 그렇게 하면 뭐 이 씨발 도라에몽 회차를 찾아봐야 돼?,
02:18:17.46,02:18:33.46,그냥 늑대인간 이슬이 쳐볼게요 안 나오는데?,
02:18:33.54,02:18:34.46,안되면 패스,
02:18:39.42,02:18:49.17,늑대 인간으로 변신하는 게 있음 딴 거 추천해!,
02:18:49.25,02:18:50.33,개자식!,
02:18:54.25,02:19:02.72,뭔가 했더니 이런 것도 찾아보게 만들어?,
02:19:07.86,02:19:09.20,오케이 아가리 개님!,
02:19:13.59,02:19:21.42,제발 나다 오베데이터 유우 다행이네 그정돈가?,
02:19:21.74,02:19:41.40,아무튼 축하해요 혀우 이제 핀거야 강진님 갑자기 여있습니다요,
02:19:44.25,02:20:01.87,갑자기 존나.,
02:20:01.89,02:20:11.18,"6, 7, 8.",
02:20:11.20,02:20:11.64,투표 시작했습니다.,
02:20:11.66,02:20:13.46,야 눈친 챙겨 합방 상대야.,
02:20:15.77,02:20:24.35,그 제가 여러분 당선되면 그 그겁니다.,
02:20:24.60,02:20:24.96,암튼 그겁니다.,
02:20:50.03,02:21:19.48,와 브라만 4개 그 이건가요 이번에 뽑히는 그분과 블루님과 배그 합방인거죠 이런 떡밥을 이렇게 부캐로 알리다니 추해요 레바님,
02:21:23.54,02:21:32.10,우리 회담 전에 무력도 말해도 괜찮은 걸까?,
02:21:32.12,02:21:44.45,드라마는 음악대 차하하하 여러분 N자가 걸린다면 이번 그림 내내 와비를 하겠습니다 뭐 선거 활동하고 있었어?,
02:21:49.14,02:22:11.13,자 200표가 넘어가는 상황에서 지금 30초 남았습니다 솔직히 N자 좀 뽑아주자 N자 좀 보고 싶다 진짜 N자 N N자 이십 따라라란,
02:22:17.11,02:22:26.26,"6, 5, 4, 3, 2, 1.",
02:22:26.28,02:22:26.50,"아, 또 점수 4번.",
02:22:26.52,02:22:28.98,"레바 형, 나 레바 형이 그리고 싶다고 한 거 뽑았어.",
02:22:29.00,02:22:33.43,칭찬해줘.,
02:22:33.45,02:22:35.05,내가 전술학 떨어뜨렸지.,
02:22:35.35,02:22:38.91,프라들 다 나가.,
02:22:38.93,02:22:39.01,음...,
02:22:47.72,02:22:51.36,어떤 룩으로 그리지?,
02:22:51.38,02:23:12.05,여러분 졌지만 감사합니다 암튼 야짤은 제가 보겠습니다,
02:23:13.37,02:23:27.19,4번 분 대충 심하게 그리면 고소든 합방이든 뭐가 됐든 저쪽에서 먼저 연락 오지 않을까요?,
02:23:27.21,02:23:33.32,그 강사장 시발 이러고 하는 걸로 그려주면 안됨,
02:23:35.19,02:23:38.41,레바야 이게 맞는 거냐?,
02:23:38.43,02:23:46.24,강진님은 이미 그 말 안 해도 알잖아 블루님이 배그 합방판 깔아주는 은혜를 이렇게 배신해도 되는 걸까?,
02:23:46.26,02:24:03.54,늦지 않았다 뭐 아직 들이지도 않았는데 난리야 지댔다 통발 설치된다 아니 잠깐만 다섯 번이 강진님인 줄 아,
02:24:07.54,02:24:31.64,하도 버튜버 버튜버 노래를 부르니까 바로 뽑아준 거 봐라 역시 레바 생각하는 건 레코담 밖에 없다 근데 이거 잘못하면 통달 터짐 뭐 레바 형이 알아서 잘 그려주겠지 설마 청렴결백한 레바 형이 버튜버고 합방 대상인데 뭐 이상하거나 욕망을 드러내겠어?,
02:24:31.66,02:24:36.45,그냥 평범한 팬아트겠지 난 당연히 멀쩡하게 예쁘게 그리지,
02:24:37.32,02:24:38.74,여러분 안심하셔도 됩니다.,
02:24:39.00,02:24:47.07,강진님 시테토라 에겟네바가 통발 설치한다고 걸릴 사람 아닙니다.,
02:24:47.09,02:24:58.13,막상 뽑아줬더니 뭘 망설여 빨리 그려줘.,
02:24:58.79,02:25:04.69,대체 난 강진이라고 인사도 나갔다고.,
02:25:06.82,02:25:11.84,속보 김파랑 다음 합방 멤버로 사낭자 팟 모을 것!,
02:25:11.86,02:25:14.79,타협은 없다 선언!,
02:25:14.81,02:25:21.19,대체 전 스텔콘을 갔었잖아요.,
02:25:21.21,02:25:25.38,레바님 멀리 못 나갈 것 같습니다.,
02:25:25.40,02:25:31.08,그럼 이만.,
02:25:31.10,02:25:34.51,근데 너 왜 목소리에 떨림이 있냐?,
02:25:34.53,02:25:34.65,뭔 소리야?,
02:25:36.48,02:26:06.46,한 번 그려봅시다 강지님 유튜브 썸네일 중에 단추 터지는 거 있는데 그거 그리자 그래 시바 오늘 함 가보자 가보자 병멸하는 눈으로 그려드리겠습니다,
02:26:07.62,02:26:26.31,"강지 드로잉 타임라인 2025년 1월 11일, 11월 8일, 11월 15일 총 3회 근데 레바 이젠 만나지 않은 버튜버가 몇인지 세는 게 빠르지 않냐?",
02:26:26.33,02:26:36.12,레바 자식 내가 콘서트 끝나면 솔깃솔깃하면서 다가가면 따르르 웃으며 받아준다는 꿀팁을 알려줬더니 그대로 써먹었었나 보구나 뭔 소리야?,
02:26:41.06,02:27:09.80,스트리머 대기실에서 인사를 나눴었죠 대기하다가 저기 서코 앞에 열리길래 구경 갔다오고 하아랩바님 제가 누누이 저희 애들 그릴 때 하아 아니에요 적당히 부탁드립니다 그러니 제발 애들 괴롭히지 마세요,
02:27:17.04,02:27:39.62,전 그날에 집에 친구가 기다리고 있어서 회식 안가고 바로 집에 왔어,
02:27:58.79,02:28:21.32,음... 저 멀리 여수에서 올라온 친구가 우리 집에서 기다리는데 나 혼자 냅다 회식으로 갈 순 없잖아 그날 친구는 모르겠고 갔다 와서 방송 켠 건 기억함,
02:28:23.16,02:28:27.27,블루님은 형이 구독자 봐야 한다고 빨리 간다 했었던 것 같은데 거짓말이었어?,
02:28:29.39,02:28:40.29,나 운다 흑흑 그런 말은 안 했는데 근데 방송도 했잖아 실제로 집에 방송을 기다리고 있는 우리가 있었으면 회식 안 가고 집에 왔을 거야,
02:29:01.31,02:29:22.49,오오오 오오오,
02:29:23.30,02:29:47.31,저 일본 브이스포의 요네즈 켄시 닮은 만화가라고 통발노타가 벤당했는데 3대 처리 가능한가요?,
02:29:47.89,02:29:52.38,땡땡아 오늘 배그 꿀팁 알려줘서 고마워 나도 하나 알려줄게 던파라고 마리아우,
02:29:52.70,02:30:08.37,응 이게 스피파이어인데 응 응 뭐라는 거야 이 새끼들 야 댓글 보니 그럼 강진이 머리 흰색이면 K냐?,
02:30:08.39,02:30:20.13,혹시 그때가 이번에 극비리에 새로운 메뉴 개발했다고 먼저 맛보게 해줬더니 라이브로 레시피 까발리라고 했던 나를 말하는 건가요?,
02:30:20.15,02:30:21.71,얼굴에 그림자 짓게,
02:30:25.62,02:30:28.74,쿠도가 격렬하는 눈빛 끝에 레바님이 계시네요.,
02:30:29.86,02:30:53.59,레바님 개인적으로 사심 채우기인 건가요?,
02:30:53.61,02:30:53.69,아니요.,
02:30:53.71,02:30:54.01,이렇게 하고 귀 그려주고요.,
02:31:05.28,02:31:29.87,호잇 호잇,
02:31:35.38,02:31:47.34,승권 나의 캡틴 버밋의 글을 인정한다.,
02:31:47.36,02:31:47.48,뭐 뭐 뭐?,
02:32:19.02,02:32:44.47,여기 이제 일본 회사 산하로 들어갔던데 고소 당하면 일본 본사한테 당하려고 한국 회사한테 당하려고 궁금하다 뜬금없지만 레바야 오늘 통장 정리했는데 매일 몇만원씩 돈에 충전한거 보고 좀 현타가 왔어 대강 너한테 보낸건데 미안한데 환불 좀 해주면 안될까 뭐?,
02:32:46.13,02:32:46.82,안돼 자기야,
02:32:54.15,02:33:23.17,본의 누구보다도 자존심을 버리는 남자 혼자만 도망칠 생각 하지 말 것,
02:33:27.25,02:33:56.83,뭔 돈에 무슨 은행이냐 그럼 난 2천만원 들어오는 거냐 크크니 돈 방송 끝나면 버튜버 돈에 회장 먹을 비용으로 들어갈 예정임 만원 환불 이꼬르 자기야 왜 그래 백만원 이상 환불 이꼬르 크로마키 꺼내고 정장 입고 죄송합니다 음...,
02:34:00.49,02:34:19.90,피하고 속눈썹 라인 다듬어주고 자기야 그러면 안 돼,
02:34:27.40,02:34:47.03,오 환불 받을 거임 그럼 후기 좀 나도 받아보게 라고 할 뻔 자자레바가 자기야라고 불러주는 경우 방송 볼 때 본거나 퇴직금 나왔다 했을 때 월급날이라 할 때 돈 주면 자기야라고 해주냐 물었을 때 돈 주면 해준 방금처럼 환불 부탁할제,
02:34:55.74,02:35:00.82,난 저번주에 퇴사했는데 레바형 주려고 오늘도 충전했다 나 잘했지?,
02:35:04.33,02:35:24.83,승권 하나는 환불 대신 나 불친하면 구독권 하나만 주라 내 버킷 이스티 몇 백만원 천원 펀치하면서 90%는 무시당했는데 환불 얘기는 하나도 안 놓치고 다 봐주네 캬 ㅅㅂ 자기가 몇 명이냐?,
02:35:28.31,02:35:39.01,형나 레바형한테 도내하려고 중사 전역했는데 재입대 신청했다 다음주에 결과 나와 뭐?,
02:35:39.03,02:35:42.48,고생 많으시네요 형나 통장에 돈 없는데 신용카드로 충전할까?,
02:35:42.98,02:35:43.67,고민이 된다,
02:35:47.87,02:35:54.79,오 뭐야 환불 요청 타이밍 그러면 나도 18개월 구독자랑 여태 도내한 비용 500만원 가까이도 환불 가능할까?,
02:35:54.81,02:36:17.79,지금이라도 주식에 몰빵해보고 더 벌면 그때 다시 구독할게 흐흐 근데레바 너무하긴 한해 몇만원 환불은 자기야 진정해 이러는데 배그 30억 미션은 미친 새끼라고 욕함 유 아니 그건 성공 가능성이 너무 높잖아 아무한테나 자기야 자기야 그을레 같은 놈,
02:36:21.83,02:36:25.98,자기야 나 속스 마이너스 30%인데 환불 좀.,
02:36:26.00,02:36:26.12,미친 거야?,
02:36:26.48,02:36:28.65,속스 산 사람이 누가 있나 했더니 여기 있었네.,
02:36:28.89,02:36:38.60,솔직히 구독했는데 주 2회 방송하면 환불 마렵긴 함.,
02:36:38.62,02:36:46.40,손에 장갑이 있었나?,
02:36:46.42,02:36:46.50,아니네.,
02:36:46.52,02:36:47.00,약간 가볍게 후드 같은 거 입은 걸로 할까?,
02:36:50.81,02:37:18.45,갑자기 씨발 분위기 왜이래 도네를 하냐마냐로 씨발 왜 지랄이야 갑자기 존나 갑자기 서러워졌어요,
02:37:26.70,02:37:55.00,형 사랑해 아이 고마워요 그거 그냥 자기야 듣고 싶어서 WWE 하는 척 하는 거임 고마워요 솔직히 니가 자기야 불러주는 게 환불 이야기 뿐이니까 그래 평소에 자기야 자죄해줘,
02:37:59.10,02:38:28.50,괜찮아요 여러분 전 24개월 구독해서 11만원 썼지만 구독 리액션 해준건 단 3번이니까 여러분도 할 수 있어요 화이팅 나한테 사랑한다고 해 고마워요 시발란 지은이은 병신이라서 레버한테 2000만원 썼냐 내가 현타와야지 너희가 현타오면 어떡하냐,
02:38:29.17,02:38:36.66,아 그렇게 참... 아니... 감사한데요?,
02:38:37.51,02:38:43.13,서로 자기 피할하는 시간은 갖지 않는 게 좋다고 생각해요.,
02:38:43.15,02:38:44.10,난 도내한 거 후회 안 해.,
02:38:44.29,02:38:44.90,환불도 안 해.,
02:38:44.92,02:38:49.90,그러니까.,
02:38:49.92,02:38:49.98,알지?,
02:38:50.00,02:38:55.87,근데 슈벨 지금 그리는 분이 그 풀 순 없잖아.,
02:39:00.15,02:39:04.92,"서러워해야 하는 건 구독 메시지, 후원 메시지 대부분 무시당해버린 시청자들 아닐까요?",
02:39:04.94,02:39:09.36,라는 나쁜 말 노노의 그림 집중하다 보면 못 볼 수도 있는 거야 그치 레바님?,
02:39:09.38,02:39:29.74,잠깐만 손을 반대로 그렸어 근데 어차피 내가 좋아서 후원하는 건데 보상심리 없긴 함 형한테 도내하는 게 내 스트레스 해소 중 하나임 그러니 건강만 해다오 겸사겸사 자기야도 아이 고마워요 그래 버트버 그려서 우리가 일이 심심해,
02:39:34.87,02:40:03.73,나한테 사랑한다고 해 질착방공간데 사랑해요 버티고 통발 놓은다고 업가당할 때 살짝 불쌍해 보였는데 다른 그림보다 정성 들이는 거 보면 업가 아닌 거 같아 뭔 소리야 나 다리 열심히 그리는데 승권이가 주방송 2회씩 한 달에 8번만 방송을 해줘 그림 추첨 8개 하면 구독자 추첨 2개에서 1개씩만 넣어줘 승권이는 다 해줬잖아 뭐가 문제야 다 해줬잖아 안 그래?,
02:40:03.75,02:40:03.79,크크,
02:40:06.71,02:40:18.43,리액션하면 환불신청함!,
02:40:18.67,02:40:27.54,레바돈나 해방구하고 싶다 손 잘못 그렸으면 코끼리 코하는거로 그렸으면 감다살 이었을텐데,
02:40:30.40,02:40:33.99,껴 그림을 너무 잘 그리세요!,
02:40:34.01,02:40:34.09,아이코!,
02:40:34.61,02:40:56.22,만원 누워!,
02:40:56.24,02:40:56.36,행복하세요!,
02:40:56.38,02:40:56.50,환장하세요!,
02:40:56.52,02:40:56.64,기룩 기룩!,
02:40:56.66,02:40:56.76,고마워요!,
02:40:56.78,02:40:56.90,감사합니다!,
02:41:01.55,02:41:26.28,이 클래식 이름 뭐냐고?,
02:41:26.30,02:41:29.38,레바도 이렇게 열심히 사는데 나도 열심히 살아야겠다,
02:41:30.78,02:41:52.43,감사합니다 이것도 클래식 모음집이라서 이거 설정이 설마 콘서트에 온 팬중에 샤워 안한 사람이 있어서 이렇게 된 뭐 그런거임?,
02:41:52.45,02:41:58.76,아니요 그냥 이런 느낌이 뭔가 잘 어울림,
02:42:04.29,02:42:26.19,강사장!,
02:42:27.37,02:42:27.70,레바님!,
02:42:28.58,02:42:28.68,퇴근시여!,
02:42:28.94,02:42:29.04,냄새나요!,
02:42:32.88,02:42:56.63,민들레바가 5만원 리액션할 때 그 순간 확대해서 보면 개꼴림 꿀팁임 뭔데 무례한 자식 이렇게 하고 채색을 해봅시다,
02:43:08.30,02:43:15.51,와 환불한다고 하면 랩바가 자기야 하면서 환불신청자한테 버튜버처럼 통발 설치하네.,
02:43:15.53,02:43:23.32,랩아야 나한테 자기야라고 안하면 나도 환불신청할래.,
02:43:23.34,02:43:23.50,자기야 고마워.,
02:43:23.52,02:43:31.26,아이고 너무 고우시네.,
02:43:35.29,02:43:58.36,이제 이 그림이 강지님에게 퍼지고 왜 이런 느낌이냐 물어보니 사람들이 하는 말 레바님이 강지님은 이런 느낌이 어울린데요 라고 하는 상상함 형아 나한테도 자기야라고 해줘,
02:44:02.05,02:44:30.12,눈동자 검정이니까 어울리냐 크크크 그리고 옷은 살짝 더 약간 검은색 빌로 그리고 이너 컬러,
02:44:33.62,02:44:41.41,나는 배그는 못하지만 패딩은 프로급임 ㅇㅇ 그러니까 래빠 형 알지?,
02:44:42.47,02:44:59.38,남자지만 결혼해줘 싫어 하지만 그 마음씨는 받아주겠어요 래빠님 그 선어 그리고 미세 까는 거 어떻게 하는 건가요?,
02:44:59.63,02:45:11.70,그냥 전체 톤 깔고 그 위에 채색하는 건데?,
02:45:14.38,02:45:14.72,이거 레이어 하나예요.,
02:45:14.92,02:45:17.57,얼굴 쪽에 그림자 넣어두시면 안 될까요?,
02:45:27.86,02:45:52.73,그래갖고 오버레이로 속눈썹을 좀 더 붉게 해줘도 되게 느낌이 괜찮을 것 같아요,
02:46:04.07,02:46:26.87,하아... 승권씨 씻고 오라고 말했잖아요!,
02:46:29.59,02:46:56.44,자고 오버레이,
02:47:02.48,02:47:26.44,아멘 아멘,
02:47:38.79,02:48:04.77,이제 그림자를 깔아 볼게요,
02:48:11.11,02:48:34.15,와씨 집중해서 그림 그리는 거 세상 왜 이리 섹시하냐?,
02:48:34.17,02:48:39.93,고마워요 온갖 음해에 시달리면서 그림까지 잘 그리는 레바를 본 버튜버는 절대 퉁발에서 벗어날 수 없을 것이다,
02:48:41.84,02:48:49.77,"하, 그래.",
02:48:49.79,02:48:51.09,이거야.,
02:48:51.11,02:49:08.35,감사합니다.,
02:49:13.24,02:49:17.49,안 거절당했냐고?,
02:49:18.17,02:49:26.51,이렇게 하고,
02:49:45.44,02:50:02.00,강지님이 레바 배그 실력 냄새나서 합방 거절함.,
02:50:15.39,02:50:44.27,여기서 세격 선택 레이어 하나 더 깔고 머리카락 쪽 그림자를,
02:50:48.45,02:51:17.50,우리도 사장님이긴 해 랩바 스튜디오 사장이시지 고마워요 근데 이렇게 그림 후 의문의 배그 합방 무산되면 다음 방송 때 랩바 수염 더부룩 나있고 벽에 구멍 나있고 의자 받침대 한쪽 벗어져있고 소주병 뒹굴어놓을 듯,
02:51:24.19,02:51:29.53,이제 머리카락 쪽에도 그림자를 좀 집 오늘 추가 합시다,
02:52:05.38,02:52:24.24,근데 벽에 구멍이 날 정도면 아니다.,
02:52:24.26,02:52:24.32,그리고,
02:52:44.75,02:53:07.65,눈 밑 음영을 확실하게 까는 것도 괜찮겠는데 애매하게 까는 것보단 그리고 잔머리 그려줍시다,
02:53:14.00,02:53:27.59,왜 이렇게 고퀄이냐고?,
02:53:27.61,02:53:28.43,이게 더 고퀄인데요?,
02:53:44.34,02:53:59.41,아니 아리스가 크면 저리 되는 거임 너 지금 강진님이 포켓몬보다 못하다는 거냐 왜 그렇게 해석이 되는데,
02:54:22.36,02:54:49.61,이쪽 머리가 좀 더 풍성하면 좋겠는데,
02:54:54.29,02:54:58.54,형 저녁 아직이라면서 배 안고픔?,
02:55:09.06,02:55:13.09,네 아직 배는 고프지 않네요 그리고 장머리선 레이어 빼주고,
02:55:39.14,02:55:58.56,여기에서 멈췄어 오케이,
02:56:08.40,02:56:24.16,그라데이션 톤으로 흠흠흠,
02:56:42.00,02:57:04.95,이렇게 하고 됐다 음,
02:57:13.47,02:57:34.52,근데 사람 모여있는 곳에서 내가 방귀 띄고 안 들키려고 코마가 본 적 한 번쯤 있지 않음.,
02:57:49.87,02:57:50.73,감사합니다.,
02:58:19.97,02:58:47.63,이러고 나서 선을 빼주면 할머니 집에서 레바 방송 보면서 키죽거리다가 사촌동생이 뭐 보냐고 허고길래 바로 유튜브 보는 척 하고 와서 잘했지,
02:58:58.45,02:59:22.62,근데 뭔가 아래로 바라보는 각도라 그런지 머리에 비해 얼굴이 크게 그려는 느낌이 있네 음 그건 제 그림 특징이긴 해요 일단 얼굴부터 보통 그려가지고 얼굴이 거의 주 메인으로 그러면 조정을 좀 할까요?,
02:59:32.03,02:59:56.62,됐다!,
03:00:00.77,03:00:12.95,이쪽 톤을 확 빼는 게 낫겠다 달라진 거냐고요?,
03:00:13.79,03:00:20.67,좀 미세 조정했습니다 얼굴형을,
03:00:37.25,03:01:04.15,정답 지난번 스텔콤 관련 레바가 새치어 놀려서 강지님이 쿠사리 할 때 표정 근데 정말 무서운 게 배그 합방 때 강지님이 레바 배그 실력 보고 저희 어머니보다 실력 안 좋으신데요 라고 할까봐 무섭다,
03:01:07.78,03:01:36.03,예쓰 다 그렸어요 흐음 흐음 흐음 흐음 흐음 흐음 흐음 흐음 흐음 흐음 흐음 흐음 흐음 흐음 흐음 흐음 흐음 흐음 흐음 흐음 흐음 흐음 흐음 흐음 흐음 흐음 흐음 흐음 흐음 흐음 흐음 흐음 흐음 흐음 흐음 흐음 흐음 흐음 흐음 흐음 흐음 흐음 흐음 흐음 흐음 흐음 흐음 흐음 흐음 흐음 흐음 흐음 흐음 흐음 흐음 흐음 흐음 흐음 흐음 흐음 흐음 흐음 흐음 흐음 흐음 흐음 흐음 흐음 흐음 흐음 흐음 흐음 �,
03:01:41.29,03:02:06.47,"50, 60, 70, 80, 90, 100 150명에서 커트하도록 하겠습니다 주첨 블루 앰버님 오마이데이터",
03:02:13.83,03:02:39.89,아주 몽환적인 닉네임이군요.,
03:02:49.25,03:03:07.67,오 드디어 과연 무엇을 원하시나요?,
03:03:07.89,03:03:12.82,니케 아니스 새로 나온 걸로 부탁드려요.,
03:03:13.38,03:03:13.60,새로 나온 게 뭔데?,
03:03:17.82,03:03:21.04,아니스 스타?,
03:03:21.32,03:03:38.80,아 그리고 저번에도 항목에... 항목에도 올라왔었던 캐릭이네 순결님!,
03:03:38.88,03:03:44.79,어떤 걸 원하시나요?,
03:03:48.02,03:04:17.59,은란 999요 은란은 방금 전에도 항목에 있었던 터라서 다른 걸 골라주시면 더 좋겠습니다 예 전 이미 뽑았어요 에바네시아요 에바네시아 그러게 에바네시아도 나오면 뽑아야 되는데,
03:04:21.81,03:04:42.84,활라캐들이 너무 쏟아져 나와서 나온 대로 뽑아야 될 것 같은 그런 기분이야 오리소금구이님 나올 수도 있지 있는 컨텐츠 그래도 다 즐기는데 왜,
03:04:52.30,03:05:14.78,니케 리버렐리오 신스킨 니케 리버렐리오 신스킨이라고 하면 뭐라고 해야 돼?,
03:05:14.80,03:05:14.88,이건가?,
03:05:19.91,03:05:26.92,저 방금 왔는데 이분 스텔라이브랑 합방하려고 예비 장인한테 낚시대랑 비싼 양주 로비한 게 사실인가요?,
03:05:27.66,03:05:28.94,어디서 그런 말이 나왔어요?,
03:05:29.82,03:05:48.23,적도공방님 오 엔드필드 질베르타요 엔드필드 질베르타 부탁드립니다,
03:05:57.51,03:06:08.22,1 2 3 4 5 킹킹감자님,
03:06:23.73,03:06:27.79,뮤엘러리 사슴벌레 초록색 뮤엘러리 사슴벌레?,
03:06:29.36,03:06:31.54,되나요?,
03:06:31.56,03:06:51.34,이왕이면 다른 걸 추천해주시는 게 좋은데요 멋있게 생기긴 했는데요 굳이 되게 되게 디지몬 같다 블루 아카이브 에리카요,
03:06:53.16,03:07:16.92,블루아카이브 에리카 유 구독자 추첨 레이바사님,
03:07:23.74,03:07:29.25,와.,
03:07:29.27,03:07:29.37,키위.,
03:07:29.39,03:07:29.45,키위?,
03:07:30.07,03:07:34.36,되나요?,
03:07:34.38,03:07:34.88,그 시발.,
03:07:35.42,03:07:36.42,거기에 나오는 키위요?,
03:07:38.84,03:07:40.17,산이 양이에요?,
03:07:40.19,03:07:40.35,아니요.,
03:07:40.93,03:07:41.55,다른 거 추천하세요.,
03:07:41.89,03:07:44.33,산이 양.,
03:07:44.35,03:07:44.41,키위.,
03:07:44.59,03:07:45.47,너무 많이 그렸어.,
03:07:54.52,03:08:24.10,짐승 새끼들은 이걸로 만족하세요 어딨어 그럼 여기 있다 패스 패스 아주 뚝심이 있군요 아 아메렘님,
03:08:30.87,03:08:37.01,"와, 오랜만.",
03:08:37.03,03:08:37.27,오베레터.,
03:08:39.15,03:08:42.50,소전2 소프.,
03:08:42.84,03:08:45.74,소전2 소프.,
03:08:45.76,03:08:46.14,"어, 존나 무섭게 생겼어.",
03:08:46.16,03:08:50.45,하지만 이게 추억이지.,
03:08:52.13,03:08:58.95,물음표.,
03:08:58.97,03:08:59.31,나 무섭네.,
03:08:59.33,03:09:00.00,소전2라고.,
03:09:00.57,03:09:23.69,오케이 오케이 손모차 귀여워 이거 정확하게 있는 일러가 따로 안 보이냐 이건가?,
03:09:24.19,03:09:29.68,아니 이건 N이야 아니 N이고 뭐고 일단 같은 캐릭터잖아,
03:09:31.60,03:09:57.39,"나무위키바 길어 이 씨발 1,2,3,4,5,6,7 마지막",
03:10:01.72,03:10:31.49,조조님 오랫만이네 농농 둘로는 부족할 것 같아 한 명 더 채워주기로 했습니다 명일방주 엔드필드 로시 인사해 우리집 강아지야,
03:10:32.15,03:10:33.72,이쁘게 생기긴 했네,
03:10:54.15,03:11:23.30,자 1번 2번 3번 4번 5번 6번 7번 8번입니다 하이머 150초 스타트,
03:11:26.67,03:11:32.70,"자, 7번이 앞서가고 있는 가운데 바로 뒤집히기 시작합니다.",
03:11:33.10,03:11:53.92,한 표 한 표가 나름 균등하게 올라가고 있어요.,
03:11:53.94,03:11:54.28,몇 푼 거리였지?,
03:11:54.30,03:11:54.34,어.,
03:11:54.36,03:11:54.56,현장만 9개 아냐?,
03:11:54.58,03:11:55.98,리버렐루가 상당히 세 보였는데 의외네.,
03:11:58.88,03:12:14.83,동수 생각보다 인기 없네 유 리버렐루라 그런가,
03:12:23.74,03:12:25.76,아 내가 걸렸으면 내 최애캐를 비껍니다.,
03:12:26.29,03:12:36.50,폄하하는 레바형을 위해서 요즘 인기 많은 리제로의 샤올라를 신청하려 했는데 까비.,
03:12:36.52,03:12:45.33,10년간 미실장 예정인 에리카 과연 여기에서라도 당선될 수 있을 것인가.,
03:12:45.39,03:12:47.23,4번 주구사 실장 아람 에리카.,
03:12:51.53,03:12:56.82,시청해주셔서 감사합니다.,
03:13:19.98,03:13:30.86,에리카가 뽑히면 에리를 그리는 게 캐릭터성의 완성 아닐까?,
03:13:30.87,03:13:30.94,에차!,
03:13:30.95,03:13:31.04,로시야!,
03:13:31.05,03:13:34.26,제발 나를 물어뜯어다오!,
03:13:34.28,03:13:48.59,밤이 깊으니까 좀 더 캠이 어두워졌네?,
03:13:48.61,03:13:48.91,3 2,
03:13:49.63,03:13:56.00,1 아 아슬아슬하게 8번 아슬아슬한 건 아닌가?,
03:13:57.26,03:14:00.17,아무튼 높은 표차로 뽑혔습니다,
03:14:19.40,03:14:48.92,니키가 둘이라 분산됐네 복장은 은근히 간단간단하게 생겼네 오늘 포켓몬까지 포함하면 농만 4개째네 건강식 미쳤다 그냥,
03:14:57.47,03:15:00.05,엔드필드는 처음으로 방송된 거 아닌가?,
03:15:00.57,03:15:21.66,이걸 로시가 해냈네?,
03:15:32.29,03:15:49.28,이렇게 하고 눈썰미가 되게 두껍네요 에리카는 또 졌어요,
03:15:56.13,03:15:58.69,그래서 N쌤들 쟤는 어떤 성격인가요?,
03:15:59.55,03:16:22.42,엉덩이 한 대 쳐주면 냅다구간 때려버리나요?,
03:16:22.44,03:16:24.94,음... 막 주인공 넘어뜨리고 킁킁거리면서 냄새 맡음,
03:16:34.30,03:17:03.31,살짝 좁혀주고 음...,
03:17:05.65,03:17:32.89,캐릭터 디자인 자체가 되게 잘 뽑히네요,
03:17:36.25,03:18:02.34,야공 이번엔 채색 말고 좀 흑백 스타일로 그리는 것도 잘 어울리겠는데 음,
03:18:10.03,03:18:13.68,흑백그림 강의해달라고?,
03:18:14.52,03:18:36.58,글쎄요 그냥 드로잉이나 흑백그림이나 나는 묘사하는 게 크게 차이 없어서 음...,
03:18:54.75,03:19:17.91,그럼 채색 안 해도 안 삐지겠네 밀도가 높은 캐릭터는 흑백으로 묘사하는 게 좀 더 눈에 잘 띄고 좋아서,
03:19:26.27,03:19:31.95,일단 그려보고 뭐 스타일 보고 흑백으로 할지 채색으로 할지 정해보겠습니다,
03:19:52.56,03:20:02.24,블라 캐릭 채색 빈도가 높은 이유도 블라 캐릭 디자인의 밀도가 낮아서 그런거니 그쵸?,
03:20:02.26,03:20:12.06,은근히 블라 캐릭터나 채색까지 안하면 은근히 다른 캐릭터라 헷갈릴 경우도 많아요 색깔로 거의 구분하는 경우도 많아서,
03:20:34.75,03:21:00.93,음음음,
03:21:05.09,03:21:22.56,뭐 아는 거 아니야 그러면?,
03:21:48.87,03:22:18.49,엥 빨간망토 컨셉없는겜 찾기가 더 어렵지 않나,
03:22:23.43,03:22:52.05,빨간망 후드를 또 그려줘야겠죠,
03:23:02.48,03:23:21.87,귀 그려주고 후두부터 그린 다음에 귀를 그려줍시다,
03:23:25.12,03:23:50.57,으 으 으 으,
03:23:56.31,03:24:14.35,저런 스윙기 캐릭터들은 볼방구 부르릉 해주면 귀 살짝 접히는 게 너무 귀엽더라.,
03:24:14.37,03:24:14.79,그런 속성이 있어?,
03:24:14.81,03:24:21.04,"레바야, 참고로 우리 로시 흰색 호박바지 입고 다닌다.",
03:24:21.06,03:24:21.34,치마가 자주 뒤집어지거든.,
03:24:21.36,03:24:23.68,자우처럼 이쁘장하게 그려줄 거지?,
03:24:23.70,03:24:23.78,하하하!,
03:24:26.60,03:24:55.73,노력해보겠습니다 자옥 그릴 때 팬티도 안 그렸는데 그럼 그런 거지 믿는다,
03:25:05.38,03:25:34.78,엔드필드는 또 한 걸음 나아갔어.,
03:25:46.97,03:26:14.11,글쎄요,
03:26:17.30,03:26:36.39,남캐를 잔뜩 나오는 그런 게임류에도 하나씩 있지 않을까?,
03:26:36.41,03:26:43.88,엔드필드 처음 나왔을 때는 딱히 N평은 젠평만큼 심하진 않구나 생각했는데 유튜버 한 사람이 압도적인 N평을 보여줘서 다 물들었어,
03:27:11.45,03:27:13.97,박수소리 뭐냐고?,
03:27:13.99,03:27:16.97,클래식 모음집이라서 연주하는 소리가 들리나봐요,
03:27:42.55,03:27:43.48,건강박수,
03:28:14.07,03:28:39.74,허허 이거 참 엉덩이 보고 순간 손바닥을 쫙 펴버리고 말았습니다.,
03:28:45.22,03:29:00.23,오오오오,
03:29:24.93,03:29:40.05,자세가 맘에 드는구나 오오코코코 크하하하 접산지 맵고 짜고,
03:30:14.95,03:30:18.39,최면 당한 거임?,
03:30:19.03,03:30:39.30,그럼 입에서 침 줄줄 흐르는 걸로 부탁해요 그치?,
03:30:39.32,03:30:40.52,크아 루시 송곳니를 세우면,
03:30:56.28,03:31:23.97,이 정도면 채색을 해도 되려나?,
03:31:24.41,03:31:25.07,얘가 그 뭐냐게?,
03:31:25.09,03:31:25.17,늦구임?,
03:31:29.64,03:31:49.08,이렇게 하고 살짝 좀 더 연한 느낌으로 이렇게 해서 살색을,
03:31:55.61,03:32:17.02,생각해보니 로시 인게임 소속이 엔드필드 공업인데 그럼 공장 직임 그것도 현장 직임 깨달았다 레바 형 이거 채색한 다음 비상비상 하면 아이 참 뭐 이정도로 그럼 어차피 19금도 걸렸는데 오늘은 이쯤 할까요?,
03:32:17.04,03:32:18.00,하고 까려는 속셈이지?,
03:32:20.32,03:32:20.60,난 다 알아 아니라면 미안,
03:32:21.17,03:32:24.52,아니 이런 거 그려도 난리야.,
03:32:24.54,03:32:27.24,평소에 안 그린다고 뭐라 하더만.,
03:32:27.26,03:32:34.77,근데 뭔가 꼬리 위치가 꼬리가 아니라 19금 장난감 위치 같냐?,
03:32:34.79,03:32:49.68,좌우 반전시킬 때마다 고양이 오이야이 하는 것 같음.,
03:32:49.70,03:32:49.76,자 또,
03:32:52.78,03:33:14.64,눈가리 음영 파주고 흰색이니까 여기 파주고 빨간색,
03:33:50.76,03:34:07.82,나 대전 20년 도박이인데 늑구가 이렇게 생겼으면 바지 벗고 찾을 자신 있다 ㅇㅇ 오버레이?,
03:34:07.84,03:34:18.58,크하하하하하 하씨 내가 진짜 그런 취향은 아닌데 체색까지 사랑해 형 아~~ 고맙습니다,
03:34:30.35,03:34:40.64,자 이제 그림자를 좀 해볼까요 애니에서 어쩌다 저런 야생의 에이프런을 본 것 같은데 내 착각일 수 있고?,
03:34:40.67,03:34:56.54,물론 앞은 가려져 있어서 오해 노노 꼬리가 위치가 저기가 맞냐 알게 뭐야,
03:34:58.75,03:35:22.25,밀도가 높은 캐릭터를 쉽게 그리는 방법 옷을 벗겨서 밀도를 낮추면 된다 오늘도 강해 고마워 형 아 고마워요 진짜 말랑 쫀득해 보이네 어흑 어흑 고맙다 진짜 고맙다 진짜 진짜 어흑 흐흑,
03:35:42.64,03:36:09.97,머리카락 그림자까지 관리자라서 여캐라서 이렇게 에이프런으로 있는건가?,
03:36:13.86,03:36:24.45,레바형 루시는 들였을 때 가슴이 바닥에 닿을 정도의 가슴이 없어 보이는데 아니 뭐 그렇다고 지금은 닿는다 쳐 그러면,
03:36:44.56,03:36:51.95,눈을 하얗게 해주고,
03:37:35.71,03:37:45.41,님들 이 그림 보신 후에 레바 유튜브 영상 돼지면 돼지답게 많은 시청 바랍니다.,
03:37:46.64,03:37:46.70,망칸부,
03:38:53.16,03:38:56.13,이건 완전 알몸독의 자잖아.,
03:38:56.15,03:39:14.51,크크.,
03:39:14.53,03:39:21.84,분유가 통 안에 따뜻한 곳에서 잘 섞이도록 정성스럽게 흔들어주고 싶네.,
03:39:25.46,03:39:45.80,허리를 좀 더 잘록하게 라인을 잡을까,
03:39:56.21,03:40:07.86,아니 꼬리 위치가 왜 이래요?,
03:40:07.88,03:40:08.46,약간은 살집이 있는 스타일도 괜찮을 것 같기도 하고,
03:40:34.41,03:40:57.55,시야 추출기 시야고 눈 밑 그림자도 살짝 해주고요,
03:41:05.41,03:41:30.83,오버레이로 만들자 만들자 만들자 만들자 어둠의 실력자가 되고 싶어서 인가 그 수인도 주인을 덮치는 자세를 본 적이 있는 것 같은데 걔도 관리자한테 덮치려는 준비 자세인 건가?,
03:41:32.53,03:41:41.63,와!,
03:41:41.65,03:41:50.88,홍조 띤 표정!,
03:41:52.03,03:41:54.27,으흐흐흐흐흐흐흐흐흐흐흐흐흐흐흐흐흐흐흐흐흐흐흐흐흐흐흐흐흐흐흐흐흐흐흐흐흐흐흐흐흐흐흐흐흐흐흐흐흐흐흐흐흐흐흐흐흐흐흐흐흐흐흐흐흐흐흐흐흐흐흐흐흐흐흐흐흐흐흐흐흐흐흐흐흐흐흐흐흐흐흐흐흐흐흐흐흐흐흐흐흐흐흐흐흐흐흐,
03:42:10.48,03:42:39.54,여기서 가슴 눌린 걸 좀 더 뽀얗게 하얗게 녹여서,
03:42:55.02,03:43:07.25,언젠간 꼭 로시가 영역표시 한 곳을 찾아내고야 말겠다,
03:43:46.57,03:43:51.52,여기서 이제 발광 닷지 하드라이트 같은걸로,
03:44:17.37,03:44:40.44,엉덩이 라인을 깎아주고 눈 색을 살짝만 더 진하게 잡아도 되겠는데,
03:44:46.09,03:45:12.11,아멘,
03:45:24.38,03:45:49.51,"음... 자, 뭐...",
03:45:51.85,03:46:09.93,약간 그쪽을 좀 넣어줄거야 갈비라인이 도드라지게 갈비라인 말고 갈비 씨발,
03:46:21.80,03:46:23.92,내일 뭐 할 거임?,
03:46:23.94,03:46:51.03,내일도 뭐 별일 없으면 그림방송 하지 않을까요?,
03:47:07.06,03:47:17.09,레바형 궁금한 게 옛날 성희롱 오지게 해대던 램챔 트위치 시절이랑 뭐만 하면 버튜버 껄떡된다고 지랄해대는 버튜버 슬레이브 중에 어떤 게 나은 것 같음?,
03:47:24.64,03:47:24.98,별로 비교를 하고 싶지 않은데?,
03:47:37.72,03:48:05.54,살짝만 연하게 하는 것도,
03:48:11.68,03:48:16.28,옆에 신고 안 오는 게 신기하다고?,
03:48:16.34,03:48:17.68,그런가?,
03:48:17.70,03:48:17.94,엉덩이는 괜찮나?,
03:48:18.02,03:48:31.95,가슴은 나오신데 엉덩이는 괜찮은 건가?,
03:48:32.30,03:48:34.95,침묵해봐 이 지랄하네 하지마 미친놈아,
03:48:49.66,03:49:19.43,그쵸?,
03:49:20.42,03:49:34.69,모니터링단 취향이라 봐줬나 봄,
03:50:01.70,03:50:30.48,그니까 베지털을 야하다고 생각해서 신고한 사람이 있다는 거잖아?,
03:50:30.50,03:50:30.56,그치?,
03:50:30.58,03:50:30.66,음...,
03:50:40.38,03:51:00.73,웹툰 연출이었으면 이렇게 스크롤러 보면서 엉덩이부터 이렇게 보여가지고 이렇게 얼굴까지 이런 느낌 연출도 될텐데,
03:51:12.78,03:51:13.20,레바야?,
03:51:14.08,03:51:15.56,블루님은 안 된다.,
03:51:15.88,03:51:18.04,인자 있는 몸이시다.,
03:51:36.83,03:51:37.61,뭐라는 거야 갑자기?,
03:51:37.63,03:51:38.11,저 멍덩이를 흔들흔들 하는 느낌으로 그릴까?,
03:51:50.31,03:52:07.22,비상 왜 건방진 놈 당했다고요?,
03:52:07.24,03:52:18.15,속옷 입히지 뭐 아쉽게 됐습니다 이런 걸로 경고를 먹이네 어이가 없다 진짜 이번 주도 또 변기막으로 가야 하는 내 마음도 이해해줘라 제발,
03:52:58.62,03:53:05.33,이 순간에도 치지직은 아무것도.,
03:53:05.35,03:53:15.80,예전에 아로들박도 평고 먹었던 거 생각하면 이거 걸릴 것 같다 생각하는데 역시나군.,
03:53:15.82,03:53:18.57,근데 이렇게 그리고 나니 더더욱 꼬리 위치가 어흑.,
03:53:29.31,03:53:32.76,레바야 아까 신고한다는 니들 싹 다 잡아야 하는 거 아니냐?,
03:53:32.78,03:53:36.41,여기 배신자가 몇 명 있는데 색출해야겠지?,
03:53:37.15,03:53:51.89,네 여기에 배신자가 있나봐,
03:54:07.11,03:54:09.58,여기서 다시 원본을 보고 싶다고요?,
03:54:09.60,03:54:11.28,그럼 숄더를 구독하세요.,
03:54:11.30,03:54:12.56,근데 문제가 뭐냐고요?,
03:54:13.14,03:54:15.93,언제 올라올지 몰라서 전 구독 취소했다는 거예요.,
03:54:16.05,03:54:17.63,화이팅!,
03:54:17.65,03:54:21.18,저번 주엔 바로 올렸어.,
03:54:21.20,03:54:31.65,배신자이긴 영원한 퇴장을 좀 더 엉덩이 모양을,
03:54:32.56,03:54:53.11,꿍꿍덩이로 만들어야겠다 이게 마지막 그림이었는데?,
03:54:54.91,03:55:01.32,신고 들어왔으면 그만해야지 뭐 그게 정도이지,
03:55:14.75,03:55:27.92,"와... 채도 높으면 내가 약간 70, 80년대 그림 되네?",
03:55:27.94,03:55:31.85,그래도 예쁜 그림 고마워요 아이 고마워요,
03:55:49.88,03:56:17.43,마지막 그림이라고 그럼 이제 배그고 그럴까 뭔가 가슴 사이가 부족하다 했더니 좀 나아졌고,
03:56:25.83,03:56:33.06,1분 1분 내로 방종을 불러오기로 결정했다.,
03:56:33.08,03:56:35.18,아까 신고한다고 한 잎들 싹 다 저장해뒀다.,
03:56:35.20,03:56:42.85,다시 보기로 배신자들 어디에 투표했는지 하나하나 다 찾아둔다 딱 기다려라.,
03:56:42.87,03:56:46.70,너 시간 많은 사람을 와채도 높게 하니까 늑대와 향신료 여주 어려진 줄 알았어.,
03:56:47.16,03:56:52.69,형 한 그림에 두 개의 모습을 보여주다니 역시 형이야.,
03:56:53.83,03:56:54.25,약간 둘 다 약간 비슷한 결이긴 하죠.,
03:56:58.48,03:57:23.22,와 근데 뻐근이 생각보다 담백한 표현이에요 여기서 획만 몇 개 추가되면 더 끔찍한다던데 이게 근에서 끔으로 바뀌면 뻐금이 되거든요 그러면 좀 많이 별로가 돼,
03:57:24.33,03:57:52.55,근데 생각해보면 형 나이 때 생각하면 헤드가 가장 적당한 게임이긴 헤이응 딱 10대들은 발로란트하고 20대들은 놀하고 30대들은 헤드하고 40대들은 스카하고 50대들은 리니지 하더라 리을리응 시청자 왜 이렇게까지 방송을 막으려는지 난 방송하면 갈 곳이 없다고,
03:57:56.06,03:57:59.64,자 아무튼 오늘 그러면 여기까지고요.,
03:57:59.66,03:58:04.19,이따가 배그를 하도록 하겠습니다.,
03:58:04.21,03:58:09.37,지금이 15분이니까 한 30분쯤에 돌아오도록 할게요.,
03:58:09.39,03:58:15.54,아무튼 다들 오늘도 감사합니다.,
03:58:16.04,03:58:25.33,오늘도 딱 4개 그렸네요.,
03:58:25.35,03:58:25.55,아무튼 이따 봐요.,
03:58:25.57,03:58:25.61,하이,
03:58:29.47,03:58:30.99,졸립다고 안 오는 거 아니지?,
