날짜,N부,파일명,메모,방송분류
20260412,,20260412_321.png,321,20260412
20260412,,20260412.png,,20260412
20260412,,20260412_321.png,321,20260412
20260412,,20260412_321.png,321,20260412
20260411,2,20260411-2_123.png,123,20260411-2
20260411,2,20260411-2_345.png,345,20260411-2
20260411,2,20260411-2_123.png,123,20260411-2
20260411,2,20260411-2_123.png,123,20260411-2
20260411,2,20260411-2_123.png,123,20260411-2_게임
20260411,2,20260411-2_345.png,345,20260411-2_게임
20260411,2,20260411-2_123.png,123,20260411-2_게임
20260411,2,20260411-2_123.png,123,20260411-2_게임
